"sf__Id","sf__Error","Id","Status"
"1pgVY000000003HYAQ","FIELD_CUSTOM_VALIDATION_EXCEPTION:Complete Date should not be populated if Status is Not Started, In Progress or Canceled.:--","1pgVY000000003HYAQ","Canceled"
"1pgVY000000003IYAQ","FIELD_CUSTOM_VALIDATION_EXCEPTION:Complete Date should not be populated if Status is Not Started, In Progress or Canceled.:--","1pgVY000000003IYAQ","Canceled"
"1pgVY000000003OYAQ","FIELD_CUSTOM_VALIDATION_EXCEPTION:Complete Date should not be populated if Status is Not Started, In Progress or Canceled.:--","1pgVY000000003OYAQ","Canceled"
"1pgVY000000003SYAQ","FIELD_CUSTOM_VALIDATION_EXCEPTION:Complete Date should not be populated if Status is Not Started, In Progress or Canceled.:--","1pgVY000000003SYAQ","Canceled"
"1pgVY000000003nYAA","FIELD_CUSTOM_VALIDATION_EXCEPTION:Complete Date should not be populated if Status is Not Started, In Progress or Canceled.:--","1pgVY000000003nYAA","Canceled"
"1pgVY000000003oYAA","FIELD_CUSTOM_VALIDATION_EXCEPTION:Complete Date should not be populated if Status is Not Started, In Progress or Canceled.:--","1pgVY000000003oYAA","Canceled"
"1pgVY0000000049YAA","FIELD_CUSTOM_VALIDATION_EXCEPTION:Complete Date should not be populated if Status is Not Started, In Progress or Canceled.:--","1pgVY0000000049YAA","Canceled"
"1pgVY000000004DYAQ","FIELD_CUSTOM_VALIDATION_EXCEPTION:Complete Date should not be populated if Status is Not Started, In Progress or Canceled.:--","1pgVY000000004DYAQ","Canceled"
"1pgVY000000004EYAQ","FIELD_CUSTOM_VALIDATION_EXCEPTION:Complete Date should not be populated if Status is Not Started, In Progress or Canceled.:--","1pgVY000000004EYAQ","Canceled"
"1pgVY000000004FYAQ","FIELD_CUSTOM_VALIDATION_EXCEPTION:Complete Date should not be populated if Status is Not Started, In Progress or Canceled.:--","1pgVY000000004FYAQ","Canceled"
"1pgVY000000004HYAQ","FIELD_CUSTOM_VALIDATION_EXCEPTION:Complete Date should not be populated if Status is Not Started, In Progress or Canceled.:--","1pgVY000000004HYAQ","Canceled"
"1pgVY000000004IYAQ","FIELD_CUSTOM_VALIDATION_EXCEPTION:Complete Date should not be populated if Status is Not Started, In Progress or Canceled.:--","1pgVY000000004IYAQ","Canceled"
"1pgVY000000004JYAQ","FIELD_CUSTOM_VALIDATION_EXCEPTION:Complete Date should not be populated if Status is Not Started, In Progress or Canceled.:--","1pgVY000000004JYAQ","Canceled"
"1pgVY0000000059YAA","FIELD_CUSTOM_VALIDATION_EXCEPTION:Complete Date should not be populated if Status is Not Started, In Progress or Canceled.:--","1pgVY0000000059YAA","Canceled"
"1pgVY000000005GYAQ","FIELD_CUSTOM_VALIDATION_EXCEPTION:Complete Date should not be populated if Status is Not Started, In Progress or Canceled.:--","1pgVY000000005GYAQ","Canceled"
"1pgVY000000005HYAQ","FIELD_CUSTOM_VALIDATION_EXCEPTION:Complete Date should not be populated if Status is Not Started, In Progress or Canceled.:--","1pgVY000000005HYAQ","Canceled"
"1pgVY000000005IYAQ","FIELD_CUSTOM_VALIDATION_EXCEPTION:Complete Date should not be populated if Status is Not Started, In Progress or Canceled.:--","1pgVY000000005IYAQ","Canceled"
"1pgVY000000005KYAQ","FIELD_CUSTOM_VALIDATION_EXCEPTION:Complete Date should not be populated if Status is Not Started, In Progress or Canceled.:--","1pgVY000000005KYAQ","Canceled"
"1pgVY000000005LYAQ","FIELD_CUSTOM_VALIDATION_EXCEPTION:Complete Date should not be populated if Status is Not Started, In Progress or Canceled.:--","1pgVY000000005LYAQ","Canceled"
"1pgVY000000005MYAQ","FIELD_CUSTOM_VALIDATION_EXCEPTION:Complete Date should not be populated if Status is Not Started, In Progress or Canceled.:--","1pgVY000000005MYAQ","Canceled"
"1pgVY000000005WYAQ","FIELD_CUSTOM_VALIDATION_EXCEPTION:Complete Date should not be populated if Status is Not Started, In Progress or Canceled.:--","1pgVY000000005WYAQ","Canceled"
"1pgVY000000005XYAQ","FIELD_CUSTOM_VALIDATION_EXCEPTION:Complete Date should not be populated if Status is Not Started, In Progress or Canceled.:--","1pgVY000000005XYAQ","Canceled"
"1pgVY000000005cYAA","FIELD_CUSTOM_VALIDATION_EXCEPTION:Complete Date should not be populated if Status is Not Started, In Progress or Canceled.:--","1pgVY000000005cYAA","Canceled"
"1pgVY000000005dYAA","FIELD_CUSTOM_VALIDATION_EXCEPTION:Complete Date should not be populated if Status is Not Started, In Progress or Canceled.:--","1pgVY000000005dYAA","Canceled"
"1pgVY000000005eYAA","FIELD_CUSTOM_VALIDATION_EXCEPTION:Complete Date should not be populated if Status is Not Started, In Progress or Canceled.:--","1pgVY000000005eYAA","Canceled"
"1pgVY000000005kYAA","FIELD_CUSTOM_VALIDATION_EXCEPTION:Complete Date should not be populated if Status is Not Started, In Progress or Canceled.:--","1pgVY000000005kYAA","Canceled"
"1pgVY000000005mYAA","FIELD_CUSTOM_VALIDATION_EXCEPTION:Complete Date should not be populated if Status is Not Started, In Progress or Canceled.:--","1pgVY000000005mYAA","Canceled"
"1pgVY000000005nYAA","FIELD_CUSTOM_VALIDATION_EXCEPTION:Complete Date should not be populated if Status is Not Started, In Progress or Canceled.:--","1pgVY000000005nYAA","Canceled"
"1pgVY000000005oYAA","FIELD_CUSTOM_VALIDATION_EXCEPTION:Complete Date should not be populated if Status is Not Started, In Progress or Canceled.:--","1pgVY000000005oYAA","Canceled"
"1pgVY000000005sYAA","FIELD_CUSTOM_VALIDATION_EXCEPTION:Complete Date should not be populated if Status is Not Started, In Progress or Canceled.:--","1pgVY000000005sYAA","Canceled"
"1pgVY000000005tYAA","FIELD_CUSTOM_VALIDATION_EXCEPTION:Complete Date should not be populated if Status is Not Started, In Progress or Canceled.:--","1pgVY000000005tYAA","Canceled"
"1pgVY000000005uYAA","FIELD_CUSTOM_VALIDATION_EXCEPTION:Complete Date should not be populated if Status is Not Started, In Progress or Canceled.:--","1pgVY000000005uYAA","Canceled"
"1pgVY000000005vYAA","FIELD_CUSTOM_VALIDATION_EXCEPTION:Complete Date should not be populated if Status is Not Started, In Progress or Canceled.:--","1pgVY000000005vYAA","Canceled"
"1pgVY000000005wYAA","FIELD_CUSTOM_VALIDATION_EXCEPTION:Complete Date should not be populated if Status is Not Started, In Progress or Canceled.:--","1pgVY000000005wYAA","Canceled"
"1pgVY00000000COYAY","FIELD_CUSTOM_VALIDATION_EXCEPTION:Complete Date should not be populated if Status is Not Started, In Progress or Canceled.:--","1pgVY00000000COYAY","Canceled"
"1pgVY00000000CPYAY","FIELD_CUSTOM_VALIDATION_EXCEPTION:Complete Date should not be populated if Status is Not Started, In Progress or Canceled.:--","1pgVY00000000CPYAY","Canceled"
"1pgVY00000000CUYAY","FIELD_CUSTOM_VALIDATION_EXCEPTION:Complete Date should not be populated if Status is Not Started, In Progress or Canceled.:--","1pgVY00000000CUYAY","Canceled"
"1pgVY00000000CWYAY","FIELD_CUSTOM_VALIDATION_EXCEPTION:Complete Date should not be populated if Status is Not Started, In Progress or Canceled.:--","1pgVY00000000CWYAY","Canceled"
"1pgVY00000000CYYAY","FIELD_CUSTOM_VALIDATION_EXCEPTION:Complete Date should not be populated if Status is Not Started, In Progress or Canceled.:--","1pgVY00000000CYYAY","Canceled"
"1pgVY00000000CZYAY","FIELD_CUSTOM_VALIDATION_EXCEPTION:Complete Date should not be populated if Status is Not Started, In Progress or Canceled.:--","1pgVY00000000CZYAY","Canceled"
"1pgVY00000000CdYAI","FIELD_CUSTOM_VALIDATION_EXCEPTION:Complete Date should not be populated if Status is Not Started, In Progress or Canceled.:--","1pgVY00000000CdYAI","Canceled"
"1pgVY00000000CeYAI","FIELD_CUSTOM_VALIDATION_EXCEPTION:Complete Date should not be populated if Status is Not Started, In Progress or Canceled.:--","1pgVY00000000CeYAI","Canceled"
"1pgVY00000000CiYAI","FIELD_CUSTOM_VALIDATION_EXCEPTION:Complete Date should not be populated if Status is Not Started, In Progress or Canceled.:--","1pgVY00000000CiYAI","Canceled"
"1pgVY00000000CjYAI","FIELD_CUSTOM_VALIDATION_EXCEPTION:Complete Date should not be populated if Status is Not Started, In Progress or Canceled.:--","1pgVY00000000CjYAI","Canceled"
"1pgVY00000000CkYAI","FIELD_CUSTOM_VALIDATION_EXCEPTION:Complete Date should not be populated if Status is Not Started, In Progress or Canceled.:--","1pgVY00000000CkYAI","Canceled"
"1pgVY00000000CmYAI","FIELD_CUSTOM_VALIDATION_EXCEPTION:Complete Date should not be populated if Status is Not Started, In Progress or Canceled.:--","1pgVY00000000CmYAI","Canceled"
"1pgVY00000000CnYAI","FIELD_CUSTOM_VALIDATION_EXCEPTION:Complete Date should not be populated if Status is Not Started, In Progress or Canceled.:--","1pgVY00000000CnYAI","Canceled"
"1pgVY00000000CoYAI","FIELD_CUSTOM_VALIDATION_EXCEPTION:Complete Date should not be populated if Status is Not Started, In Progress or Canceled.:--","1pgVY00000000CoYAI","Canceled"
"1pgVY00000000CrYAI","FIELD_CUSTOM_VALIDATION_EXCEPTION:Complete Date should not be populated if Status is Not Started, In Progress or Canceled.:--","1pgVY00000000CrYAI","Canceled"
"1pgVY00000000CsYAI","FIELD_CUSTOM_VALIDATION_EXCEPTION:Complete Date should not be populated if Status is Not Started, In Progress or Canceled.:--","1pgVY00000000CsYAI","Canceled"
"1pgVY00000000G5YAI","FIELD_CUSTOM_VALIDATION_EXCEPTION:Complete Date should not be populated if Status is Not Started, In Progress or Canceled.:--","1pgVY00000000G5YAI","Canceled"
"1pgVY00000000G9YAI","FIELD_CUSTOM_VALIDATION_EXCEPTION:Complete Date should not be populated if Status is Not Started, In Progress or Canceled.:--","1pgVY00000000G9YAI","Canceled"
"1pgVY00000000GBYAY","FIELD_CUSTOM_VALIDATION_EXCEPTION:Complete Date should not be populated if Status is Not Started, In Progress or Canceled.:--","1pgVY00000000GBYAY","Canceled"
"1pgVY00000000GCYAY","FIELD_CUSTOM_VALIDATION_EXCEPTION:Complete Date should not be populated if Status is Not Started, In Progress or Canceled.:--","1pgVY00000000GCYAY","Canceled"
"1pgVY00000000GDYAY","FIELD_CUSTOM_VALIDATION_EXCEPTION:Complete Date should not be populated if Status is Not Started, In Progress or Canceled.:--","1pgVY00000000GDYAY","Canceled"
"1pgVY00000000GFYAY","FIELD_CUSTOM_VALIDATION_EXCEPTION:Complete Date should not be populated if Status is Not Started, In Progress or Canceled.:--","1pgVY00000000GFYAY","Canceled"
"1pgVY00000000GGYAY","FIELD_CUSTOM_VALIDATION_EXCEPTION:Complete Date should not be populated if Status is Not Started, In Progress or Canceled.:--","1pgVY00000000GGYAY","Canceled"
"1pgVY00000000GNYAY","FIELD_CUSTOM_VALIDATION_EXCEPTION:Complete Date should not be populated if Status is Not Started, In Progress or Canceled.:--","1pgVY00000000GNYAY","Canceled"
"1pgVY00000000GPYAY","FIELD_CUSTOM_VALIDATION_EXCEPTION:Complete Date should not be populated if Status is Not Started, In Progress or Canceled.:--","1pgVY00000000GPYAY","Canceled"
"1pgVY00000000GQYAY","FIELD_CUSTOM_VALIDATION_EXCEPTION:Complete Date should not be populated if Status is Not Started, In Progress or Canceled.:--","1pgVY00000000GQYAY","Canceled"
"1pgVY00000000GRYAY","FIELD_CUSTOM_VALIDATION_EXCEPTION:Complete Date should not be populated if Status is Not Started, In Progress or Canceled.:--","1pgVY00000000GRYAY","Canceled"
"1pgVY00000000MdYAI","FIELD_CUSTOM_VALIDATION_EXCEPTION:Complete Date should not be populated if Status is Not Started, In Progress or Canceled.:--","1pgVY00000000MdYAI","Canceled"
"1pgVY00000000PEYAY","FIELD_CUSTOM_VALIDATION_EXCEPTION:Complete Date should not be populated if Status is Not Started, In Progress or Canceled.:--","1pgVY00000000PEYAY","Canceled"
"1pgVY00000000PPYAY","FIELD_CUSTOM_VALIDATION_EXCEPTION:Complete Date should not be populated if Status is Not Started, In Progress or Canceled.:--","1pgVY00000000PPYAY","Canceled"
"1pgVY00000000PQYAY","FIELD_CUSTOM_VALIDATION_EXCEPTION:Complete Date should not be populated if Status is Not Started, In Progress or Canceled.:--","1pgVY00000000PQYAY","Canceled"
"1pgVY00000000TwYAI","FIELD_CUSTOM_VALIDATION_EXCEPTION:Complete Date should not be populated if Status is Not Started, In Progress or Canceled.:--","1pgVY00000000TwYAI","Canceled"
"1pgVY00000000TxYAI","FIELD_CUSTOM_VALIDATION_EXCEPTION:Complete Date should not be populated if Status is Not Started, In Progress or Canceled.:--","1pgVY00000000TxYAI","Canceled"
"1pgVY00000000TyYAI","FIELD_CUSTOM_VALIDATION_EXCEPTION:Complete Date should not be populated if Status is Not Started, In Progress or Canceled.:--","1pgVY00000000TyYAI","Canceled"
"1pgVY00000000U2YAI","FIELD_CUSTOM_VALIDATION_EXCEPTION:Complete Date should not be populated if Status is Not Started, In Progress or Canceled.:--","1pgVY00000000U2YAI","Canceled"
"1pgVY00000000U4YAI","FIELD_CUSTOM_VALIDATION_EXCEPTION:Complete Date should not be populated if Status is Not Started, In Progress or Canceled.:--","1pgVY00000000U4YAI","Canceled"
"1pgVY00000000U5YAI","FIELD_CUSTOM_VALIDATION_EXCEPTION:Complete Date should not be populated if Status is Not Started, In Progress or Canceled.:--","1pgVY00000000U5YAI","Canceled"
"1pgVY00000000U8YAI","FIELD_CUSTOM_VALIDATION_EXCEPTION:Complete Date should not be populated if Status is Not Started, In Progress or Canceled.:--","1pgVY00000000U8YAI","Canceled"
"1pgVY00000000UGYAY","FIELD_CUSTOM_VALIDATION_EXCEPTION:Complete Date should not be populated if Status is Not Started, In Progress or Canceled.:--","1pgVY00000000UGYAY","Canceled"
"1pgVY00000000UHYAY","FIELD_CUSTOM_VALIDATION_EXCEPTION:Complete Date should not be populated if Status is Not Started, In Progress or Canceled.:--","1pgVY00000000UHYAY","Canceled"
"1pgVY00000000VLYAY","FIELD_CUSTOM_VALIDATION_EXCEPTION:Complete Date should not be populated if Status is Not Started, In Progress or Canceled.:--","1pgVY00000000VLYAY","Canceled"
"1pgVY00000000VMYAY","FIELD_CUSTOM_VALIDATION_EXCEPTION:Complete Date should not be populated if Status is Not Started, In Progress or Canceled.:--","1pgVY00000000VMYAY","Canceled"
"1pgVY00000000VcYAI","FIELD_CUSTOM_VALIDATION_EXCEPTION:Complete Date should not be populated if Status is Not Started, In Progress or Canceled.:--","1pgVY00000000VcYAI","Canceled"
"1pgVY00000000VgYAI","FIELD_CUSTOM_VALIDATION_EXCEPTION:Complete Date should not be populated if Status is Not Started, In Progress or Canceled.:--","1pgVY00000000VgYAI","Canceled"
"1pgVY00000000ViYAI","FIELD_CUSTOM_VALIDATION_EXCEPTION:Complete Date should not be populated if Status is Not Started, In Progress or Canceled.:--","1pgVY00000000ViYAI","Canceled"
"1pgVY00000000VmYAI","FIELD_CUSTOM_VALIDATION_EXCEPTION:Complete Date should not be populated if Status is Not Started, In Progress or Canceled.:--","1pgVY00000000VmYAI","Canceled"
"1pgVY00000000VoYAI","FIELD_CUSTOM_VALIDATION_EXCEPTION:Complete Date should not be populated if Status is Not Started, In Progress or Canceled.:--","1pgVY00000000VoYAI","Canceled"
"1pgVY00000000VqYAI","FIELD_CUSTOM_VALIDATION_EXCEPTION:Complete Date should not be populated if Status is Not Started, In Progress or Canceled.:--","1pgVY00000000VqYAI","Canceled"
"1pgVY00000000VtYAI","FIELD_CUSTOM_VALIDATION_EXCEPTION:Complete Date should not be populated if Status is Not Started, In Progress or Canceled.:--","1pgVY00000000VtYAI","Canceled"
"1pgVY00000000VuYAI","FIELD_CUSTOM_VALIDATION_EXCEPTION:Complete Date should not be populated if Status is Not Started, In Progress or Canceled.:--","1pgVY00000000VuYAI","Canceled"
"1pgVY00000000aOYAQ","FIELD_CUSTOM_VALIDATION_EXCEPTION:Complete Date should not be populated if Status is Not Started, In Progress or Canceled.:--","1pgVY00000000aOYAQ","Canceled"
"1pgVY00000000aPYAQ","FIELD_CUSTOM_VALIDATION_EXCEPTION:Complete Date should not be populated if Status is Not Started, In Progress or Canceled.:--","1pgVY00000000aPYAQ","Canceled"
"1pgVY00000000aoYAA","FIELD_CUSTOM_VALIDATION_EXCEPTION:Complete Date should not be populated if Status is Not Started, In Progress or Canceled.:--","1pgVY00000000aoYAA","Canceled"
"1pgVY00000000apYAA","FIELD_CUSTOM_VALIDATION_EXCEPTION:Complete Date should not be populated if Status is Not Started, In Progress or Canceled.:--","1pgVY00000000apYAA","Canceled"
"1pgVY00000000aqYAA","FIELD_CUSTOM_VALIDATION_EXCEPTION:Complete Date should not be populated if Status is Not Started, In Progress or Canceled.:--","1pgVY00000000aqYAA","Canceled"
"1pgVY00000000bMYAQ","FIELD_CUSTOM_VALIDATION_EXCEPTION:Complete Date should not be populated if Status is Not Started, In Progress or Canceled.:--","1pgVY00000000bMYAQ","Canceled"
"1pgVY00000000bNYAQ","FIELD_CUSTOM_VALIDATION_EXCEPTION:Complete Date should not be populated if Status is Not Started, In Progress or Canceled.:--","1pgVY00000000bNYAQ","Canceled"
"1pgVY00000000bOYAQ","FIELD_CUSTOM_VALIDATION_EXCEPTION:Complete Date should not be populated if Status is Not Started, In Progress or Canceled.:--","1pgVY00000000bOYAQ","Canceled"
"1pgVY00000000bPYAQ","FIELD_CUSTOM_VALIDATION_EXCEPTION:Complete Date should not be populated if Status is Not Started, In Progress or Canceled.:--","1pgVY00000000bPYAQ","Canceled"
"1pgVY00000000bQYAQ","FIELD_CUSTOM_VALIDATION_EXCEPTION:Complete Date should not be populated if Status is Not Started, In Progress or Canceled.:--","1pgVY00000000bQYAQ","Canceled"
"1pgVY00000000bRYAQ","FIELD_CUSTOM_VALIDATION_EXCEPTION:Complete Date should not be populated if Status is Not Started, In Progress or Canceled.:--","1pgVY00000000bRYAQ","Canceled"
"1pgVY00000000bSYAQ","FIELD_CUSTOM_VALIDATION_EXCEPTION:Complete Date should not be populated if Status is Not Started, In Progress or Canceled.:--","1pgVY00000000bSYAQ","Canceled"
"1pgVY00000000bTYAQ","FIELD_CUSTOM_VALIDATION_EXCEPTION:Complete Date should not be populated if Status is Not Started, In Progress or Canceled.:--","1pgVY00000000bTYAQ","Canceled"
"1pgVY00000000c6YAA","FIELD_CUSTOM_VALIDATION_EXCEPTION:Complete Date should not be populated if Status is Not Started, In Progress or Canceled.:--","1pgVY00000000c6YAA","Canceled"
"1pgVY00000000c7YAA","FIELD_CUSTOM_VALIDATION_EXCEPTION:Complete Date should not be populated if Status is Not Started, In Progress or Canceled.:--","1pgVY00000000c7YAA","Canceled"
"1pgVY00000000c8YAA","FIELD_CUSTOM_VALIDATION_EXCEPTION:Complete Date should not be populated if Status is Not Started, In Progress or Canceled.:--","1pgVY00000000c8YAA","Canceled"
"1pgVY00000000c9YAA","FIELD_CUSTOM_VALIDATION_EXCEPTION:Complete Date should not be populated if Status is Not Started, In Progress or Canceled.:--","1pgVY00000000c9YAA","Canceled"
"1pgVY00000000cAYAQ","FIELD_CUSTOM_VALIDATION_EXCEPTION:Complete Date should not be populated if Status is Not Started, In Progress or Canceled.:--","1pgVY00000000cAYAQ","Canceled"
"1pgVY00000000cDYAQ","FIELD_CUSTOM_VALIDATION_EXCEPTION:Complete Date should not be populated if Status is Not Started, In Progress or Canceled.:--","1pgVY00000000cDYAQ","Canceled"
"1pgVY00000000cEYAQ","FIELD_CUSTOM_VALIDATION_EXCEPTION:Complete Date should not be populated if Status is Not Started, In Progress or Canceled.:--","1pgVY00000000cEYAQ","Canceled"
"1pgVY00000000cFYAQ","FIELD_CUSTOM_VALIDATION_EXCEPTION:Complete Date should not be populated if Status is Not Started, In Progress or Canceled.:--","1pgVY00000000cFYAQ","Canceled"
"1pgVY00000000cRYAQ","FIELD_CUSTOM_VALIDATION_EXCEPTION:Complete Date should not be populated if Status is Not Started, In Progress or Canceled.:--","1pgVY00000000cRYAQ","Canceled"
"1pgVY00000000cSYAQ","FIELD_CUSTOM_VALIDATION_EXCEPTION:Complete Date should not be populated if Status is Not Started, In Progress or Canceled.:--","1pgVY00000000cSYAQ","Canceled"
"1pgVY00000000cTYAQ","FIELD_CUSTOM_VALIDATION_EXCEPTION:Complete Date should not be populated if Status is Not Started, In Progress or Canceled.:--","1pgVY00000000cTYAQ","Canceled"
"1pgVY00000000cXYAQ","FIELD_CUSTOM_VALIDATION_EXCEPTION:Complete Date should not be populated if Status is Not Started, In Progress or Canceled.:--","1pgVY00000000cXYAQ","Canceled"
"1pgVY00000000cYYAQ","FIELD_CUSTOM_VALIDATION_EXCEPTION:Complete Date should not be populated if Status is Not Started, In Progress or Canceled.:--","1pgVY00000000cYYAQ","Canceled"
"1pgVY00000000cZYAQ","FIELD_CUSTOM_VALIDATION_EXCEPTION:Complete Date should not be populated if Status is Not Started, In Progress or Canceled.:--","1pgVY00000000cZYAQ","Canceled"
"1pgVY00000000cbYAA","FIELD_CUSTOM_VALIDATION_EXCEPTION:Complete Date should not be populated if Status is Not Started, In Progress or Canceled.:--","1pgVY00000000cbYAA","Canceled"
"1pgVY00000000gCYAQ","FIELD_CUSTOM_VALIDATION_EXCEPTION:Complete Date should not be populated if Status is Not Started, In Progress or Canceled.:--","1pgVY00000000gCYAQ","Canceled"
"1pgVY00000000iYYAQ","FIELD_CUSTOM_VALIDATION_EXCEPTION:Complete Date should not be populated if Status is Not Started, In Progress or Canceled.:--","1pgVY00000000iYYAQ","Canceled"
"1pgVY00000000iZYAQ","FIELD_CUSTOM_VALIDATION_EXCEPTION:Complete Date should not be populated if Status is Not Started, In Progress or Canceled.:--","1pgVY00000000iZYAQ","Canceled"
"1pgVY00000000mmYAA","FIELD_CUSTOM_VALIDATION_EXCEPTION:Complete Date should not be populated if Status is Not Started, In Progress or Canceled.:--","1pgVY00000000mmYAA","Canceled"
"1pgVY00000000moYAA","FIELD_CUSTOM_VALIDATION_EXCEPTION:Complete Date should not be populated if Status is Not Started, In Progress or Canceled.:--","1pgVY00000000moYAA","Canceled"
"1pgVY00000000mvYAA","FIELD_CUSTOM_VALIDATION_EXCEPTION:Complete Date should not be populated if Status is Not Started, In Progress or Canceled.:--","1pgVY00000000mvYAA","Canceled"
"1pgVY00000000mxYAA","FIELD_CUSTOM_VALIDATION_EXCEPTION:Complete Date should not be populated if Status is Not Started, In Progress or Canceled.:--","1pgVY00000000mxYAA","Canceled"
"1pgVY00000000ncYAA","FIELD_CUSTOM_VALIDATION_EXCEPTION:Complete Date should not be populated if Status is Not Started, In Progress or Canceled.:--","1pgVY00000000ncYAA","Canceled"
"1pgVY00000000ndYAA","FIELD_CUSTOM_VALIDATION_EXCEPTION:Complete Date should not be populated if Status is Not Started, In Progress or Canceled.:--","1pgVY00000000ndYAA","Canceled"
"1pgVY00000000oJYAQ","FIELD_CUSTOM_VALIDATION_EXCEPTION:Complete Date should not be populated if Status is Not Started, In Progress or Canceled.:--","1pgVY00000000oJYAQ","Canceled"
"1pgVY00000000oKYAQ","FIELD_CUSTOM_VALIDATION_EXCEPTION:Complete Date should not be populated if Status is Not Started, In Progress or Canceled.:--","1pgVY00000000oKYAQ","Canceled"
"1pgVY00000000pUYAQ","FIELD_CUSTOM_VALIDATION_EXCEPTION:Complete Date should not be populated if Status is Not Started, In Progress or Canceled.:--","1pgVY00000000pUYAQ","Canceled"
"1pgVY00000000srYAA","FIELD_CUSTOM_VALIDATION_EXCEPTION:Complete Date should not be populated if Status is Not Started, In Progress or Canceled.:--","1pgVY00000000srYAA","Canceled"
"1pgVY00000000ssYAA","FIELD_CUSTOM_VALIDATION_EXCEPTION:Complete Date should not be populated if Status is Not Started, In Progress or Canceled.:--","1pgVY00000000ssYAA","Canceled"
"1pgVY00000000stYAA","FIELD_CUSTOM_VALIDATION_EXCEPTION:Complete Date should not be populated if Status is Not Started, In Progress or Canceled.:--","1pgVY00000000stYAA","Canceled"
"1pgVY00000000t5YAA","FIELD_CUSTOM_VALIDATION_EXCEPTION:Complete Date should not be populated if Status is Not Started, In Progress or Canceled.:--","1pgVY00000000t5YAA","Canceled"
"1pgVY00000000tYYAQ","FIELD_CUSTOM_VALIDATION_EXCEPTION:Complete Date should not be populated if Status is Not Started, In Progress or Canceled.:--","1pgVY00000000tYYAQ","Canceled"
"1pgVY00000000tZYAQ","FIELD_CUSTOM_VALIDATION_EXCEPTION:Complete Date should not be populated if Status is Not Started, In Progress or Canceled.:--","1pgVY00000000tZYAQ","Canceled"
"1pgVY00000000tmYAA","FIELD_CUSTOM_VALIDATION_EXCEPTION:Complete Date should not be populated if Status is Not Started, In Progress or Canceled.:--","1pgVY00000000tmYAA","Canceled"
"1pgVY00000000tnYAA","FIELD_CUSTOM_VALIDATION_EXCEPTION:Complete Date should not be populated if Status is Not Started, In Progress or Canceled.:--","1pgVY00000000tnYAA","Canceled"
"1pgVY00000000tpYAA","FIELD_CUSTOM_VALIDATION_EXCEPTION:Complete Date should not be populated if Status is Not Started, In Progress or Canceled.:--","1pgVY00000000tpYAA","Canceled"
"1pgVY00000000tqYAA","FIELD_CUSTOM_VALIDATION_EXCEPTION:Complete Date should not be populated if Status is Not Started, In Progress or Canceled.:--","1pgVY00000000tqYAA","Canceled"
"1pgVY00000000trYAA","FIELD_CUSTOM_VALIDATION_EXCEPTION:Complete Date should not be populated if Status is Not Started, In Progress or Canceled.:--","1pgVY00000000trYAA","Canceled"
"1pgVY00000000tuYAA","FIELD_CUSTOM_VALIDATION_EXCEPTION:Complete Date should not be populated if Status is Not Started, In Progress or Canceled.:--","1pgVY00000000tuYAA","Canceled"
"1pgVY00000000uYYAQ","FIELD_CUSTOM_VALIDATION_EXCEPTION:Complete Date should not be populated if Status is Not Started, In Progress or Canceled.:--","1pgVY00000000uYYAQ","Canceled"
"1pgVY00000000udYAA","FIELD_CUSTOM_VALIDATION_EXCEPTION:Complete Date should not be populated if Status is Not Started, In Progress or Canceled.:--","1pgVY00000000udYAA","Canceled"
"1pgVY00000000wAYAQ","FIELD_CUSTOM_VALIDATION_EXCEPTION:Complete Date should not be populated if Status is Not Started, In Progress or Canceled.:--","1pgVY00000000wAYAQ","Canceled"
"1pgVY00000000wBYAQ","FIELD_CUSTOM_VALIDATION_EXCEPTION:Complete Date should not be populated if Status is Not Started, In Progress or Canceled.:--","1pgVY00000000wBYAQ","Canceled"
"1pgVY00000000wXYAQ","FIELD_CUSTOM_VALIDATION_EXCEPTION:Complete Date should not be populated if Status is Not Started, In Progress or Canceled.:--","1pgVY00000000wXYAQ","Canceled"
"1pgVY00000000wYYAQ","FIELD_CUSTOM_VALIDATION_EXCEPTION:Complete Date should not be populated if Status is Not Started, In Progress or Canceled.:--","1pgVY00000000wYYAQ","Canceled"
"1pgVY00000000wZYAQ","FIELD_CUSTOM_VALIDATION_EXCEPTION:Complete Date should not be populated if Status is Not Started, In Progress or Canceled.:--","1pgVY00000000wZYAQ","Canceled"
"1pgVY00000000wsYAA","FIELD_CUSTOM_VALIDATION_EXCEPTION:Complete Date should not be populated if Status is Not Started, In Progress or Canceled.:--","1pgVY00000000wsYAA","Canceled"
"1pgVY00000000x4YAA","FIELD_CUSTOM_VALIDATION_EXCEPTION:Complete Date should not be populated if Status is Not Started, In Progress or Canceled.:--","1pgVY00000000x4YAA","Canceled"
"1pgVY00000000x5YAA","FIELD_CUSTOM_VALIDATION_EXCEPTION:Complete Date should not be populated if Status is Not Started, In Progress or Canceled.:--","1pgVY00000000x5YAA","Canceled"
"1pgVY00000000x6YAA","FIELD_CUSTOM_VALIDATION_EXCEPTION:Complete Date should not be populated if Status is Not Started, In Progress or Canceled.:--","1pgVY00000000x6YAA","Canceled"
"1pgVY00000000x7YAA","FIELD_CUSTOM_VALIDATION_EXCEPTION:Complete Date should not be populated if Status is Not Started, In Progress or Canceled.:--","1pgVY00000000x7YAA","Canceled"
"1pgVY00000000x8YAA","FIELD_CUSTOM_VALIDATION_EXCEPTION:Complete Date should not be populated if Status is Not Started, In Progress or Canceled.:--","1pgVY00000000x8YAA","Canceled"
"1pgVY00000000x9YAA","FIELD_CUSTOM_VALIDATION_EXCEPTION:Complete Date should not be populated if Status is Not Started, In Progress or Canceled.:--","1pgVY00000000x9YAA","Canceled"
"1pgVY00000000xDYAQ","FIELD_CUSTOM_VALIDATION_EXCEPTION:Complete Date should not be populated if Status is Not Started, In Progress or Canceled.:--","1pgVY00000000xDYAQ","Canceled"
"1pgVY00000000xEYAQ","FIELD_CUSTOM_VALIDATION_EXCEPTION:Complete Date should not be populated if Status is Not Started, In Progress or Canceled.:--","1pgVY00000000xEYAQ","Canceled"
"1pgVY00000000xGYAQ","FIELD_CUSTOM_VALIDATION_EXCEPTION:Complete Date should not be populated if Status is Not Started, In Progress or Canceled.:--","1pgVY00000000xGYAQ","Canceled"
"1pgVY00000000xHYAQ","FIELD_CUSTOM_VALIDATION_EXCEPTION:Complete Date should not be populated if Status is Not Started, In Progress or Canceled.:--","1pgVY00000000xHYAQ","Canceled"
"1pgVY00000000xIYAQ","FIELD_CUSTOM_VALIDATION_EXCEPTION:Complete Date should not be populated if Status is Not Started, In Progress or Canceled.:--","1pgVY00000000xIYAQ","Canceled"
"1pgVY00000000xMYAQ","FIELD_CUSTOM_VALIDATION_EXCEPTION:Complete Date should not be populated if Status is Not Started, In Progress or Canceled.:--","1pgVY00000000xMYAQ","Canceled"
"1pgVY00000000xNYAQ","FIELD_CUSTOM_VALIDATION_EXCEPTION:Complete Date should not be populated if Status is Not Started, In Progress or Canceled.:--","1pgVY00000000xNYAQ","Canceled"
"1pgVY00000000xOYAQ","FIELD_CUSTOM_VALIDATION_EXCEPTION:Complete Date should not be populated if Status is Not Started, In Progress or Canceled.:--","1pgVY00000000xOYAQ","Canceled"
"1pgVY00000000xPYAQ","FIELD_CUSTOM_VALIDATION_EXCEPTION:Complete Date should not be populated if Status is Not Started, In Progress or Canceled.:--","1pgVY00000000xPYAQ","Canceled"
"1pgVY00000000xQYAQ","FIELD_CUSTOM_VALIDATION_EXCEPTION:Complete Date should not be populated if Status is Not Started, In Progress or Canceled.:--","1pgVY00000000xQYAQ","Canceled"
"1pgVY00000000xVYAQ","FIELD_CUSTOM_VALIDATION_EXCEPTION:Complete Date should not be populated if Status is Not Started, In Progress or Canceled.:--","1pgVY00000000xVYAQ","Canceled"
"1pgVY00000000ykYAA","FIELD_CUSTOM_VALIDATION_EXCEPTION:Complete Date should not be populated if Status is Not Started, In Progress or Canceled.:--","1pgVY00000000ykYAA","Canceled"
"1pgVY00000000zgYAA","FIELD_CUSTOM_VALIDATION_EXCEPTION:Complete Date should not be populated if Status is Not Started, In Progress or Canceled.:--","1pgVY00000000zgYAA","Canceled"
"1pgVY000000010JYAQ","FIELD_CUSTOM_VALIDATION_EXCEPTION:Complete Date should not be populated if Status is Not Started, In Progress or Canceled.:--","1pgVY000000010JYAQ","Canceled"
"1pgVY000000011uYAA","FIELD_CUSTOM_VALIDATION_EXCEPTION:Complete Date should not be populated if Status is Not Started, In Progress or Canceled.:--","1pgVY000000011uYAA","Canceled"
"1pgVY000000012PYAQ","FIELD_CUSTOM_VALIDATION_EXCEPTION:Complete Date should not be populated if Status is Not Started, In Progress or Canceled.:--","1pgVY000000012PYAQ","Canceled"
"1pgVY000000012ZYAQ","FIELD_CUSTOM_VALIDATION_EXCEPTION:Complete Date should not be populated if Status is Not Started, In Progress or Canceled.:--","1pgVY000000012ZYAQ","Canceled"
"1pgVY000000013YYAQ","FIELD_CUSTOM_VALIDATION_EXCEPTION:Complete Date should not be populated if Status is Not Started, In Progress or Canceled.:--","1pgVY000000013YYAQ","Canceled"
"1pgVY000000014zYAA","FIELD_CUSTOM_VALIDATION_EXCEPTION:Complete Date should not be populated if Status is Not Started, In Progress or Canceled.:--","1pgVY000000014zYAA","Canceled"
"1pgVY000000015NYAQ","FIELD_CUSTOM_VALIDATION_EXCEPTION:Complete Date should not be populated if Status is Not Started, In Progress or Canceled.:--","1pgVY000000015NYAQ","Canceled"
"1pgVY000000015PYAQ","FIELD_CUSTOM_VALIDATION_EXCEPTION:Complete Date should not be populated if Status is Not Started, In Progress or Canceled.:--","1pgVY000000015PYAQ","Canceled"
"1pgVY000000015bYAA","FIELD_CUSTOM_VALIDATION_EXCEPTION:Complete Date should not be populated if Status is Not Started, In Progress or Canceled.:--","1pgVY000000015bYAA","Canceled"
"1pgVY000000015cYAA","FIELD_CUSTOM_VALIDATION_EXCEPTION:Complete Date should not be populated if Status is Not Started, In Progress or Canceled.:--","1pgVY000000015cYAA","Canceled"
"1pgVY000000015lYAA","FIELD_CUSTOM_VALIDATION_EXCEPTION:Complete Date should not be populated if Status is Not Started, In Progress or Canceled.:--","1pgVY000000015lYAA","Canceled"
"1pgVY000000017iYAA","FIELD_CUSTOM_VALIDATION_EXCEPTION:Complete Date should not be populated if Status is Not Started, In Progress or Canceled.:--","1pgVY000000017iYAA","Canceled"
"1pgVY000000017yYAA","FIELD_CUSTOM_VALIDATION_EXCEPTION:Complete Date should not be populated if Status is Not Started, In Progress or Canceled.:--","1pgVY000000017yYAA","Canceled"
