"sf__Id","sf__Created","Id","IsActive"
"0jiVY000000046PYAQ","false","0jiVY000000046PYAQ","false"
"0jiVY00000002jeYAA","false","0jiVY00000002jeYAA","false"
"0jiVY000000040jYAA","false","0jiVY000000040jYAA","false"
"0jiVY00000003zuYAA","false","0jiVY00000003zuYAA","true"
"0jiVY00000001sRYAQ","false","0jiVY00000001sRYAQ","false"
"0jiVY00000003z4YAA","false","0jiVY00000003z4YAA","false"
"0jiVY00000002jkYAA","false","0jiVY00000002jkYAA","false"
"0jiVY000000044dYAA","false","0jiVY000000044dYAA","false"
"0jiVY00000003zPYAQ","false","0jiVY00000003zPYAQ","false"
"0jiVY00000001t2YAA","false","0jiVY00000001t2YAA","false"
"0jiVY00000001r6YAA","false","0jiVY00000001r6YAA","false"
"0jiVY0000000452YAA","false","0jiVY0000000452YAA","false"
"0jiVY000000044tYAA","false","0jiVY000000044tYAA","false"
"0jiVY000000040sYAA","false","0jiVY000000040sYAA","true"
"0jiVY000000044hYAA","false","0jiVY000000044hYAA","false"
"0jiVY00000001sUYAQ","false","0jiVY00000001sUYAQ","false"
"0jiVY00000002jdYAA","false","0jiVY00000002jdYAA","false"
"0jiVY00000003z3YAA","false","0jiVY00000003z3YAA","true"
"0jiVY00000001qDYAQ","false","0jiVY00000001qDYAQ","false"
"0jiVY00000001qiYAA","false","0jiVY00000001qiYAA","false"
"0jiVY000000044PYAQ","false","0jiVY000000044PYAQ","false"
"0jiVY00000002jzYAA","false","0jiVY00000002jzYAA","false"
"0jiVY000000043wYAA","false","0jiVY000000043wYAA","false"
"0jiVY00000001qfYAA","false","0jiVY00000001qfYAA","false"
"0jiVY000000045CYAQ","false","0jiVY000000045CYAQ","false"
"0jiVY00000001sgYAA","false","0jiVY00000001sgYAA","false"
"0jiVY00000001r8YAA","false","0jiVY00000001r8YAA","false"
"0jiVY000000043hYAA","false","0jiVY000000043hYAA","false"
"0jiVY000000045NYAQ","false","0jiVY000000045NYAQ","false"
"0jiVY00000003zVYAQ","false","0jiVY00000003zVYAQ","true"
"0jiVY00000001rmYAA","false","0jiVY00000001rmYAA","false"
"0jiVY00000001qgYAA","false","0jiVY00000001qgYAA","false"
"0jiVY000000044xYAA","false","0jiVY000000044xYAA","false"
"0jiVY00000002jjYAA","false","0jiVY00000002jjYAA","false"
"0jiVY00000001qwYAA","false","0jiVY00000001qwYAA","false"
"0jiVY00000003yxYAA","false","0jiVY00000003yxYAA","false"
"0jiVY000000045cYAA","false","0jiVY000000045cYAA","false"
"0jiVY00000001q9YAA","false","0jiVY00000001q9YAA","false"
"0jiVY00000001suYAA","false","0jiVY00000001suYAA","false"
"0jiVY000000040vYAA","false","0jiVY000000040vYAA","false"
"0jiVY00000003znYAA","false","0jiVY00000003znYAA","true"
"0jiVY00000003zcYAA","false","0jiVY00000003zcYAA","true"
"0jiVY000000046zYAA","false","0jiVY000000046zYAA","false"
"0jiVY000000046kYAA","false","0jiVY000000046kYAA","false"
"0jiVY00000001tHYAQ","false","0jiVY00000001tHYAQ","false"
"0jiVY0000000410YAA","false","0jiVY0000000410YAA","false"
"0jiVY000000046JYAQ","false","0jiVY000000046JYAQ","false"
"0jiVY0000000442YAA","false","0jiVY0000000442YAA","false"
"0jiVY00000001r7YAA","false","0jiVY00000001r7YAA","false"
"0jiVY00000001qHYAQ","false","0jiVY00000001qHYAQ","false"
"0jiVY00000001sCYAQ","false","0jiVY00000001sCYAQ","false"
"0jiVY00000001pNYAQ","false","0jiVY00000001pNYAQ","false"
"0jiVY00000001srYAA","false","0jiVY00000001srYAA","false"
"0jiVY00000001sNYAQ","false","0jiVY00000001sNYAQ","false"
"0jiVY00000002joYAA","false","0jiVY00000002joYAA","false"
"0jiVY000000040yYAA","false","0jiVY000000040yYAA","true"
"0jiVY000000044cYAA","false","0jiVY000000044cYAA","false"
"0jiVY0000000412YAA","false","0jiVY0000000412YAA","true"
"0jiVY00000001pvYAA","false","0jiVY00000001pvYAA","false"
"0jiVY000000045bYAA","false","0jiVY000000045bYAA","false"
"0jiVY0000000457YAA","false","0jiVY0000000457YAA","false"
"0jiVY00000001siYAA","false","0jiVY00000001siYAA","false"
"0jiVY000000044FYAQ","false","0jiVY000000044FYAQ","false"
"0jiVY000000041CYAQ","false","0jiVY000000041CYAQ","false"
"0jiVY00000001sAYAQ","false","0jiVY00000001sAYAQ","false"
"0jiVY00000003z5YAA","false","0jiVY00000003z5YAA","true"
"0jiVY00000001seYAA","false","0jiVY00000001seYAA","false"
"0jiVY00000001q0YAA","false","0jiVY00000001q0YAA","false"
"0jiVY00000001pxYAA","false","0jiVY00000001pxYAA","false"
"0jiVY00000001ruYAA","false","0jiVY00000001ruYAA","false"
"0jiVY00000002jZYAQ","false","0jiVY00000002jZYAQ","false"
"0jiVY0000000445YAA","false","0jiVY0000000445YAA","false"
"0jiVY000000040HYAQ","false","0jiVY000000040HYAQ","true"
"0jiVY00000002jNYAQ","false","0jiVY00000002jNYAQ","false"
"0jiVY00000001rxYAA","false","0jiVY00000001rxYAA","false"
"0jiVY0000000317YAA","false","0jiVY0000000317YAA","false"
"0jiVY00000001qaYAA","false","0jiVY00000001qaYAA","false"
"0jiVY000000040GYAQ","false","0jiVY000000040GYAQ","true"
"0jiVY00000002k1YAA","false","0jiVY00000002k1YAA","false"
"0jiVY00000001q3YAA","false","0jiVY00000001q3YAA","false"
"0jiVY000000045hYAA","false","0jiVY000000045hYAA","false"
"0jiVY0000000473YAA","false","0jiVY0000000473YAA","false"
"0jiVY00000001sVYAQ","false","0jiVY00000001sVYAQ","false"
"0jiVY00000002k7YAA","false","0jiVY00000002k7YAA","false"
"0jiVY000000044SYAQ","false","0jiVY000000044SYAQ","false"
"0jiVY000000043pYAA","false","0jiVY000000043pYAA","false"
"0jiVY00000001rpYAA","false","0jiVY00000001rpYAA","false"
"0jiVY000000045MYAQ","false","0jiVY000000045MYAQ","false"
"0jiVY000000043oYAA","false","0jiVY000000043oYAA","false"
"0jiVY00000001sHYAQ","false","0jiVY00000001sHYAQ","false"
"0jiVY000000041IYAQ","false","0jiVY000000041IYAQ","true"
"0jiVY00000001qsYAA","false","0jiVY00000001qsYAA","false"
"0jiVY000000043sYAA","false","0jiVY000000043sYAA","false"
"0jiVY0000000455YAA","false","0jiVY0000000455YAA","false"
"0jiVY00000001svYAA","false","0jiVY00000001svYAA","false"
"0jiVY000000045vYAA","false","0jiVY000000045vYAA","false"
"0jiVY000000044NYAQ","false","0jiVY000000044NYAQ","false"
"0jiVY000000045XYAQ","false","0jiVY000000045XYAQ","false"
"0jiVY000000041JYAQ","false","0jiVY000000041JYAQ","false"
"0jiVY000000040gYAA","false","0jiVY000000040gYAA","true"
"0jiVY00000001q5YAA","false","0jiVY00000001q5YAA","false"
"0jiVY000000045pYAA","false","0jiVY000000045pYAA","false"
"0jiVY00000003zmYAA","false","0jiVY00000003zmYAA","false"
"0jiVY000000040eYAA","false","0jiVY000000040eYAA","false"
"0jiVY00000002jcYAA","false","0jiVY00000002jcYAA","false"
"0jiVY000000040dYAA","false","0jiVY000000040dYAA","true"
"0jiVY000000044eYAA","false","0jiVY000000044eYAA","false"
"0jiVY000000046gYAA","false","0jiVY000000046gYAA","false"
"0jiVY0000000448YAA","false","0jiVY0000000448YAA","false"
"0jiVY00000001qoYAA","false","0jiVY00000001qoYAA","false"
"0jiVY000000040rYAA","false","0jiVY000000040rYAA","true"
"0jiVY00000001qtYAA","false","0jiVY00000001qtYAA","false"
"0jiVY000000045kYAA","false","0jiVY000000045kYAA","false"
"0jiVY00000003zqYAA","false","0jiVY00000003zqYAA","true"
"0jiVY00000001riYAA","false","0jiVY00000001riYAA","false"
"0jiVY00000002jTYAQ","false","0jiVY00000002jTYAQ","false"
"0jiVY00000001rzYAA","false","0jiVY00000001rzYAA","false"
"0jiVY00000001rXYAQ","false","0jiVY00000001rXYAQ","false"
"0jiVY000000044QYAQ","false","0jiVY000000044QYAQ","false"
"0jiVY00000001pmYAA","false","0jiVY00000001pmYAA","false"
"0jiVY00000003zMYAQ","false","0jiVY00000003zMYAQ","false"
"0jiVY00000001qeYAA","false","0jiVY00000001qeYAA","false"
"0jiVY00000002rRYAQ","false","0jiVY00000002rRYAQ","false"
"0jiVY000000046EYAQ","false","0jiVY000000046EYAQ","false"
"0jiVY00000001qvYAA","false","0jiVY00000001qvYAA","false"
"0jiVY00000002jbYAA","false","0jiVY00000002jbYAA","false"
"0jiVY00000003zwYAA","false","0jiVY00000003zwYAA","true"
"0jiVY0000000467YAA","false","0jiVY0000000467YAA","false"
"0jiVY00000003zgYAA","false","0jiVY00000003zgYAA","false"
"0jiVY00000001qYYAQ","false","0jiVY00000001qYYAQ","false"
"0jiVY00000001sGYAQ","false","0jiVY00000001sGYAQ","false"
"0jiVY000000045lYAA","false","0jiVY000000045lYAA","false"
"0jiVY00000001s8YAA","false","0jiVY00000001s8YAA","false"
"0jiVY000000040tYAA","false","0jiVY000000040tYAA","false"
"0jiVY00000001sXYAQ","false","0jiVY00000001sXYAQ","false"
"0jiVY00000001rwYAA","false","0jiVY00000001rwYAA","false"
"0jiVY000000045wYAA","false","0jiVY000000045wYAA","false"
"0jiVY00000001qrYAA","false","0jiVY00000001qrYAA","false"
"0jiVY000000040JYAQ","false","0jiVY000000040JYAQ","true"
"0jiVY000000045GYAQ","false","0jiVY000000045GYAQ","false"
"0jiVY00000001slYAA","false","0jiVY00000001slYAA","false"
"0jiVY00000001sZYAQ","false","0jiVY00000001sZYAQ","false"
"0jiVY0000000462YAA","false","0jiVY0000000462YAA","false"
"0jiVY00000003zKYAQ","false","0jiVY00000003zKYAQ","true"
"0jiVY00000002jqYAA","false","0jiVY00000002jqYAA","false"
"0jiVY000000041HYAQ","false","0jiVY000000041HYAQ","true"
"0jiVY000000044UYAQ","false","0jiVY000000044UYAQ","false"
"0jiVY00000003zYYAQ","false","0jiVY00000003zYYAQ","true"
"0jiVY00000003z1YAA","false","0jiVY00000003z1YAA","true"
"0jiVY00000003zxYAA","false","0jiVY00000003zxYAA","true"
"0jiVY0000000458YAA","false","0jiVY0000000458YAA","false"
"0jiVY00000001rMYAQ","false","0jiVY00000001rMYAQ","false"
"0jiVY00000002jaYAA","false","0jiVY00000002jaYAA","false"
"0jiVY000000043xYAA","false","0jiVY000000043xYAA","false"
"0jiVY00000001pXYAQ","false","0jiVY00000001pXYAQ","false"
"0jiVY000000046KYAQ","false","0jiVY000000046KYAQ","false"
"0jiVY000000044DYAQ","false","0jiVY000000044DYAQ","false"
"0jiVY000000044AYAQ","false","0jiVY000000044AYAQ","false"
"0jiVY00000002jvYAA","false","0jiVY00000002jvYAA","false"
"0jiVY00000003zBYAQ","false","0jiVY00000003zBYAQ","true"
"0jiVY000000040AYAQ","false","0jiVY000000040AYAQ","true"
"0jiVY00000003ysYAA","false","0jiVY00000003ysYAA","true"
"0jiVY000000045tYAA","false","0jiVY000000045tYAA","false"
"0jiVY000000046dYAA","false","0jiVY000000046dYAA","false"
"0jiVY00000003z9YAA","false","0jiVY00000003z9YAA","false"
"0jiVY000000040wYAA","false","0jiVY000000040wYAA","true"
"0jiVY000000043iYAA","false","0jiVY000000043iYAA","false"
"0jiVY000000044sYAA","false","0jiVY000000044sYAA","false"
"0jiVY00000001sJYAQ","false","0jiVY00000001sJYAQ","false"
"0jiVY00000001rKYAQ","false","0jiVY00000001rKYAQ","false"
"0jiVY000000044rYAA","false","0jiVY000000044rYAA","false"
"0jiVY000000045YYAQ","false","0jiVY000000045YYAQ","false"
"0jiVY000000046LYAQ","false","0jiVY000000046LYAQ","false"
"0jiVY000000046cYAA","false","0jiVY000000046cYAA","false"
"0jiVY00000003zXYAQ","false","0jiVY00000003zXYAQ","false"
"0jiVY00000001rfYAA","false","0jiVY00000001rfYAA","false"
"0jiVY0000000469YAA","false","0jiVY0000000469YAA","false"
"0jiVY00000003zCYAQ","false","0jiVY00000003zCYAQ","true"
"0jiVY00000001sdYAA","false","0jiVY00000001sdYAA","false"
"0jiVY00000001pUYAQ","false","0jiVY00000001pUYAQ","false"
"0jiVY000000032jYAA","false","0jiVY000000032jYAA","false"
"0jiVY000000040IYAQ","false","0jiVY000000040IYAQ","true"
"0jiVY00000001sqYAA","false","0jiVY00000001sqYAA","false"
"0jiVY000000044HYAQ","false","0jiVY000000044HYAQ","false"
"0jiVY000000043yYAA","false","0jiVY000000043yYAA","false"
"0jiVY00000002jmYAA","false","0jiVY00000002jmYAA","false"
"0jiVY00000003zTYAQ","false","0jiVY00000003zTYAQ","false"
"0jiVY00000001pnYAA","false","0jiVY00000001pnYAA","false"
"0jiVY0000000450YAA","false","0jiVY0000000450YAA","false"
"0jiVY000000046MYAQ","false","0jiVY000000046MYAQ","false"
"0jiVY00000003zAYAQ","false","0jiVY00000003zAYAQ","true"
"0jiVY00000003zoYAA","false","0jiVY00000003zoYAA","true"
"0jiVY000000045dYAA","false","0jiVY000000045dYAA","false"
"0jiVY00000001rhYAA","false","0jiVY00000001rhYAA","false"
"0jiVY00000001rBYAQ","false","0jiVY00000001rBYAQ","false"
"0jiVY000000040UYAQ","false","0jiVY000000040UYAQ","true"
"0jiVY00000003zUYAQ","false","0jiVY00000003zUYAQ","true"
"0jiVY0000000466YAA","false","0jiVY0000000466YAA","false"
"0jiVY00000001quYAA","false","0jiVY00000001quYAA","false"
"0jiVY0000000403YAA","false","0jiVY0000000403YAA","true"
"0jiVY000000044aYAA","false","0jiVY000000044aYAA","false"
"0jiVY000000044zYAA","false","0jiVY000000044zYAA","false"
"0jiVY000000040EYAQ","false","0jiVY000000040EYAQ","false"
"0jiVY0000000443YAA","false","0jiVY0000000443YAA","false"
"0jiVY0000000407YAA","false","0jiVY0000000407YAA","true"
"0jiVY00000003zsYAA","false","0jiVY00000003zsYAA","true"
"0jiVY00000003z0YAA","false","0jiVY00000003z0YAA","true"
"0jiVY000000040zYAA","false","0jiVY000000040zYAA","true"
"0jiVY0000000422YAA","false","0jiVY0000000422YAA","true"
"0jiVY00000003yrYAA","false","0jiVY00000003yrYAA","false"
"0jiVY000000045eYAA","false","0jiVY000000045eYAA","false"
"0jiVY00000001sTYAQ","false","0jiVY00000001sTYAQ","false"
"0jiVY000000044YYAQ","false","0jiVY000000044YYAQ","false"
"0jiVY0000000421YAA","false","0jiVY0000000421YAA","true"
"0jiVY000000043jYAA","false","0jiVY000000043jYAA","false"
"0jiVY00000001pPYAQ","false","0jiVY00000001pPYAQ","false"
"0jiVY00000003zEYAQ","false","0jiVY00000003zEYAQ","true"
"0jiVY00000002jVYAQ","false","0jiVY00000002jVYAQ","false"
"0jiVY00000001WGYAY","false","0jiVY00000001WGYAY","false"
"0jiVY00000001raYAA","false","0jiVY00000001raYAA","false"
"0jiVY0000000461YAA","false","0jiVY0000000461YAA","false"
"0jiVY0000000409YAA","false","0jiVY0000000409YAA","true"
"0jiVY0000000454YAA","false","0jiVY0000000454YAA","false"
"0jiVY00000001qyYAA","false","0jiVY00000001qyYAA","false"
"0jiVY00000001r5YAA","false","0jiVY00000001r5YAA","false"
"0jiVY0000000463YAA","false","0jiVY0000000463YAA","false"
"0jiVY00000003zQYAQ","false","0jiVY00000003zQYAQ","false"
"0jiVY000000040hYAA","false","0jiVY000000040hYAA","true"
"0jiVY00000001sQYAQ","false","0jiVY00000001sQYAQ","false"
"0jiVY00000003z2YAA","false","0jiVY00000003z2YAA","true"
"0jiVY00000001paYAA","false","0jiVY00000001paYAA","false"
"0jiVY000000044mYAA","false","0jiVY000000044mYAA","false"
"0jiVY00000001rdYAA","false","0jiVY00000001rdYAA","false"
"0jiVY000000040oYAA","false","0jiVY000000040oYAA","true"
"0jiVY00000001qAYAQ","false","0jiVY00000001qAYAQ","false"
"0jiVY0000000440YAA","false","0jiVY0000000440YAA","false"
"0jiVY000000044nYAA","false","0jiVY000000044nYAA","false"
"0jiVY000000045qYAA","false","0jiVY000000045qYAA","false"
"0jiVY00000001qBYAQ","false","0jiVY00000001qBYAQ","false"
"0jiVY0000000471YAA","false","0jiVY0000000471YAA","false"
"0jiVY000000044TYAQ","false","0jiVY000000044TYAQ","false"
"0jiVY00000001s2YAA","false","0jiVY00000001s2YAA","false"
"0jiVY000000046bYAA","false","0jiVY000000046bYAA","false"
"0jiVY000000043qYAA","false","0jiVY000000043qYAA","false"
"0jiVY00000001pjYAA","false","0jiVY00000001pjYAA","false"
"0jiVY000000046vYAA","false","0jiVY000000046vYAA","false"
"0jiVY00000003zzYAA","false","0jiVY00000003zzYAA","true"
"0jiVY000000044gYAA","false","0jiVY000000044gYAA","false"
"0jiVY000000040uYAA","false","0jiVY000000040uYAA","true"
"0jiVY00000002k9YAA","false","0jiVY00000002k9YAA","false"
"0jiVY0000000405YAA","false","0jiVY0000000405YAA","false"
"0jiVY0000000415YAA","false","0jiVY0000000415YAA","true"
"0jiVY00000001s3YAA","false","0jiVY00000001s3YAA","false"
"0jiVY000000041BYAQ","false","0jiVY000000041BYAQ","true"
"0jiVY00000001rIYAQ","false","0jiVY00000001rIYAQ","false"
"0jiVY000000044lYAA","false","0jiVY000000044lYAA","false"
"0jiVY000000046CYAQ","false","0jiVY000000046CYAQ","false"
"0jiVY000000040WYAQ","false","0jiVY000000040WYAQ","true"
"0jiVY00000001rgYAA","false","0jiVY00000001rgYAA","false"
"0jiVY000000046WYAQ","false","0jiVY000000046WYAQ","false"
"0jiVY000000046YYAQ","false","0jiVY000000046YYAQ","false"
"0jiVY00000001sMYAQ","false","0jiVY00000001sMYAQ","false"
"0jiVY000000044bYAA","false","0jiVY000000044bYAA","false"
"0jiVY000000045WYAQ","false","0jiVY000000045WYAQ","false"
"0jiVY00000001peYAA","false","0jiVY00000001peYAA","false"
"0jiVY000000043nYAA","false","0jiVY000000043nYAA","false"
"0jiVY000000040KYAQ","false","0jiVY000000040KYAQ","false"
"0jiVY000000043dYAA","false","0jiVY000000043dYAA","false"
"0jiVY00000001rDYAQ","false","0jiVY00000001rDYAQ","false"
"0jiVY00000001pOYAQ","false","0jiVY00000001pOYAQ","false"
"0jiVY00000001VsYAI","false","0jiVY00000001VsYAI","false"
"0jiVY0000000464YAA","false","0jiVY0000000464YAA","false"
"0jiVY00000001qzYAA","false","0jiVY00000001qzYAA","false"
"0jiVY00000001syYAA","false","0jiVY00000001syYAA","false"
"0jiVY000000040TYAQ","false","0jiVY000000040TYAQ","true"
"0jiVY00000003zRYAQ","false","0jiVY00000003zRYAQ","true"
"0jiVY000000044IYAQ","false","0jiVY000000044IYAQ","false"
"0jiVY000000040FYAQ","false","0jiVY000000040FYAQ","true"
"0jiVY00000003zlYAA","false","0jiVY00000003zlYAA","true"
"0jiVY000000044VYAQ","false","0jiVY000000044VYAQ","false"
"0jiVY00000001qKYAQ","false","0jiVY00000001qKYAQ","false"
"0jiVY00000003zHYAQ","false","0jiVY00000003zHYAQ","false"
"0jiVY000000045JYAQ","false","0jiVY000000045JYAQ","false"
"0jiVY000000043vYAA","false","0jiVY000000043vYAA","false"
"0jiVY00000001qNYAQ","false","0jiVY00000001qNYAQ","false"
"0jiVY00000002kAYAQ","false","0jiVY00000002kAYAQ","false"
"0jiVY00000001q1YAA","false","0jiVY00000001q1YAA","false"
"0jiVY00000001s9YAA","false","0jiVY00000001s9YAA","false"
"0jiVY000000035xYAA","false","0jiVY000000035xYAA","false"
"0jiVY00000003zIYAQ","false","0jiVY00000003zIYAQ","true"
"0jiVY00000001q8YAA","false","0jiVY00000001q8YAA","false"
"0jiVY0000000424YAA","false","0jiVY0000000424YAA","true"
"0jiVY000000040nYAA","false","0jiVY000000040nYAA","true"
"0jiVY00000002d5YAA","false","0jiVY00000002d5YAA","false"
"0jiVY000000040xYAA","false","0jiVY000000040xYAA","true"
"0jiVY00000001q7YAA","false","0jiVY00000001q7YAA","false"
"0jiVY000000046pYAA","false","0jiVY000000046pYAA","false"
"0jiVY00000001qdYAA","false","0jiVY00000001qdYAA","false"
"0jiVY000000040lYAA","false","0jiVY000000040lYAA","true"
"0jiVY00000001sWYAQ","false","0jiVY00000001sWYAQ","false"
"0jiVY00000001rrYAA","false","0jiVY00000001rrYAA","false"
"0jiVY000000046BYAQ","false","0jiVY000000046BYAQ","false"
"0jiVY00000001sIYAQ","false","0jiVY00000001sIYAQ","false"
"0jiVY000000040PYAQ","false","0jiVY000000040PYAQ","true"
"0jiVY000000045FYAQ","false","0jiVY000000045FYAQ","false"
"0jiVY00000001qjYAA","false","0jiVY00000001qjYAA","false"
"0jiVY000000045DYAQ","false","0jiVY000000045DYAQ","false"
"0jiVY00000003E1YAI","false","0jiVY00000003E1YAI","false"
"0jiVY0000000402YAA","false","0jiVY0000000402YAA","false"
"0jiVY00000001rvYAA","false","0jiVY00000001rvYAA","false"
"0jiVY000000044OYAQ","false","0jiVY000000044OYAQ","false"
"0jiVY000000046HYAQ","false","0jiVY000000046HYAQ","false"
"0jiVY000000044kYAA","false","0jiVY000000044kYAA","false"
"0jiVY00000001sPYAQ","false","0jiVY00000001sPYAQ","false"
"0jiVY00000001pYYAQ","false","0jiVY00000001pYYAQ","false"
"0jiVY000000046tYAA","false","0jiVY000000046tYAA","false"
"0jiVY00000001rFYAQ","false","0jiVY00000001rFYAQ","false"
"0jiVY00000003AnYAI","false","0jiVY00000003AnYAI","false"
"0jiVY000000045BYAQ","false","0jiVY000000045BYAQ","false"
"0jiVY000000046XYAQ","false","0jiVY000000046XYAQ","false"
"0jiVY00000002k2YAA","false","0jiVY00000002k2YAA","false"
"0jiVY00000001rUYAQ","false","0jiVY00000001rUYAQ","false"
"0jiVY00000002xtYAA","false","0jiVY00000002xtYAA","false"
"0jiVY00000002d2YAA","false","0jiVY00000002d2YAA","false"
"0jiVY00000001pbYAA","false","0jiVY00000001pbYAA","false"
"0jiVY00000001rWYAQ","false","0jiVY00000001rWYAQ","false"
"0jiVY00000003z8YAA","false","0jiVY00000003z8YAA","false"
"0jiVY00000002k0YAA","false","0jiVY00000002k0YAA","false"
"0jiVY00000002zVYAQ","false","0jiVY00000002zVYAQ","false"
"0jiVY000000043fYAA","false","0jiVY000000043fYAA","false"
"0jiVY0000000416YAA","false","0jiVY0000000416YAA","true"
"0jiVY000000045QYAQ","false","0jiVY000000045QYAQ","false"
"0jiVY00000002jxYAA","false","0jiVY00000002jxYAA","false"
"0jiVY000000046jYAA","false","0jiVY000000046jYAA","false"
"0jiVY00000001piYAA","false","0jiVY00000001piYAA","false"
"0jiVY000000044CYAQ","false","0jiVY000000044CYAQ","false"
"0jiVY00000002d3YAA","false","0jiVY00000002d3YAA","false"
"0jiVY00000003z6YAA","false","0jiVY00000003z6YAA","true"
"0jiVY0000000447YAA","false","0jiVY0000000447YAA","false"
"0jiVY00000001rcYAA","false","0jiVY00000001rcYAA","false"
"0jiVY00000003zFYAQ","false","0jiVY00000003zFYAQ","false"
"0jiVY00000001rJYAQ","false","0jiVY00000001rJYAQ","false"
"0jiVY00000001qlYAA","false","0jiVY00000001qlYAA","false"
"0jiVY000000040VYAQ","false","0jiVY000000040VYAQ","false"
"0jiVY000000043eYAA","false","0jiVY000000043eYAA","false"
"0jiVY00000001stYAA","false","0jiVY00000001stYAA","false"
"0jiVY00000001rHYAQ","false","0jiVY00000001rHYAQ","false"
"0jiVY00000001pVYAQ","false","0jiVY00000001pVYAQ","false"
"0jiVY000000045IYAQ","false","0jiVY000000045IYAQ","false"
"0jiVY00000001sDYAQ","false","0jiVY00000001sDYAQ","false"
"0jiVY00000003zJYAQ","false","0jiVY00000003zJYAQ","true"
"0jiVY000000045sYAA","false","0jiVY000000045sYAA","false"
"0jiVY000000044LYAQ","false","0jiVY000000044LYAQ","false"
"0jiVY000000046RYAQ","false","0jiVY000000046RYAQ","false"
"0jiVY0000000401YAA","false","0jiVY0000000401YAA","true"
"0jiVY000000041EYAQ","false","0jiVY000000041EYAQ","false"
"0jiVY00000003ypYAA","false","0jiVY00000003ypYAA","true"
"0jiVY00000003zeYAA","false","0jiVY00000003zeYAA","true"
"0jiVY00000001pqYAA","false","0jiVY00000001pqYAA","false"
"0jiVY00000001qMYAQ","false","0jiVY00000001qMYAQ","false"
"0jiVY00000003zfYAA","false","0jiVY00000003zfYAA","true"
"0jiVY000000045PYAQ","false","0jiVY000000045PYAQ","false"
"0jiVY00000001s0YAA","false","0jiVY00000001s0YAA","false"
"0jiVY000000040pYAA","false","0jiVY000000040pYAA","true"
"0jiVY00000002jyYAA","false","0jiVY00000002jyYAA","false"
"0jiVY000000044MYAQ","false","0jiVY000000044MYAQ","false"
"0jiVY00000003zbYAA","false","0jiVY00000003zbYAA","false"
"0jiVY00000001rGYAQ","false","0jiVY00000001rGYAQ","false"
"0jiVY000000045UYAQ","false","0jiVY000000045UYAQ","false"
"0jiVY00000002jfYAA","false","0jiVY00000002jfYAA","false"
"0jiVY000000043zYAA","false","0jiVY000000043zYAA","false"
"0jiVY00000003zGYAQ","false","0jiVY00000003zGYAQ","true"
"0jiVY000000040CYAQ","false","0jiVY000000040CYAQ","true"
"0jiVY00000001sLYAQ","false","0jiVY00000001sLYAQ","false"
"0jiVY00000001pyYAA","false","0jiVY00000001pyYAA","false"
"0jiVY00000001rbYAA","false","0jiVY00000001rbYAA","false"
"0jiVY0000000453YAA","false","0jiVY0000000453YAA","false"
"0jiVY00000001rlYAA","false","0jiVY00000001rlYAA","false"
"0jiVY00000002wHYAQ","false","0jiVY00000002wHYAQ","false"
"0jiVY000000046DYAQ","false","0jiVY000000046DYAQ","false"
"0jiVY000000044jYAA","false","0jiVY000000044jYAA","false"
"0jiVY000000044pYAA","false","0jiVY000000044pYAA","false"
"0jiVY00000002d4YAA","false","0jiVY00000002d4YAA","false"
"0jiVY00000001rCYAQ","false","0jiVY00000001rCYAQ","false"
"0jiVY00000002jnYAA","false","0jiVY00000002jnYAA","false"
"0jiVY000000046SYAQ","false","0jiVY000000046SYAQ","false"
"0jiVY00000001qmYAA","false","0jiVY00000001qmYAA","false"
"0jiVY00000002jXYAQ","false","0jiVY00000002jXYAQ","false"
"0jiVY00000001s1YAA","false","0jiVY00000001s1YAA","false"
"0jiVY00000003zNYAQ","false","0jiVY00000003zNYAQ","true"
"0jiVY000000045ZYAQ","false","0jiVY000000045ZYAQ","false"
"0jiVY000000045RYAQ","false","0jiVY000000045RYAQ","false"
"0jiVY000000044oYAA","false","0jiVY000000044oYAA","false"
"0jiVY00000003yuYAA","false","0jiVY00000003yuYAA","true"
"0jiVY000000046aYAA","false","0jiVY000000046aYAA","false"
"0jiVY000000044WYAQ","false","0jiVY000000044WYAQ","false"
"0jiVY00000003zkYAA","false","0jiVY00000003zkYAA","true"
"0jiVY000000046xYAA","false","0jiVY000000046xYAA","false"
"0jiVY0000000417YAA","false","0jiVY0000000417YAA","false"
"0jiVY00000001sYYAQ","false","0jiVY00000001sYYAQ","false"
"0jiVY000000043kYAA","false","0jiVY000000043kYAA","false"
"0jiVY000000044wYAA","false","0jiVY000000044wYAA","false"
"0jiVY000000045zYAA","false","0jiVY000000045zYAA","false"
"0jiVY00000002k4YAA","false","0jiVY00000002k4YAA","false"
"0jiVY00000001s4YAA","false","0jiVY00000001s4YAA","false"
"0jiVY00000002k3YAA","false","0jiVY00000002k3YAA","false"
"0jiVY00000001rAYAQ","false","0jiVY00000001rAYAQ","false"
"0jiVY000000046AYAQ","false","0jiVY000000046AYAQ","false"
"0jiVY000000046fYAA","false","0jiVY000000046fYAA","false"
"0jiVY00000001rPYAQ","false","0jiVY00000001rPYAQ","false"
"0jiVY000000046FYAQ","false","0jiVY000000046FYAQ","false"
"0jiVY000000044BYAQ","false","0jiVY000000044BYAQ","false"
"0jiVY000000040kYAA","false","0jiVY000000040kYAA","true"
"0jiVY000000046OYAQ","false","0jiVY000000046OYAQ","false"
"0jiVY000000046nYAA","false","0jiVY000000046nYAA","false"
"0jiVY000000044RYAQ","false","0jiVY000000044RYAQ","false"
"0jiVY0000000413YAA","false","0jiVY0000000413YAA","false"
"0jiVY00000003zrYAA","false","0jiVY00000003zrYAA","true"
"0jiVY000000046UYAQ","false","0jiVY000000046UYAQ","false"
"0jiVY000000045uYAA","false","0jiVY000000045uYAA","false"
"0jiVY000000046uYAA","false","0jiVY000000046uYAA","false"
"0jiVY000000046yYAA","false","0jiVY000000046yYAA","false"
"0jiVY0000000423YAA","false","0jiVY0000000423YAA","true"
"0jiVY0000000459YAA","false","0jiVY0000000459YAA","false"
"0jiVY00000002jgYAA","false","0jiVY00000002jgYAA","false"
"0jiVY00000001qhYAA","false","0jiVY00000001qhYAA","false"
"0jiVY00000001pzYAA","false","0jiVY00000001pzYAA","false"
"0jiVY0000000472YAA","false","0jiVY0000000472YAA","false"
"0jiVY00000001rsYAA","false","0jiVY00000001rsYAA","false"
"0jiVY00000003zvYAA","false","0jiVY00000003zvYAA","true"
"0jiVY000000044GYAQ","false","0jiVY000000044GYAQ","false"
"0jiVY000000040cYAA","false","0jiVY000000040cYAA","true"
"0jiVY000000040OYAQ","false","0jiVY000000040OYAQ","true"
"0jiVY000000040mYAA","false","0jiVY000000040mYAA","false"
"0jiVY000000040DYAQ","false","0jiVY000000040DYAQ","true"
"0jiVY00000001rqYAA","false","0jiVY00000001rqYAA","false"
"0jiVY00000001rjYAA","false","0jiVY00000001rjYAA","false"
"0jiVY00000003ytYAA","false","0jiVY00000003ytYAA","true"
"0jiVY00000001scYAA","false","0jiVY00000001scYAA","false"
"0jiVY00000003zpYAA","false","0jiVY00000003zpYAA","true"
"0jiVY00000003yoYAA","false","0jiVY00000003yoYAA","false"
"0jiVY00000002jrYAA","false","0jiVY00000002jrYAA","false"
"0jiVY000000044yYAA","false","0jiVY000000044yYAA","false"
"0jiVY000000040NYAQ","false","0jiVY000000040NYAQ","false"
"0jiVY00000002jiYAA","false","0jiVY00000002jiYAA","false"
"0jiVY00000001roYAA","false","0jiVY00000001roYAA","false"
"0jiVY00000001ppYAA","false","0jiVY00000001ppYAA","false"
"0jiVY0000000444YAA","false","0jiVY0000000444YAA","false"
"0jiVY000000044ZYAQ","false","0jiVY000000044ZYAQ","false"
"0jiVY000000040YYAQ","false","0jiVY000000040YYAQ","true"
"0jiVY00000001r9YAA","false","0jiVY00000001r9YAA","false"
"0jiVY00000003yyYAA","false","0jiVY00000003yyYAA","true"
"0jiVY000000040iYAA","false","0jiVY000000040iYAA","true"
"0jiVY00000001rkYAA","false","0jiVY00000001rkYAA","false"
"0jiVY000000045HYAQ","false","0jiVY000000045HYAQ","false"
"0jiVY00000001sfYAA","false","0jiVY00000001sfYAA","false"
"0jiVY00000002jpYAA","false","0jiVY00000002jpYAA","false"
"0jiVY000000045rYAA","false","0jiVY000000045rYAA","false"
"0jiVY000000041AYAQ","false","0jiVY000000041AYAQ","true"
"0jiVY000000040RYAQ","false","0jiVY000000040RYAQ","false"
"0jiVY000000045yYAA","false","0jiVY000000045yYAA","false"
"0jiVY000000046iYAA","false","0jiVY000000046iYAA","false"
"0jiVY00000001skYAA","false","0jiVY00000001skYAA","false"
"0jiVY00000001pcYAA","false","0jiVY00000001pcYAA","false"
"0jiVY00000002jtYAA","false","0jiVY00000002jtYAA","false"
"0jiVY0000000406YAA","false","0jiVY0000000406YAA","true"
"0jiVY00000001rYYAQ","false","0jiVY00000001rYYAQ","false"
"0jiVY000000040LYAQ","false","0jiVY000000040LYAQ","true"
"0jiVY00000001s7YAA","false","0jiVY00000001s7YAA","false"
"0jiVY00000001pwYAA","false","0jiVY00000001pwYAA","false"
"0jiVY000000040BYAQ","false","0jiVY000000040BYAQ","false"
"0jiVY00000002jYYAQ","false","0jiVY00000002jYYAQ","false"
"0jiVY0000000470YAA","false","0jiVY0000000470YAA","false"
"0jiVY00000001pZYAQ","false","0jiVY00000001pZYAQ","false"
"0jiVY000000043rYAA","false","0jiVY000000043rYAA","false"
"0jiVY00000001sFYAQ","false","0jiVY00000001sFYAQ","false"
"0jiVY00000001t3YAA","false","0jiVY00000001t3YAA","false"
"0jiVY00000001ptYAA","false","0jiVY00000001ptYAA","false"
"0jiVY00000003ynYAA","false","0jiVY00000003ynYAA","true"
"0jiVY000000046QYAQ","false","0jiVY000000046QYAQ","false"
"0jiVY00000001rVYAQ","false","0jiVY00000001rVYAQ","false"
"0jiVY00000003zLYAQ","false","0jiVY00000003zLYAQ","true"
"0jiVY00000002jQYAQ","false","0jiVY00000002jQYAQ","false"
"0jiVY000000044EYAQ","false","0jiVY000000044EYAQ","false"
"0jiVY000000041FYAQ","false","0jiVY000000041FYAQ","true"
"0jiVY000000045nYAA","false","0jiVY000000045nYAA","false"
"0jiVY000000045KYAQ","false","0jiVY000000045KYAQ","false"
"0jiVY00000002jsYAA","false","0jiVY00000002jsYAA","false"
"0jiVY00000003zyYAA","false","0jiVY00000003zyYAA","false"
"0jiVY00000003yqYAA","false","0jiVY00000003yqYAA","true"
"0jiVY00000003zZYAQ","false","0jiVY00000003zZYAQ","true"
"0jiVY000000045SYAQ","false","0jiVY000000045SYAQ","false"
"0jiVY000000037ZYAQ","false","0jiVY000000037ZYAQ","false"
"0jiVY0000000449YAA","false","0jiVY0000000449YAA","false"
"0jiVY00000001qcYAA","false","0jiVY00000001qcYAA","false"
"0jiVY00000002jUYAQ","false","0jiVY00000002jUYAQ","false"
"0jiVY000000046ZYAQ","false","0jiVY000000046ZYAQ","false"
"0jiVY00000001qqYAA","false","0jiVY00000001qqYAA","false"
"0jiVY000000044uYAA","false","0jiVY000000044uYAA","false"
"0jiVY00000003ziYAA","false","0jiVY00000003ziYAA","false"
"0jiVY00000003zWYAQ","false","0jiVY00000003zWYAQ","true"
"0jiVY00000001reYAA","false","0jiVY00000001reYAA","false"
"0jiVY000000043uYAA","false","0jiVY000000043uYAA","false"
"0jiVY00000002jSYAQ","false","0jiVY00000002jSYAQ","false"
"0jiVY000000040aYAA","false","0jiVY000000040aYAA","true"
"0jiVY0000000446YAA","false","0jiVY0000000446YAA","false"
"0jiVY00000002k8YAA","false","0jiVY00000002k8YAA","false"
"0jiVY000000045TYAQ","false","0jiVY000000045TYAQ","false"
"0jiVY00000001sSYAQ","false","0jiVY00000001sSYAQ","false"
"0jiVY000000046mYAA","false","0jiVY000000046mYAA","false"
"0jiVY000000040qYAA","false","0jiVY000000040qYAA","false"
"0jiVY000000045fYAA","false","0jiVY000000045fYAA","false"
"0jiVY00000001rOYAQ","false","0jiVY00000001rOYAQ","false"
"0jiVY000000046sYAA","false","0jiVY000000046sYAA","false"
"0jiVY00000002t3YAA","false","0jiVY00000002t3YAA","false"
"0jiVY00000002jOYAQ","false","0jiVY00000002jOYAQ","false"
"0jiVY00000001spYAA","false","0jiVY00000001spYAA","false"
"0jiVY00000001psYAA","false","0jiVY00000001psYAA","false"
"0jiVY00000001pfYAA","false","0jiVY00000001pfYAA","false"
"0jiVY000000043gYAA","false","0jiVY000000043gYAA","false"
"0jiVY00000003zOYAQ","false","0jiVY00000003zOYAQ","true"
"0jiVY000000045OYAQ","false","0jiVY000000045OYAQ","false"
"0jiVY00000003zjYAA","false","0jiVY00000003zjYAA","true"
"0jiVY000000034LYAQ","false","0jiVY000000034LYAQ","false"
"0jiVY00000001qIYAQ","false","0jiVY00000001qIYAQ","false"
"0jiVY00000001sbYAA","false","0jiVY00000001sbYAA","false"
"0jiVY00000001pMYAQ","false","0jiVY00000001pMYAQ","false"
"0jiVY000000045iYAA","false","0jiVY000000045iYAA","false"
"0jiVY00000003yvYAA","false","0jiVY00000003yvYAA","true"
"0jiVY00000001sKYAQ","false","0jiVY00000001sKYAQ","false"
"0jiVY0000000404YAA","false","0jiVY0000000404YAA","true"
"0jiVY00000001r4YAA","false","0jiVY00000001r4YAA","false"
"0jiVY000000039BYAQ","false","0jiVY000000039BYAQ","false"
"0jiVY00000001qJYAQ","false","0jiVY00000001qJYAQ","false"
"0jiVY000000044vYAA","false","0jiVY000000044vYAA","false"
"0jiVY000000046rYAA","false","0jiVY000000046rYAA","false"
"0jiVY00000002jPYAQ","false","0jiVY00000002jPYAQ","false"
"0jiVY00000001sOYAQ","false","0jiVY00000001sOYAQ","false"
"0jiVY000000045LYAQ","false","0jiVY000000045LYAQ","false"
"0jiVY000000045aYAA","false","0jiVY000000045aYAA","false"
"0jiVY00000001puYAA","false","0jiVY00000001puYAA","false"
"0jiVY000000046NYAQ","false","0jiVY000000046NYAQ","false"
"0jiVY00000001t0YAA","false","0jiVY00000001t0YAA","false"
"0jiVY000000044KYAQ","false","0jiVY000000044KYAQ","false"
"0jiVY00000001smYAA","false","0jiVY00000001smYAA","false"
"0jiVY000000040XYAQ","false","0jiVY000000040XYAQ","false"
"0jiVY00000003zhYAA","false","0jiVY00000003zhYAA","true"
"0jiVY00000003zDYAQ","false","0jiVY00000003zDYAQ","true"
"0jiVY00000003zSYAQ","false","0jiVY00000003zSYAQ","true"
"0jiVY00000001qXYAQ","false","0jiVY00000001qXYAQ","false"
"0jiVY00000002k6YAA","false","0jiVY00000002k6YAA","false"
"0jiVY000000040ZYAQ","false","0jiVY000000040ZYAQ","true"
"0jiVY00000002jhYAA","false","0jiVY00000002jhYAA","false"
"0jiVY00000001qPYAQ","false","0jiVY00000001qPYAQ","false"
"0jiVY00000003CPYAY","false","0jiVY00000003CPYAY","false"
"0jiVY00000001sxYAA","false","0jiVY00000001sxYAA","false"
"0jiVY000000046eYAA","false","0jiVY000000046eYAA","false"
"0jiVY000000045oYAA","false","0jiVY000000045oYAA","false"
"0jiVY00000001r0YAA","false","0jiVY00000001r0YAA","false"
"0jiVY00000003ywYAA","false","0jiVY00000003ywYAA","true"
"0jiVY000000044qYAA","false","0jiVY000000044qYAA","false"
"0jiVY000000046qYAA","false","0jiVY000000046qYAA","false"
"0jiVY000000040SYAQ","false","0jiVY000000040SYAQ","false"
"0jiVY00000001ssYAA","false","0jiVY00000001ssYAA","false"
"0jiVY000000045mYAA","false","0jiVY000000045mYAA","false"
"0jiVY00000001qEYAQ","false","0jiVY00000001qEYAQ","false"
"0jiVY0000000460YAA","false","0jiVY0000000460YAA","false"
"0jiVY0000000411YAA","false","0jiVY0000000411YAA","false"
"0jiVY00000002juYAA","false","0jiVY00000002juYAA","false"
"0jiVY000000046TYAQ","false","0jiVY000000046TYAQ","false"
"0jiVY00000001qCYAQ","false","0jiVY00000001qCYAQ","false"
"0jiVY000000044iYAA","false","0jiVY000000044iYAA","false"
"0jiVY0000000441YAA","false","0jiVY0000000441YAA","false"
"0jiVY000000046hYAA","false","0jiVY000000046hYAA","false"
"0jiVY000000045jYAA","false","0jiVY000000045jYAA","false"
"0jiVY000000045xYAA","false","0jiVY000000045xYAA","false"
"0jiVY00000001qxYAA","false","0jiVY00000001qxYAA","false"
"0jiVY00000003z7YAA","false","0jiVY00000003z7YAA","true"
"0jiVY00000002ufYAA","false","0jiVY00000002ufYAA","false"
"0jiVY000000046oYAA","false","0jiVY000000046oYAA","false"
"0jiVY00000001pTYAQ","false","0jiVY00000001pTYAQ","false"
"0jiVY000000046VYAQ","false","0jiVY000000046VYAQ","false"
"0jiVY00000001rQYAQ","false","0jiVY00000001rQYAQ","false"
"0jiVY00000001qLYAQ","false","0jiVY00000001qLYAQ","false"
"0jiVY0000000465YAA","false","0jiVY0000000465YAA","false"
"0jiVY000000043tYAA","false","0jiVY000000043tYAA","false"
"0jiVY000000043lYAA","false","0jiVY000000043lYAA","false"
"0jiVY00000001szYAA","false","0jiVY00000001szYAA","false"
"0jiVY000000044fYAA","false","0jiVY000000044fYAA","false"
"0jiVY000000045gYAA","false","0jiVY000000045gYAA","false"
"0jiVY00000001qbYAA","false","0jiVY00000001qbYAA","false"
"0jiVY000000045EYAQ","false","0jiVY000000045EYAQ","false"
"0jiVY0000000418YAA","false","0jiVY0000000418YAA","true"
"0jiVY000000041DYAQ","false","0jiVY000000041DYAQ","true"
"0jiVY0000000414YAA","false","0jiVY0000000414YAA","true"
"0jiVY00000002jRYAQ","false","0jiVY00000002jRYAQ","false"
"0jiVY00000002d6YAA","false","0jiVY00000002d6YAA","false"
"0jiVY00000001s6YAA","false","0jiVY00000001s6YAA","false"
"0jiVY00000001pdYAA","false","0jiVY00000001pdYAA","false"
"0jiVY0000000456YAA","false","0jiVY0000000456YAA","false"
"0jiVY000000046GYAQ","false","0jiVY000000046GYAQ","false"
"0jiVY000000043mYAA","false","0jiVY000000043mYAA","false"
"0jiVY000000046lYAA","false","0jiVY000000046lYAA","false"
"0jiVY00000001qFYAQ","false","0jiVY00000001qFYAQ","false"
"0jiVY000000045AYAQ","false","0jiVY000000045AYAQ","false"
"0jiVY0000000408YAA","false","0jiVY0000000408YAA","true"
"0jiVY000000044XYAQ","false","0jiVY000000044XYAQ","false"
"0jiVY00000002k5YAA","false","0jiVY00000002k5YAA","false"
"0jiVY00000001rNYAQ","false","0jiVY00000001rNYAQ","false"
"0jiVY00000001q6YAA","false","0jiVY00000001q6YAA","false"
"0jiVY00000001pkYAA","false","0jiVY00000001pkYAA","false"
"0jiVY0000000400YAA","false","0jiVY0000000400YAA","false"
"0jiVY00000003zdYAA","false","0jiVY00000003zdYAA","true"
"0jiVY000000046wYAA","false","0jiVY000000046wYAA","false"
"0jiVY0000000419YAA","false","0jiVY0000000419YAA","true"
"0jiVY00000002jwYAA","false","0jiVY00000002jwYAA","false"
"0jiVY0000000468YAA","false","0jiVY0000000468YAA","false"
"0jiVY00000001rtYAA","false","0jiVY00000001rtYAA","false"
"0jiVY00000001phYAA","false","0jiVY00000001phYAA","false"
"0jiVY00000001qkYAA","false","0jiVY00000001qkYAA","false"
"0jiVY000000041GYAQ","false","0jiVY000000041GYAQ","true"
"0jiVY000000040fYAA","false","0jiVY000000040fYAA","true"
"0jiVY00000003ztYAA","false","0jiVY00000003ztYAA","true"
"0jiVY000000045VYAQ","false","0jiVY000000045VYAQ","false"
"0jiVY000000046IYAQ","false","0jiVY000000046IYAQ","false"
"0jiVY0000000451YAA","false","0jiVY0000000451YAA","false"
"0jiVY00000001rRYAQ","false","0jiVY00000001rRYAQ","false"
"0jiVY00000001rZYAQ","false","0jiVY00000001rZYAQ","false"
"0jiVY00000001s5YAA","false","0jiVY00000001s5YAA","false"
"0jiVY00000001qSYAQ","false","0jiVY00000001qSYAQ","false"
"0jiVY00000001t1YAA","false","0jiVY00000001t1YAA","false"
"0jiVY00000001rLYAQ","false","0jiVY00000001rLYAQ","false"
"0jiVY00000001qZYAQ","false","0jiVY00000001qZYAQ","false"
"0jiVY000000040MYAQ","false","0jiVY000000040MYAQ","true"
"0jiVY00000001rEYAQ","false","0jiVY00000001rEYAQ","false"
"0jiVY00000003yzYAA","false","0jiVY00000003yzYAA","false"
"0jiVY00000001pWYAQ","false","0jiVY00000001pWYAQ","false"
"0jiVY000000040QYAQ","false","0jiVY000000040QYAQ","false"
"0jiVY00000001saYAA","false","0jiVY00000001saYAA","false"
"0jiVY0000000318YAA","false","0jiVY0000000318YAA","false"
"0jiVY000000040bYAA","false","0jiVY000000040bYAA","true"
"0jiVY000000044JYAQ","false","0jiVY000000044JYAQ","false"
"0jiVY00000002jWYAQ","false","0jiVY00000002jWYAQ","false"
"0jiVY00000003zaYAA","false","0jiVY00000003zaYAA","true"
