"Id","Status"
"1pgVY000000003HYAQ","Completed"
"1pgVY000000003IYAQ","Completed"
"1pgVY000000003OYAQ","Completed"
"1pgVY000000003SYAQ","Completed"
"1pgVY000000003nYAA","Completed"
"1pgVY000000003oYAA","Completed"
"1pgVY0000000049YAA","Completed"
"1pgVY000000004DYAQ","Completed"
"1pgVY000000004EYAQ","Completed"
"1pgVY000000004FYAQ","Completed"
"1pgVY000000004HYAQ","Completed"
"1pgVY000000004IYAQ","Completed"
"1pgVY000000004JYAQ","Completed"
"1pgVY0000000059YAA","Completed"
"1pgVY000000005GYAQ","Completed"
"1pgVY000000005HYAQ","Completed"
"1pgVY000000005IYAQ","Completed"
"1pgVY000000005KYAQ","Completed"
"1pgVY000000005LYAQ","Completed"
"1pgVY000000005MYAQ","Completed"
"1pgVY000000005WYAQ","Completed"
"1pgVY000000005XYAQ","Completed"
"1pgVY000000005cYAA","Completed"
"1pgVY000000005dYAA","Completed"
"1pgVY000000005eYAA","Completed"
"1pgVY000000005kYAA","Completed"
"1pgVY000000005mYAA","Completed"
"1pgVY000000005nYAA","Completed"
"1pgVY000000005oYAA","Completed"
"1pgVY000000005sYAA","Completed"
"1pgVY000000005tYAA","Completed"
"1pgVY000000005uYAA","Completed"
"1pgVY000000005vYAA","Completed"
"1pgVY000000005wYAA","Completed"
"1pgVY00000000COYAY","Completed"
"1pgVY00000000CPYAY","Completed"
"1pgVY00000000CUYAY","Completed"
"1pgVY00000000CWYAY","Completed"
"1pgVY00000000CYYAY","Completed"
"1pgVY00000000CZYAY","Completed"
"1pgVY00000000CdYAI","Completed"
"1pgVY00000000CeYAI","Completed"
"1pgVY00000000CiYAI","Completed"
"1pgVY00000000CjYAI","Completed"
"1pgVY00000000CkYAI","Completed"
"1pgVY00000000CmYAI","Completed"
"1pgVY00000000CnYAI","Completed"
"1pgVY00000000CoYAI","Completed"
"1pgVY00000000CrYAI","Completed"
"1pgVY00000000CsYAI","Completed"
"1pgVY00000000G5YAI","Completed"
"1pgVY00000000G9YAI","Completed"
"1pgVY00000000GBYAY","Completed"
"1pgVY00000000GCYAY","Completed"
"1pgVY00000000GDYAY","Completed"
"1pgVY00000000GFYAY","Completed"
"1pgVY00000000GGYAY","Completed"
"1pgVY00000000GNYAY","Completed"
"1pgVY00000000GPYAY","Completed"
"1pgVY00000000GQYAY","Completed"
"1pgVY00000000GRYAY","Completed"
"1pgVY00000000MdYAI","Completed"
"1pgVY00000000PEYAY","Completed"
"1pgVY00000000PPYAY","Completed"
"1pgVY00000000PQYAY","Completed"
"1pgVY00000000TwYAI","Completed"
"1pgVY00000000TxYAI","Completed"
"1pgVY00000000TyYAI","Completed"
"1pgVY00000000U2YAI","Completed"
"1pgVY00000000U4YAI","Completed"
"1pgVY00000000U5YAI","Completed"
"1pgVY00000000U8YAI","Completed"
"1pgVY00000000UGYAY","Completed"
"1pgVY00000000UHYAY","Completed"
"1pgVY00000000VLYAY","Completed"
"1pgVY00000000VMYAY","Completed"
"1pgVY00000000VcYAI","Completed"
"1pgVY00000000VgYAI","Completed"
"1pgVY00000000ViYAI","Completed"
"1pgVY00000000VmYAI","Completed"
"1pgVY00000000VoYAI","Completed"
"1pgVY00000000VqYAI","Completed"
"1pgVY00000000VtYAI","Completed"
"1pgVY00000000VuYAI","Completed"
"1pgVY00000000aOYAQ","Completed"
"1pgVY00000000aPYAQ","Completed"
"1pgVY00000000aoYAA","Completed"
"1pgVY00000000apYAA","Completed"
"1pgVY00000000aqYAA","Completed"
"1pgVY00000000bMYAQ","Completed"
"1pgVY00000000bNYAQ","Completed"
"1pgVY00000000bOYAQ","Completed"
"1pgVY00000000bPYAQ","Completed"
"1pgVY00000000bQYAQ","Completed"
"1pgVY00000000bRYAQ","Completed"
"1pgVY00000000bSYAQ","Completed"
"1pgVY00000000bTYAQ","Completed"
"1pgVY00000000c6YAA","Completed"
"1pgVY00000000c7YAA","Completed"
"1pgVY00000000c8YAA","Completed"
"1pgVY00000000c9YAA","Completed"
"1pgVY00000000cAYAQ","Completed"
"1pgVY00000000cDYAQ","Completed"
"1pgVY00000000cEYAQ","Completed"
"1pgVY00000000cFYAQ","Completed"
"1pgVY00000000cRYAQ","Completed"
"1pgVY00000000cSYAQ","Completed"
"1pgVY00000000cTYAQ","Completed"
"1pgVY00000000cXYAQ","Completed"
"1pgVY00000000cYYAQ","Completed"
"1pgVY00000000cZYAQ","Completed"
"1pgVY00000000cbYAA","Completed"
"1pgVY00000000gCYAQ","Completed"
"1pgVY00000000iYYAQ","Completed"
"1pgVY00000000iZYAQ","Completed"
"1pgVY00000000mmYAA","Completed"
"1pgVY00000000moYAA","Completed"
"1pgVY00000000mvYAA","Completed"
"1pgVY00000000mxYAA","Completed"
"1pgVY00000000ncYAA","Completed"
"1pgVY00000000ndYAA","Completed"
"1pgVY00000000oJYAQ","Completed"
"1pgVY00000000oKYAQ","Completed"
"1pgVY00000000pUYAQ","Completed"
"1pgVY00000000srYAA","Completed"
"1pgVY00000000ssYAA","Completed"
"1pgVY00000000stYAA","Completed"
"1pgVY00000000t5YAA","Completed"
"1pgVY00000000tYYAQ","Completed"
"1pgVY00000000tZYAQ","Completed"
"1pgVY00000000tmYAA","Completed"
"1pgVY00000000tnYAA","Completed"
"1pgVY00000000tpYAA","Completed"
"1pgVY00000000tqYAA","Completed"
"1pgVY00000000trYAA","Completed"
"1pgVY00000000tuYAA","Completed"
"1pgVY00000000uYYAQ","Completed"
"1pgVY00000000udYAA","Completed"
"1pgVY00000000wAYAQ","Completed"
"1pgVY00000000wBYAQ","Completed"
"1pgVY00000000wXYAQ","Completed"
"1pgVY00000000wYYAQ","Completed"
"1pgVY00000000wZYAQ","Completed"
"1pgVY00000000wsYAA","Completed"
"1pgVY00000000x4YAA","Completed"
"1pgVY00000000x5YAA","Completed"
"1pgVY00000000x6YAA","Completed"
"1pgVY00000000x7YAA","Completed"
"1pgVY00000000x8YAA","Completed"
"1pgVY00000000x9YAA","Completed"
"1pgVY00000000xDYAQ","Completed"
"1pgVY00000000xEYAQ","Completed"
"1pgVY00000000xGYAQ","Completed"
"1pgVY00000000xHYAQ","Completed"
"1pgVY00000000xIYAQ","Completed"
"1pgVY00000000xMYAQ","Completed"
"1pgVY00000000xNYAQ","Completed"
"1pgVY00000000xOYAQ","Completed"
"1pgVY00000000xPYAQ","Completed"
"1pgVY00000000xQYAQ","Completed"
"1pgVY00000000xVYAQ","Completed"
"1pgVY00000000ykYAA","Completed"
"1pgVY00000000zgYAA","Completed"
"1pgVY000000010JYAQ","Completed"
"1pgVY000000011uYAA","Completed"
"1pgVY000000012PYAQ","Completed"
"1pgVY000000012ZYAQ","Completed"
"1pgVY000000013YYAQ","Completed"
"1pgVY000000014zYAA","Completed"
"1pgVY000000015NYAQ","Completed"
"1pgVY000000015PYAQ","Completed"
"1pgVY000000015bYAA","Completed"
"1pgVY000000015cYAA","Completed"
"1pgVY000000015lYAA","Completed"
"1pgVY000000017iYAA","Completed"
"1pgVY000000017yYAA","Completed"
