"Id","ProgramEnrollmentId"
"0xWVY0000002s9G2AQ","11XVY000004xUfi2AE"
"0xWVY0000002sAs2AI","11XVY000004xUfi2AE"
"0xWVY0000002wzI2AQ","11XVY000004xUfi2AE"
"0xWVY0000002x0o2AA","11XVY000004xUfi2AE"
"0xWVY0000002yUt2AI","11XVY000004xUfi2AE"
"0xWVY0000002yWQ2AY","11XVY000004xUfi2AE"
"0xWVY0000002yXx2AI","11XVY000004xUfi2AE"
"0xWVY0000002yZZ2AY","11XVY000004xUfi2AE"
"0xWVY00000034v72AA","11XVY000004xUfi2AE"
"0xWVY0000003Dbx2AE","11XVY000004xUfi2AE"
"0xWVY0000003Dgf2AE","11XVY000004xUfi2AE"
"0xWVY0000003DiH2AU","11XVY000004xUfi2AE"
"0xWVY0000003j5V2AQ","11XVY000004xUfi2AE"
"0xWVY0000003j762AA","11XVY000004xUfi2AE"
"0xWVY0000003j8g2AA","11XVY000004xUfi2AE"
