"Id","ProgramId","Status"
"11XVY000000aLac2AE","11WVY000005ea9y2AA","Enrolled"
"11XVY000000aLc52AE","11WVY000005ea9y2AA","Enrolled"
"11XVY000000aMWq2AM","11WVY000005ea9y2AA","Enrolled"
"11XVY000000aMX22AM","11WVY000005ea9y2AA","Enrolled"
"11XVY000000aMXF2A2","11WVY000005ea9y2AA","Enrolled"
"11XVY000000aMXG2A2","11WVY000005ea9y2AA","Enrolled"
"11XVY000000aMXI2A2","11WVY000005ea9y2AA","Enrolled"
"11XVY000000aMXJ2A2","11WVY000005ea9y2AA","Enrolled"
"11XVY000000aMXM2A2","11WVY000005ea9y2AA","Enrolled"
"11XVY000000aMXS2A2","11WVY000005ea9y2AA","Enrolled"
"11XVY000000aMXT2A2","11WVY000005ea9y2AA","Enrolled"
"11XVY000000aMXU2A2","11WVY000005ea9y2AA","Enrolled"
"11XVY000000aMXV2A2","11WVY000005ea9y2AA","Enrolled"
"11XVY000000aMXW2A2","11WVY000005ea9y2AA","Enrolled"
"11XVY000000aMXX2A2","11WVY000005ea9y2AA","Enrolled"
"11XVY000000aMXY2A2","11WVY000005ea9y2AA","Enrolled"
"11XVY000000aMXa2AM","11WVY000005ea9y2AA","Enrolled"
"11XVY000000aMXc2AM","11WVY000005ea9y2AA","Enrolled"
"11XVY000000aMXe2AM","11WVY000005ea9y2AA","Enrolled"
"11XVY000000aMXf2AM","11WVY000005ea9y2AA","Enrolled"
"11XVY000000aMXg2AM","11WVY000005ea9y2AA","Enrolled"
"11XVY000000aMXh2AM","11WVY000005ea9y2AA","Enrolled"
"11XVY000000aMXk2AM","11WVY000005ea9y2AA","Enrolled"
"11XVY000000aMXl2AM","11WVY000005ea9y2AA","Enrolled"
"11XVY000000aMXm2AM","11WVY000005ea9y2AA","Enrolled"
"11XVY000000aMXn2AM","11WVY000005ea9y2AA","Enrolled"
"11XVY000000aMXo2AM","11WVY000005ea9y2AA","Enrolled"
"11XVY000000aMXq2AM","11WVY000005ea9y2AA","Enrolled"
"11XVY000000aMXx2AM","11WVY000005ea9y2AA","Enrolled"
"11XVY000000aMXy2AM","11WVY000005ea9y2AA","Enrolled"
"11XVY000000aMXz2AM","11WVY000005ea9y2AA","Enrolled"
"11XVY000000aMY02AM","11WVY000005ea9y2AA","Enrolled"
"11XVY000000aMY12AM","11WVY000005ea9y2AA","Enrolled"
"11XVY000000aMY22AM","11WVY000005ea9y2AA","Enrolled"
"11XVY000000aMY32AM","11WVY000005ea9y2AA","Enrolled"
"11XVY000000aMY52AM","11WVY000005ea9y2AA","Enrolled"
"11XVY000000aMY62AM","11WVY000005ea9y2AA","Enrolled"
"11XVY000000aMY72AM","11WVY000005ea9y2AA","Enrolled"
"11XVY000000aMYA2A2","11WVY000005ea9y2AA","Enrolled"
"11XVY000000aMYD2A2","11WVY000005ea9y2AA","Enrolled"
"11XVY000000aMYE2A2","11WVY000005ea9y2AA","Enrolled"
"11XVY000000aMYF2A2","11WVY000005ea9y2AA","Enrolled"
"11XVY000000aMYH2A2","11WVY000005ea9y2AA","Enrolled"
"11XVY000000aMYI2A2","11WVY000005ea9y2AA","Enrolled"
"11XVY000000aMYJ2A2","11WVY000005ea9y2AA","Enrolled"
"11XVY000000aMYK2A2","11WVY000005ea9y2AA","Enrolled"
"11XVY000000aMYL2A2","11WVY000005ea9y2AA","Enrolled"
"11XVY000000aMYN2A2","11WVY000005ea9y2AA","Enrolled"
"11XVY000000aMYP2A2","11WVY000005ea9y2AA","Enrolled"
"11XVY000000aMYR2A2","11WVY000005ea9y2AA","Enrolled"
"11XVY000000aMYS2A2","11WVY000005ea9y2AA","Enrolled"
"11XVY000000aMYU2A2","11WVY000005ea9y2AA","Enrolled"
"11XVY000000aMYV2A2","11WVY000005ea9y2AA","Enrolled"
"11XVY000000aMYW2A2","11WVY000005ea9y2AA","Enrolled"
"11XVY000000aMYa2AM","11WVY000005ea9y2AA","Enrolled"
"11XVY000000aMYc2AM","11WVY000005ea9y2AA","Enrolled"
"11XVY000000aMYd2AM","11WVY000005ea9y2AA","Enrolled"
"11XVY000000aMYf2AM","11WVY000005ea9y2AA","Enrolled"
"11XVY000000aMYg2AM","11WVY000005ea9y2AA","Enrolled"
"11XVY000000aMYh2AM","11WVY000005ea9y2AA","Enrolled"
"11XVY000000aMYi2AM","11WVY000005ea9y2AA","Enrolled"
"11XVY000000aMYj2AM","11WVY000005ea9y2AA","Enrolled"
"11XVY000000aMYk2AM","11WVY000005ea9y2AA","Enrolled"
"11XVY000000aMYl2AM","11WVY000005ea9y2AA","Enrolled"
"11XVY000000aMYn2AM","11WVY000005ea9y2AA","Enrolled"
"11XVY000000aMYo2AM","11WVY000005ea9y2AA","Enrolled"
"11XVY000000aMYp2AM","11WVY000005ea9y2AA","Enrolled"
"11XVY000000aMYq2AM","11WVY000005ea9y2AA","Enrolled"
"11XVY000000aMYs2AM","11WVY000005ea9y2AA","Enrolled"
"11XVY000000aMYt2AM","11WVY000005ea9y2AA","Enrolled"
"11XVY000000aMYu2AM","11WVY000005ea9y2AA","Enrolled"
"11XVY000000aMYw2AM","11WVY000005ea9y2AA","Enrolled"
"11XVY000000aMYx2AM","11WVY000005ea9y2AA","Enrolled"
"11XVY000000aMYz2AM","11WVY000005ea9y2AA","Enrolled"
"11XVY000000aMZ12AM","11WVY000005ea9y2AA","Enrolled"
"11XVY000000aMZ22AM","11WVY000005ea9y2AA","Enrolled"
"11XVY000000aMZ32AM","11WVY000005ea9y2AA","Enrolled"
"11XVY000000aMZ42AM","11WVY000005ea9y2AA","Enrolled"
"11XVY000000aMZ52AM","11WVY000005ea9y2AA","Enrolled"
"11XVY000000aMZ62AM","11WVY000005ea9y2AA","Enrolled"
"11XVY000000aMZ72AM","11WVY000005ea9y2AA","Enrolled"
"11XVY000000aMZ82AM","11WVY000005ea9y2AA","Enrolled"
"11XVY000000aMZ92AM","11WVY000005ea9y2AA","Enrolled"
"11XVY000000aMZA2A2","11WVY000005ea9y2AA","Enrolled"
"11XVY000000aMZB2A2","11WVY000005ea9y2AA","Enrolled"
"11XVY000000aMZD2A2","11WVY000005ea9y2AA","Enrolled"
"11XVY000000aMZG2A2","11WVY000005ea9y2AA","Enrolled"
"11XVY000000aMZI2A2","11WVY000005ea9y2AA","Enrolled"
"11XVY000000aMZJ2A2","11WVY000005ea9y2AA","Enrolled"
"11XVY000000aMZK2A2","11WVY000005ea9y2AA","Enrolled"
"11XVY000000aMZL2A2","11WVY000005ea9y2AA","Enrolled"
"11XVY000000aMZM2A2","11WVY000005ea9y2AA","Enrolled"
"11XVY000000aMZO2A2","11WVY000005ea9y2AA","Enrolled"
"11XVY000000aMZP2A2","11WVY000005ea9y2AA","Enrolled"
"11XVY000000aMZT2A2","11WVY000005ea9y2AA","Enrolled"
"11XVY000000aMZU2A2","11WVY000005ea9y2AA","Enrolled"
"11XVY000000aMZV2A2","11WVY000005ea9y2AA","Enrolled"
"11XVY000000aMZW2A2","11WVY000005ea9y2AA","Enrolled"
"11XVY000000aMZX2A2","11WVY000005ea9y2AA","Enrolled"
"11XVY000000aMZY2A2","11WVY000005ea9y2AA","Enrolled"
"11XVY000000aMZa2AM","11WVY000005ea9y2AA","Enrolled"
"11XVY000000aMZc2AM","11WVY000005ea9y2AA","Enrolled"
"11XVY000000aMZh2AM","11WVY000005ea9y2AA","Enrolled"
"11XVY000000aMZi2AM","11WVY000005ea9y2AA","Enrolled"
"11XVY000000aMZk2AM","11WVY000005ea9y2AA","Enrolled"
"11XVY000000aMZl2AM","11WVY000005ea9y2AA","Enrolled"
"11XVY000000aMZn2AM","11WVY000005ea9y2AA","Enrolled"
"11XVY000000aMZp2AM","11WVY000005ea9y2AA","Enrolled"
"11XVY000000aMZr2AM","11WVY000005ea9y2AA","Enrolled"
"11XVY000000aMZt2AM","11WVY000005ea9y2AA","Enrolled"
"11XVY000000aMZu2AM","11WVY000005ea9y2AA","Enrolled"
"11XVY000000aMZx2AM","11WVY000005ea9y2AA","Enrolled"
"11XVY000000aMZz2AM","11WVY000005ea9y2AA","Enrolled"
"11XVY000000aMa12AE","11WVY000005ea9y2AA","Enrolled"
"11XVY000000aMa32AE","11WVY000005ea9y2AA","Enrolled"
"11XVY000000aMa42AE","11WVY000005ea9y2AA","Enrolled"
"11XVY000000aMa52AE","11WVY000005ea9y2AA","Enrolled"
"11XVY000000aMa62AE","11WVY000005ea9y2AA","Enrolled"
"11XVY000000aMa72AE","11WVY000005ea9y2AA","Enrolled"
"11XVY000000aMaB2AU","11WVY000005ea9y2AA","Enrolled"
"11XVY000000aMaC2AU","11WVY000005ea9y2AA","Enrolled"
"11XVY000000aMaD2AU","11WVY000005ea9y2AA","Enrolled"
"11XVY000000aMaF2AU","11WVY000005ea9y2AA","Enrolled"
"11XVY000000aMaG2AU","11WVY000005ea9y2AA","Enrolled"
"11XVY000000aMaH2AU","11WVY000005ea9y2AA","Enrolled"
"11XVY000000aMaJ2AU","11WVY000005ea9y2AA","Enrolled"
"11XVY000000aMaL2AU","11WVY000005ea9y2AA","Enrolled"
"11XVY000000aMaM2AU","11WVY000005ea9y2AA","Enrolled"
"11XVY000000aMaO2AU","11WVY000005ea9y2AA","Enrolled"
"11XVY000000aMaP2AU","11WVY000005ea9y2AA","Enrolled"
"11XVY000000aMaQ2AU","11WVY000005ea9y2AA","Enrolled"
"11XVY000000aMaR2AU","11WVY000005ea9y2AA","Enrolled"
"11XVY000000aMaS2AU","11WVY000005ea9y2AA","Enrolled"
"11XVY000000aMaT2AU","11WVY000005ea9y2AA","Enrolled"
"11XVY000000aMaU2AU","11WVY000005ea9y2AA","Enrolled"
"11XVY000000aMaV2AU","11WVY000005ea9y2AA","Enrolled"
"11XVY000000aMaW2AU","11WVY000005ea9y2AA","Enrolled"
"11XVY000000aMaX2AU","11WVY000005ea9y2AA","Enrolled"
"11XVY000000aMaZ2AU","11WVY000005ea9y2AA","Enrolled"
"11XVY000000aMaa2AE","11WVY000005ea9y2AA","Enrolled"
"11XVY000000aMab2AE","11WVY000005ea9y2AA","Enrolled"
"11XVY000000aMag2AE","11WVY000005ea9y2AA","Enrolled"
"11XVY000000aMah2AE","11WVY000005ea9y2AA","Enrolled"
"11XVY000000aMaj2AE","11WVY000005ea9y2AA","Enrolled"
"11XVY000000aMak2AE","11WVY000005ea9y2AA","Enrolled"
"11XVY000000aMan2AE","11WVY000005ea9y2AA","Enrolled"
"11XVY000000aMas2AE","11WVY000005ea9y2AA","Enrolled"
"11XVY000000aMau2AE","11WVY000005ea9y2AA","Enrolled"
"11XVY000000aMav2AE","11WVY000005ea9y2AA","Enrolled"
"11XVY000000aMaw2AE","11WVY000005ea9y2AA","Enrolled"
"11XVY000000aMax2AE","11WVY000005ea9y2AA","Enrolled"
"11XVY000000aMay2AE","11WVY000005ea9y2AA","Enrolled"
"11XVY000000aMb02AE","11WVY000005ea9y2AA","Enrolled"
"11XVY000000aMb12AE","11WVY000005ea9y2AA","Enrolled"
"11XVY000000aMb22AE","11WVY000005ea9y2AA","Enrolled"
"11XVY000000aMb32AE","11WVY000005ea9y2AA","Enrolled"
"11XVY000000aMb52AE","11WVY000005ea9y2AA","Enrolled"
"11XVY000000aMb62AE","11WVY000005ea9y2AA","Enrolled"
"11XVY000000aMb72AE","11WVY000005ea9y2AA","Enrolled"
"11XVY000000aMb92AE","11WVY000005ea9y2AA","Enrolled"
"11XVY000000aMbA2AU","11WVY000005ea9y2AA","Enrolled"
"11XVY000000aMbD2AU","11WVY000005ea9y2AA","Enrolled"
"11XVY000000aMbE2AU","11WVY000005ea9y2AA","Enrolled"
"11XVY000000aMbF2AU","11WVY000005ea9y2AA","Enrolled"
"11XVY000000aMbG2AU","11WVY000005ea9y2AA","Enrolled"
"11XVY000000aMbH2AU","11WVY000005ea9y2AA","Enrolled"
"11XVY000000aMbI2AU","11WVY000005ea9y2AA","Enrolled"
"11XVY000000aMbJ2AU","11WVY000005ea9y2AA","Enrolled"
"11XVY000000aMbL2AU","11WVY000005ea9y2AA","Enrolled"
"11XVY000000aMbM2AU","11WVY000005ea9y2AA","Enrolled"
"11XVY000000aMbN2AU","11WVY000005ea9y2AA","Enrolled"
"11XVY000000aMbO2AU","11WVY000005ea9y2AA","Enrolled"
"11XVY000000aMbQ2AU","11WVY000005ea9y2AA","Enrolled"
"11XVY000000aMbR2AU","11WVY000005ea9y2AA","Enrolled"
"11XVY000000aMbS2AU","11WVY000005ea9y2AA","Enrolled"
"11XVY000000aMbT2AU","11WVY000005ea9y2AA","Enrolled"
"11XVY000000aMbU2AU","11WVY000005ea9y2AA","Enrolled"
"11XVY000000aMbV2AU","11WVY000005ea9y2AA","Enrolled"
"11XVY000000aMbW2AU","11WVY000005ea9y2AA","Enrolled"
"11XVY000000aMbX2AU","11WVY000005ea9y2AA","Enrolled"
"11XVY000000aMbY2AU","11WVY000005ea9y2AA","Enrolled"
"11XVY000000aMbZ2AU","11WVY000005ea9y2AA","Enrolled"
"11XVY000000aMba2AE","11WVY000005ea9y2AA","Enrolled"
"11XVY000000aMbb2AE","11WVY000005ea9y2AA","Enrolled"
"11XVY000000aMbc2AE","11WVY000005ea9y2AA","Enrolled"
"11XVY000000aMbd2AE","11WVY000005ea9y2AA","Enrolled"
"11XVY000000aMbe2AE","11WVY000005ea9y2AA","Enrolled"
"11XVY000000aMbf2AE","11WVY000005ea9y2AA","Enrolled"
"11XVY000000aMbg2AE","11WVY000005ea9y2AA","Enrolled"
"11XVY000000aMbh2AE","11WVY000005ea9y2AA","Enrolled"
"11XVY000000aMbi2AE","11WVY000005ea9y2AA","Enrolled"
"11XVY000000aMbj2AE","11WVY000005ea9y2AA","Enrolled"
"11XVY000000aMbk2AE","11WVY000005ea9y2AA","Enrolled"
"11XVY000000aMbl2AE","11WVY000005ea9y2AA","Enrolled"
"11XVY000000aMbm2AE","11WVY000005ea9y2AA","Enrolled"
"11XVY000000aMbn2AE","11WVY000005ea9y2AA","Enrolled"
"11XVY000000aMbo2AE","11WVY000005ea9y2AA","Enrolled"
"11XVY000000aMbq2AE","11WVY000005ea9y2AA","Enrolled"
"11XVY000000aMbr2AE","11WVY000005ea9y2AA","Enrolled"
"11XVY000000aMbs2AE","11WVY000005ea9y2AA","Enrolled"
"11XVY000000aMbt2AE","11WVY000005ea9y2AA","Enrolled"
"11XVY000000aMbu2AE","11WVY000005ea9y2AA","Enrolled"
"11XVY000000aMbv2AE","11WVY000005ea9y2AA","Enrolled"
"11XVY000000aMbw2AE","11WVY000005ea9y2AA","Enrolled"
"11XVY000000aMbx2AE","11WVY000005ea9y2AA","Enrolled"
"11XVY000000aMby2AE","11WVY000005ea9y2AA","Enrolled"
"11XVY000000aMbz2AE","11WVY000005ea9y2AA","Enrolled"
"11XVY000000aMc02AE","11WVY000005ea9y2AA","Enrolled"
"11XVY000000aMc12AE","11WVY000005ea9y2AA","Enrolled"
"11XVY000000aMc22AE","11WVY000005ea9y2AA","Enrolled"
"11XVY000000aMc32AE","11WVY000005ea9y2AA","Enrolled"
"11XVY000000aMc42AE","11WVY000005ea9y2AA","Enrolled"
"11XVY000000aMc52AE","11WVY000005ea9y2AA","Enrolled"
"11XVY000000aMc72AE","11WVY000005ea9y2AA","Enrolled"
"11XVY000000aMc82AE","11WVY000005ea9y2AA","Enrolled"
"11XVY000000aMc92AE","11WVY000005ea9y2AA","Enrolled"
"11XVY000000aMcA2AU","11WVY000005ea9y2AA","Enrolled"
"11XVY000000aMcB2AU","11WVY000005ea9y2AA","Enrolled"
"11XVY000000aMcC2AU","11WVY000005ea9y2AA","Enrolled"
"11XVY000000aMcD2AU","11WVY000005ea9y2AA","Enrolled"
"11XVY000000aMcE2AU","11WVY000005ea9y2AA","Enrolled"
"11XVY000000aMcF2AU","11WVY000005ea9y2AA","Enrolled"
"11XVY000000aMcG2AU","11WVY000005ea9y2AA","Enrolled"
"11XVY000000aMcH2AU","11WVY000005ea9y2AA","Enrolled"
"11XVY000000aMcI2AU","11WVY000005ea9y2AA","Enrolled"
"11XVY000000aMcK2AU","11WVY000005ea9y2AA","Enrolled"
"11XVY000000aMcL2AU","11WVY000005ea9y2AA","Enrolled"
"11XVY000000aMcM2AU","11WVY000005ea9y2AA","Enrolled"
"11XVY000000aMcN2AU","11WVY000005ea9y2AA","Enrolled"
"11XVY000000aMcP2AU","11WVY000005ea9y2AA","Enrolled"
"11XVY000000aMcQ2AU","11WVY000005ea9y2AA","Enrolled"
"11XVY000000aMcR2AU","11WVY000005ea9y2AA","Enrolled"
"11XVY000000aMcS2AU","11WVY000005ea9y2AA","Enrolled"
"11XVY000000aMcT2AU","11WVY000005ea9y2AA","Enrolled"
"11XVY000000aMcU2AU","11WVY000005ea9y2AA","Enrolled"
"11XVY000000aMcV2AU","11WVY000005ea9y2AA","Enrolled"
"11XVY000000aMcW2AU","11WVY000005ea9y2AA","Enrolled"
"11XVY000000aMcY2AU","11WVY000005ea9y2AA","Enrolled"
"11XVY000000aMcZ2AU","11WVY000005ea9y2AA","Enrolled"
"11XVY000000aMca2AE","11WVY000005ea9y2AA","Enrolled"
"11XVY000000aMcb2AE","11WVY000005ea9y2AA","Enrolled"
"11XVY000000aMcc2AE","11WVY000005ea9y2AA","Enrolled"
"11XVY000000aMcd2AE","11WVY000005ea9y2AA","Enrolled"
"11XVY000000aMce2AE","11WVY000005ea9y2AA","Enrolled"
"11XVY000000aMcf2AE","11WVY000005ea9y2AA","Enrolled"
"11XVY000000aMcg2AE","11WVY000005ea9y2AA","Enrolled"
"11XVY000000aMch2AE","11WVY000005ea9y2AA","Enrolled"
"11XVY000000aMci2AE","11WVY000005ea9y2AA","Enrolled"
"11XVY000000aMck2AE","11WVY000005ea9y2AA","Enrolled"
"11XVY000000aMcl2AE","11WVY000005ea9y2AA","Enrolled"
"11XVY000000aMcm2AE","11WVY000005ea9y2AA","Enrolled"
"11XVY000000aMco2AE","11WVY000005ea9y2AA","Enrolled"
"11XVY000000aMcp2AE","11WVY000005ea9y2AA","Enrolled"
"11XVY000000aMcq2AE","11WVY000005ea9y2AA","Enrolled"
"11XVY000000aMcr2AE","11WVY000005ea9y2AA","Enrolled"
"11XVY000000aMcs2AE","11WVY000005ea9y2AA","Enrolled"
"11XVY000000aMct2AE","11WVY000005ea9y2AA","Enrolled"
"11XVY000000aMcu2AE","11WVY000005ea9y2AA","Enrolled"
"11XVY000000aMcw2AE","11WVY000005ea9y2AA","Enrolled"
"11XVY000000aMcx2AE","11WVY000005ea9y2AA","Enrolled"
"11XVY000000aMcz2AE","11WVY000005ea9y2AA","Enrolled"
"11XVY000000aMd12AE","11WVY000005ea9y2AA","Enrolled"
"11XVY000000aMd42AE","11WVY000005ea9y2AA","Enrolled"
"11XVY000000aMd62AE","11WVY000005ea9y2AA","Enrolled"
"11XVY000000aMd82AE","11WVY000005ea9y2AA","Enrolled"
"11XVY000000aMdA2AU","11WVY000005ea9y2AA","Enrolled"
"11XVY000000aMdC2AU","11WVY000005ea9y2AA","Enrolled"
"11XVY000000aMdD2AU","11WVY000005ea9y2AA","Enrolled"
"11XVY000000aMdF2AU","11WVY000005ea9y2AA","Enrolled"
"11XVY000000aMdG2AU","11WVY000005ea9y2AA","Enrolled"
"11XVY000000aMdN2AU","11WVY000005ea9y2AA","Enrolled"
"11XVY000000aMdS2AU","11WVY000005ea9y2AA","Enrolled"
"11XVY000000aMdU2AU","11WVY000005ea9y2AA","Enrolled"
"11XVY000000aMdX2AU","11WVY000005ea9y2AA","Enrolled"
"11XVY000000aMdf2AE","11WVY000005ea9y2AA","Enrolled"
"11XVY000000aMdg2AE","11WVY000005ea9y2AA","Enrolled"
"11XVY000000aMdh2AE","11WVY000005ea9y2AA","Enrolled"
"11XVY000000aMdq2AE","11WVY000005ea9y2AA","Enrolled"
"11XVY000000aMdt2AE","11WVY000005ea9y2AA","Enrolled"
"11XVY000000aMdx2AE","11WVY000005ea9y2AA","Enrolled"
"11XVY000000aMe32AE","11WVY000005ea9y2AA","Enrolled"
"11XVY000000aMe42AE","11WVY000005ea9y2AA","Enrolled"
"11XVY000000aMe62AE","11WVY000005ea9y2AA","Enrolled"
"11XVY000000aMe72AE","11WVY000005ea9y2AA","Enrolled"
"11XVY000000aMe82AE","11WVY000005ea9y2AA","Enrolled"
"11XVY000000aMe92AE","11WVY000005ea9y2AA","Enrolled"
"11XVY000000aMeA2AU","11WVY000005ea9y2AA","Enrolled"
"11XVY000000aMeC2AU","11WVY000005ea9y2AA","Enrolled"
"11XVY000000aMeF2AU","11WVY000005ea9y2AA","Enrolled"
"11XVY000000aMeG2AU","11WVY000005ea9y2AA","Enrolled"
"11XVY000000aMeH2AU","11WVY000005ea9y2AA","Enrolled"
"11XVY000000aMeJ2AU","11WVY000005ea9y2AA","Enrolled"
"11XVY000000aMeK2AU","11WVY000005ea9y2AA","Enrolled"
"11XVY000000aMeN2AU","11WVY000005ea9y2AA","Enrolled"
"11XVY000000aMeO2AU","11WVY000005ea9y2AA","Enrolled"
"11XVY000000aMeP2AU","11WVY000005ea9y2AA","Enrolled"
"11XVY000000aMeQ2AU","11WVY000005ea9y2AA","Enrolled"
"11XVY000000aMeS2AU","11WVY000005ea9y2AA","Enrolled"
"11XVY000000aMeT2AU","11WVY000005ea9y2AA","Enrolled"
"11XVY000000aMeU2AU","11WVY000005ea9y2AA","Enrolled"
"11XVY000000aMeV2AU","11WVY000005ea9y2AA","Enrolled"
"11XVY000000aMeX2AU","11WVY000005ea9y2AA","Enrolled"
"11XVY000000aMea2AE","11WVY000005ea9y2AA","Enrolled"
"11XVY000000aMeb2AE","11WVY000005ea9y2AA","Enrolled"
"11XVY000000aMec2AE","11WVY000005ea9y2AA","Enrolled"
"11XVY000000aMed2AE","11WVY000005ea9y2AA","Enrolled"
"11XVY000000aMef2AE","11WVY000005ea9y2AA","Enrolled"
"11XVY000000aMeh2AE","11WVY000005ea9y2AA","Enrolled"
"11XVY000000aMei2AE","11WVY000005ea9y2AA","Enrolled"
"11XVY000000aMej2AE","11WVY000005ea9y2AA","Enrolled"
"11XVY000000aMek2AE","11WVY000005ea9y2AA","Enrolled"
"11XVY000000aMel2AE","11WVY000005ea9y2AA","Enrolled"
"11XVY000000aMem2AE","11WVY000005ea9y2AA","Enrolled"
"11XVY000000aMen2AE","11WVY000005ea9y2AA","Enrolled"
"11XVY000000aMeo2AE","11WVY000005ea9y2AA","Enrolled"
"11XVY000000aMep2AE","11WVY000005ea9y2AA","Enrolled"
"11XVY000000aMeq2AE","11WVY000005ea9y2AA","Enrolled"
"11XVY000000aMes2AE","11WVY000005ea9y2AA","Enrolled"
"11XVY000000aMeu2AE","11WVY000005ea9y2AA","Enrolled"
"11XVY000000aMev2AE","11WVY000005ea9y2AA","Enrolled"
"11XVY000000aMew2AE","11WVY000005ea9y2AA","Enrolled"
"11XVY000000aMez2AE","11WVY000005ea9y2AA","Enrolled"
"11XVY000000aMf22AE","11WVY000005ea9y2AA","Enrolled"
"11XVY000000aMf52AE","11WVY000005ea9y2AA","Enrolled"
"11XVY000000aMf62AE","11WVY000005ea9y2AA","Enrolled"
"11XVY000000aMfC2AU","11WVY000005ea9y2AA","Enrolled"
"11XVY000000aMfD2AU","11WVY000005ea9y2AA","Enrolled"
"11XVY000000aMfF2AU","11WVY000005ea9y2AA","Enrolled"
"11XVY000000aMfG2AU","11WVY000005ea9y2AA","Enrolled"
"11XVY000000aMfH2AU","11WVY000005ea9y2AA","Enrolled"
"11XVY000000aMfK2AU","11WVY000005ea9y2AA","Enrolled"
"11XVY000000aMfL2AU","11WVY000005ea9y2AA","Enrolled"
"11XVY000000aMfM2AU","11WVY000005ea9y2AA","Enrolled"
"11XVY000000aMfQ2AU","11WVY000005ea9y2AA","Enrolled"
"11XVY000000aMfR2AU","11WVY000005ea9y2AA","Enrolled"
"11XVY000000aMfT2AU","11WVY000005ea9y2AA","Enrolled"
"11XVY000000aMfX2AU","11WVY000005ea9y2AA","Enrolled"
"11XVY000000aMfY2AU","11WVY000005ea9y2AA","Enrolled"
"11XVY000000aMfZ2AU","11WVY000005ea9y2AA","Enrolled"
"11XVY000000aMfa2AE","11WVY000005ea9y2AA","Enrolled"
"11XVY000000aMfj2AE","11WVY000005ea9y2AA","Enrolled"
"11XVY000000aMfk2AE","11WVY000005ea9y2AA","Enrolled"
"11XVY000000aMfl2AE","11WVY000005ea9y2AA","Enrolled"
"11XVY000000aMfm2AE","11WVY000005ea9y2AA","Enrolled"
"11XVY000000aMfo2AE","11WVY000005ea9y2AA","Enrolled"
"11XVY000000aMfu2AE","11WVY000005ea9y2AA","Enrolled"
"11XVY000000aMfv2AE","11WVY000005ea9y2AA","Enrolled"
"11XVY000000aMfx2AE","11WVY000005ea9y2AA","Enrolled"
"11XVY000000aMfy2AE","11WVY000005ea9y2AA","Enrolled"
"11XVY000000aMg02AE","11WVY000005ea9y2AA","Enrolled"
"11XVY000000aMg12AE","11WVY000005ea9y2AA","Enrolled"
"11XVY000000aMg22AE","11WVY000005ea9y2AA","Enrolled"
"11XVY000000aMg32AE","11WVY000005ea9y2AA","Enrolled"
"11XVY000000aMg42AE","11WVY000005ea9y2AA","Enrolled"
"11XVY000000aMg52AE","11WVY000005ea9y2AA","Enrolled"
"11XVY000000aMgK2AU","11WVY000005ea9y2AA","Enrolled"
"11XVY000000aMgO2AU","11WVY000005ea9y2AA","Enrolled"
"11XVY000000aMgQ2AU","11WVY000005ea9y2AA","Enrolled"
"11XVY000000aMgt2AE","11WVY000005ea9y2AA","Enrolled"
"11XVY000000aMgw2AE","11WVY000005ea9y2AA","Enrolled"
"11XVY000000aMh12AE","11WVY000005ea9y2AA","Enrolled"
"11XVY000000aMh82AE","11WVY000005ea9y2AA","Enrolled"
"11XVY000000aMhT2AU","11WVY000005ea9y2AA","Enrolled"
"11XVY000000aMhd2AE","11WVY000005ea9y2AA","Enrolled"
"11XVY000000aMhh2AE","11WVY000005ea9y2AA","Enrolled"
"11XVY000000aMi02AE","11WVY000005ea9y2AA","Enrolled"
"11XVY000000aMi32AE","11WVY000005ea9y2AA","Enrolled"
"11XVY000000aMiD2AU","11WVY000005ea9y2AA","Enrolled"
"11XVY000000aMim2AE","11WVY000005ea9y2AA","Enrolled"
"11XVY000000aMin2AE","11WVY000005ea9y2AA","Enrolled"
"11XVY000000aMix2AE","11WVY000005ea9y2AA","Enrolled"
"11XVY000000aMj52AE","11WVY000005ea9y2AA","Enrolled"
"11XVY000000aMj92AE","11WVY000005ea9y2AA","Enrolled"
"11XVY000000aMjA2AU","11WVY000005ea9y2AA","Enrolled"
"11XVY000000aMjG2AU","11WVY000005ea9y2AA","Enrolled"
"11XVY000000aMjH2AU","11WVY000005ea9y2AA","Enrolled"
"11XVY000000aMjO2AU","11WVY000005ea9y2AA","Enrolled"
"11XVY000000aMjP2AU","11WVY000005ea9y2AA","Enrolled"
"11XVY000000aMjV2AU","11WVY000005ea9y2AA","Enrolled"
"11XVY000000aMjW2AU","11WVY000005ea9y2AA","Enrolled"
"11XVY000000aMjY2AU","11WVY000005ea9y2AA","Enrolled"
"11XVY000000aMq92AE","11WVY000005ea9y2AA","Enrolled"
"11XVY000000aMqA2AU","11WVY000005ea9y2AA","Enrolled"
"11XVY000000aMqC2AU","11WVY000005ea9y2AA","Enrolled"
"11XVY000000aMqN2AU","11WVY000005ea9y2AA","Enrolled"
"11XVY000000aMqQ2AU","11WVY000005ea9y2AA","Enrolled"
"11XVY000000aMqT2AU","11WVY000005ea9y2AA","Enrolled"
"11XVY000000aMqU2AU","11WVY000005ea9y2AA","Enrolled"
"11XVY000000aMqZ2AU","11WVY000005ea9y2AA","Enrolled"
"11XVY000000aMqo2AE","11WVY000005ea9y2AA","Enrolled"
"11XVY000000aMr62AE","11WVY000005ea9y2AA","Enrolled"
"11XVY000000aMrK2AU","11WVY000005ea9y2AA","Enrolled"
"11XVY000000aMrM2AU","11WVY000005ea9y2AA","Enrolled"
"11XVY000000aMrN2AU","11WVY000005ea9y2AA","Enrolled"
"11XVY000000aMrR2AU","11WVY000005ea9y2AA","Enrolled"
"11XVY000000aMrU2AU","11WVY000005ea9y2AA","Enrolled"
"11XVY000000aMrZ2AU","11WVY000005ea9y2AA","Enrolled"
"11XVY000000aMrc2AE","11WVY000005ea9y2AA","Enrolled"
"11XVY000000aMre2AE","11WVY000005ea9y2AA","Enrolled"
"11XVY000000aMrf2AE","11WVY000005ea9y2AA","Enrolled"
"11XVY000000aMsA2AU","11WVY000005ea9y2AA","Enrolled"
"11XVY000000aMsF2AU","11WVY000005ea9y2AA","Enrolled"
"11XVY000000aMsH2AU","11WVY000005ea9y2AA","Enrolled"
"11XVY000000aMsJ2AU","11WVY000005ea9y2AA","Enrolled"
"11XVY000000aMsQ2AU","11WVY000005ea9y2AA","Enrolled"
"11XVY000000aMsV2AU","11WVY000005ea9y2AA","Enrolled"
"11XVY000000aMsa2AE","11WVY000005ea9y2AA","Enrolled"
"11XVY000000aMsb2AE","11WVY000005ea9y2AA","Enrolled"
"11XVY000000aMsc2AE","11WVY000005ea9y2AA","Enrolled"
"11XVY000000aMsm2AE","11WVY000005ea9y2AA","Enrolled"
"11XVY000000aMst2AE","11WVY000005ea9y2AA","Enrolled"
"11XVY000000aMsu2AE","11WVY000005ea9y2AA","Enrolled"
"11XVY000000aMsz2AE","11WVY000005ea9y2AA","Enrolled"
"11XVY000000aMt02AE","11WVY000005ea9y2AA","Enrolled"
"11XVY000000aMt42AE","11WVY000005ea9y2AA","Enrolled"
"11XVY000000aMt52AE","11WVY000005ea9y2AA","Enrolled"
"11XVY000000aMt92AE","11WVY000005ea9y2AA","Enrolled"
"11XVY000000aMzn2AE","11WVY000005ea9y2AA","Enrolled"
"11XVY000000aMzu2AE","11WVY000005ea9y2AA","Enrolled"
"11XVY000000aMzw2AE","11WVY000005ea9y2AA","Enrolled"
"11XVY000000aMzx2AE","11WVY000005ea9y2AA","Enrolled"
"11XVY000000aN012AE","11WVY000005ea9y2AA","Enrolled"
"11XVY000000aN032AE","11WVY000005ea9y2AA","Enrolled"
"11XVY000000aN072AE","11WVY000005ea9y2AA","Enrolled"
"11XVY000000aN0B2AU","11WVY000005ea9y2AA","Enrolled"
"11XVY000000aN0L2AU","11WVY000005ea9y2AA","Enrolled"
"11XVY000000aN0U2AU","11WVY000005ea9y2AA","Enrolled"
"11XVY000000aN1N2AU","11WVY000005ea9y2AA","Enrolled"
"11XVY000000aN1O2AU","11WVY000005ea9y2AA","Enrolled"
"11XVY000000aN1T2AU","11WVY000005ea9y2AA","Enrolled"
"11XVY000000aN1U2AU","11WVY000005ea9y2AA","Enrolled"
"11XVY000000aN3H2AU","11WVY000005ea9y2AA","Enrolled"
"11XVY000000aN3K2AU","11WVY000005ea9y2AA","Enrolled"
"11XVY000000aN3b2AE","11WVY000005ea9y2AA","Enrolled"
"11XVY000000aN3j2AE","11WVY000005ea9y2AA","Enrolled"
"11XVY000000aN3v2AE","11WVY000005ea9y2AA","Enrolled"
"11XVY000000aN3x2AE","11WVY000005ea9y2AA","Enrolled"
"11XVY000000aN3y2AE","11WVY000005ea9y2AA","Enrolled"
"11XVY000000aN4a2AE","11WVY000005ea9y2AA","Enrolled"
"11XVY000000aN4j2AE","11WVY000005ea9y2AA","Enrolled"
"11XVY000000aN4m2AE","11WVY000005ea9y2AA","Enrolled"
"11XVY000000aN4t2AE","11WVY000005ea9y2AA","Enrolled"
"11XVY000000aN4v2AE","11WVY000005ea9y2AA","Enrolled"
"11XVY000000aN4x2AE","11WVY000005ea9y2AA","Enrolled"
"11XVY000000aN4y2AE","11WVY000005ea9y2AA","Enrolled"
"11XVY000000aN502AE","11WVY000005ea9y2AA","Enrolled"
"11XVY000000aN5J2AU","11WVY000005ea9y2AA","Enrolled"
"11XVY000000aN5N2AU","11WVY000005ea9y2AA","Enrolled"
"11XVY000000aN5R2AU","11WVY000005ea9y2AA","Enrolled"
"11XVY000000aN5V2AU","11WVY000005ea9y2AA","Enrolled"
"11XVY000000aN5X2AU","11WVY000005ea9y2AA","Enrolled"
"11XVY000000aN5f2AE","11WVY000005ea9y2AA","Enrolled"
"11XVY000000aN5h2AE","11WVY000005ea9y2AA","Enrolled"
"11XVY000000aN5m2AE","11WVY000005ea9y2AA","Enrolled"
"11XVY000000aN5n2AE","11WVY000005ea9y2AA","Enrolled"
"11XVY000000aN5q2AE","11WVY000005ea9y2AA","Enrolled"
"11XVY000000aN5r2AE","11WVY000005ea9y2AA","Enrolled"
"11XVY000000aN5s2AE","11WVY000005ea9y2AA","Enrolled"
"11XVY000000aN5t2AE","11WVY000005ea9y2AA","Enrolled"
"11XVY000000aN692AE","11WVY000005ea9y2AA","Enrolled"
"11XVY000000aN6B2AU","11WVY000005ea9y2AA","Enrolled"
"11XVY000000aN6C2AU","11WVY000005ea9y2AA","Enrolled"
"11XVY000000aN6D2AU","11WVY000005ea9y2AA","Enrolled"
"11XVY000000aN6H2AU","11WVY000005ea9y2AA","Enrolled"
"11XVY000000aN6J2AU","11WVY000005ea9y2AA","Enrolled"
"11XVY000000aN6L2AU","11WVY000005ea9y2AA","Enrolled"
"11XVY000000aN6P2AU","11WVY000005ea9y2AA","Enrolled"
"11XVY000000aN6Z2AU","11WVY000005ea9y2AA","Enrolled"
"11XVY000000aN6f2AE","11WVY000005ea9y2AA","Enrolled"
"11XVY000000aN6i2AE","11WVY000005ea9y2AA","Enrolled"
"11XVY000000aN6s2AE","11WVY000005ea9y2AA","Enrolled"
"11XVY000000aN6u2AE","11WVY000005ea9y2AA","Enrolled"
"11XVY000000aN742AE","11WVY000005ea9y2AA","Enrolled"
"11XVY000000aN7B2AU","11WVY000005ea9y2AA","Enrolled"
"11XVY000000aN7G2AU","11WVY000005ea9y2AA","Enrolled"
"11XVY000000aN7P2AU","11WVY000005ea9y2AA","Enrolled"
"11XVY000000aN7f2AE","11WVY000005ea9y2AA","Enrolled"
"11XVY000000aN7r2AE","11WVY000005ea9y2AA","Enrolled"
"11XVY000000aN7s2AE","11WVY000005ea9y2AA","Enrolled"
"11XVY000000aN7t2AE","11WVY000005ea9y2AA","Enrolled"
"11XVY000000aN8F2AU","11WVY000005ea9y2AA","Enrolled"
"11XVY000000aN8G2AU","11WVY000005ea9y2AA","Enrolled"
"11XVY000000aN8K2AU","11WVY000005ea9y2AA","Enrolled"
"11XVY000000aN8W2AU","11WVY000005ea9y2AA","Enrolled"
"11XVY000000aN8d2AE","11WVY000005ea9y2AA","Enrolled"
"11XVY000000aN8e2AE","11WVY000005ea9y2AA","Enrolled"
"11XVY000000aN8j2AE","11WVY000005ea9y2AA","Enrolled"
"11XVY000000aN8o2AE","11WVY000005ea9y2AA","Enrolled"
"11XVY000000aN8p2AE","11WVY000005ea9y2AA","Enrolled"
"11XVY000000aN8z2AE","11WVY000005ea9y2AA","Enrolled"
"11XVY000000aN902AE","11WVY000005ea9y2AA","Enrolled"
"11XVY000000aN912AE","11WVY000005ea9y2AA","Enrolled"
"11XVY000000aN922AE","11WVY000005ea9y2AA","Enrolled"
"11XVY000000aN942AE","11WVY000005ea9y2AA","Enrolled"
"11XVY000000aN9B2AU","11WVY000005ea9y2AA","Enrolled"
"11XVY000000aN9C2AU","11WVY000005ea9y2AA","Enrolled"
"11XVY000000aN9D2AU","11WVY000005ea9y2AA","Enrolled"
"11XVY000000aN9I2AU","11WVY000005ea9y2AA","Enrolled"
"11XVY000000aN9z2AE","11WVY000005ea9y2AA","Enrolled"
"11XVY000000aNA02AM","11WVY000005ea9y2AA","Enrolled"
"11XVY000000aNAC2A2","11WVY000005ea9y2AA","Enrolled"
"11XVY000000aNAI2A2","11WVY000005ea9y2AA","Enrolled"
"11XVY000000aNAJ2A2","11WVY000005ea9y2AA","Enrolled"
"11XVY000000aNAK2A2","11WVY000005ea9y2AA","Enrolled"
"11XVY000000aNAM2A2","11WVY000005ea9y2AA","Enrolled"
"11XVY000000aNAO2A2","11WVY000005ea9y2AA","Enrolled"
"11XVY000000aNAi2AM","11WVY000005ea9y2AA","Enrolled"
"11XVY000000aNAj2AM","11WVY000005ea9y2AA","Enrolled"
"11XVY000000aNAn2AM","11WVY000005ea9y2AA","Enrolled"
"11XVY000000aNAo2AM","11WVY000005ea9y2AA","Enrolled"
"11XVY000000aNAs2AM","11WVY000005ea9y2AA","Enrolled"
"11XVY000000aNAw2AM","11WVY000005ea9y2AA","Enrolled"
"11XVY000000aNB22AM","11WVY000005ea9y2AA","Enrolled"
"11XVY000000aNB42AM","11WVY000005ea9y2AA","Enrolled"
"11XVY000000aNBY2A2","11WVY000005ea9y2AA","Enrolled"
"11XVY000000aNBc2AM","11WVY000005ea9y2AA","Enrolled"
"11XVY000000aNBk2AM","11WVY000005ea9y2AA","Enrolled"
"11XVY000000aNBm2AM","11WVY000005ea9y2AA","Enrolled"
"11XVY000000aNBs2AM","11WVY000005ea9y2AA","Enrolled"
"11XVY000000aNBt2AM","11WVY000005ea9y2AA","Enrolled"
"11XVY000000aNC02AM","11WVY000005ea9y2AA","Enrolled"
"11XVY000000aNC12AM","11WVY000005ea9y2AA","Enrolled"
"11XVY000000aNC22AM","11WVY000005ea9y2AA","Enrolled"
"11XVY000000aNC62AM","11WVY000005ea9y2AA","Enrolled"
"11XVY000000aNCC2A2","11WVY000005ea9y2AA","Enrolled"
"11XVY000000aNCN2A2","11WVY000005ea9y2AA","Enrolled"
"11XVY000000aNCP2A2","11WVY000005ea9y2AA","Enrolled"
"11XVY000000aNCV2A2","11WVY000005ea9y2AA","Enrolled"
"11XVY000000aNCW2A2","11WVY000005ea9y2AA","Enrolled"
"11XVY000000aNCa2AM","11WVY000005ea9y2AA","Enrolled"
"11XVY000000aNCu2AM","11WVY000005ea9y2AA","Enrolled"
"11XVY000000aNCv2AM","11WVY000005ea9y2AA","Enrolled"
"11XVY000000aNDQ2A2","11WVY000005ea9y2AA","Enrolled"
"11XVY000000aNDT2A2","11WVY000005ea9y2AA","Enrolled"
"11XVY000000aNDW2A2","11WVY000005ea9y2AA","Enrolled"
"11XVY000000aNFs2AM","11WVY000005ea9y2AA","Enrolled"
"11XVY000000aNGC2A2","11WVY000005ea9y2AA","Enrolled"
"11XVY000000aNGg2AM","11WVY000005ea9y2AA","Enrolled"
"11XVY000000aNHE2A2","11WVY000005ea9y2AA","Enrolled"
"11XVY000000aNHe2AM","11WVY000005ea9y2AA","Enrolled"
"11XVY000000aNHf2AM","11WVY000005ea9y2AA","Enrolled"
"11XVY000000aNHn2AM","11WVY000005ea9y2AA","Enrolled"
"11XVY000000aNHz2AM","11WVY000005ea9y2AA","Enrolled"
"11XVY000000aNI92AM","11WVY000005ea9y2AA","Enrolled"
"11XVY000000aNIe2AM","11WVY000005ea9y2AA","Enrolled"
"11XVY000000aNJK2A2","11WVY000005ea9y2AA","Enrolled"
"11XVY000000aNJn2AM","11WVY000005ea9y2AA","Enrolled"
"11XVY000000aNK52AM","11WVY000005ea9y2AA","Enrolled"
"11XVY000000aNK62AM","11WVY000005ea9y2AA","Enrolled"
"11XVY000000aNKt2AM","11WVY000005ea9y2AA","Enrolled"
"11XVY000000aNKu2AM","11WVY000005ea9y2AA","Enrolled"
"11XVY000000aNLD2A2","11WVY000005ea9y2AA","Enrolled"
"11XVY000000aNLM2A2","11WVY000005ea9y2AA","Enrolled"
"11XVY000000aNLQ2A2","11WVY000005ea9y2AA","Enrolled"
"11XVY000000aNLX2A2","11WVY000005ea9y2AA","Enrolled"
"11XVY000000aNLY2A2","11WVY000005ea9y2AA","Enrolled"
"11XVY000000aNLh2AM","11WVY000005ea9y2AA","Enrolled"
"11XVY000000aNLi2AM","11WVY000005ea9y2AA","Enrolled"
"11XVY000000aNLm2AM","11WVY000005ea9y2AA","Enrolled"
"11XVY000000aNLn2AM","11WVY000005ea9y2AA","Enrolled"
"11XVY000000aNM32AM","11WVY000005ea9y2AA","Enrolled"
"11XVY000000aNM52AM","11WVY000005ea9y2AA","Enrolled"
"11XVY000000aNM62AM","11WVY000005ea9y2AA","Enrolled"
"11XVY000000aNMk2AM","11WVY000005ea9y2AA","Enrolled"
"11XVY000000aNMt2AM","11WVY000005ea9y2AA","Enrolled"
"11XVY000000aNMu2AM","11WVY000005ea9y2AA","Enrolled"
"11XVY000000aNMy2AM","11WVY000005ea9y2AA","Enrolled"
"11XVY000000aNNE2A2","11WVY000005ea9y2AA","Enrolled"
"11XVY000000aNNG2A2","11WVY000005ea9y2AA","Enrolled"
"11XVY000000aNNT2A2","11WVY000005ea9y2AA","Enrolled"
"11XVY000000aNNc2AM","11WVY000005ea9y2AA","Enrolled"
"11XVY000000aNNi2AM","11WVY000005ea9y2AA","Enrolled"
"11XVY000000aNNk2AM","11WVY000005ea9y2AA","Enrolled"
"11XVY000000aNNu2AM","11WVY000005ea9y2AA","Enrolled"
"11XVY000000aNNv2AM","11WVY000005ea9y2AA","Enrolled"
"11XVY000000aNNz2AM","11WVY000005ea9y2AA","Enrolled"
"11XVY000000aNO32AM","11WVY000005ea9y2AA","Enrolled"
"11XVY000000aNO52AM","11WVY000005ea9y2AA","Enrolled"
"11XVY000000aNO62AM","11WVY000005ea9y2AA","Enrolled"
"11XVY000000aNO72AM","11WVY000005ea9y2AA","Enrolled"
"11XVY000000aNOA2A2","11WVY000005ea9y2AA","Enrolled"
"11XVY000000aNOC2A2","11WVY000005ea9y2AA","Enrolled"
"11XVY000000aNOD2A2","11WVY000005ea9y2AA","Enrolled"
"11XVY000000aNOE2A2","11WVY000005ea9y2AA","Enrolled"
"11XVY000000aNOJ2A2","11WVY000005ea9y2AA","Enrolled"
"11XVY000000aNOK2A2","11WVY000005ea9y2AA","Enrolled"
"11XVY000000aNOL2A2","11WVY000005ea9y2AA","Enrolled"
"11XVY000000aNOM2A2","11WVY000005ea9y2AA","Enrolled"
"11XVY000000aNON2A2","11WVY000005ea9y2AA","Enrolled"
"11XVY000000aNOO2A2","11WVY000005ea9y2AA","Enrolled"
"11XVY000000aNOT2A2","11WVY000005ea9y2AA","Enrolled"
"11XVY000000aNOV2A2","11WVY000005ea9y2AA","Enrolled"
"11XVY000000aNOW2A2","11WVY000005ea9y2AA","Enrolled"
"11XVY000000aNOX2A2","11WVY000005ea9y2AA","Enrolled"
"11XVY000000aNOc2AM","11WVY000005ea9y2AA","Enrolled"
"11XVY000000aNOd2AM","11WVY000005ea9y2AA","Enrolled"
"11XVY000000aNOe2AM","11WVY000005ea9y2AA","Enrolled"
"11XVY000000aNOh2AM","11WVY000005ea9y2AA","Enrolled"
"11XVY000000aNOi2AM","11WVY000005ea9y2AA","Enrolled"
"11XVY000000aNOj2AM","11WVY000005ea9y2AA","Enrolled"
"11XVY000000aNOk2AM","11WVY000005ea9y2AA","Enrolled"
"11XVY000000aNOl2AM","11WVY000005ea9y2AA","Enrolled"
"11XVY000000aNOm2AM","11WVY000005ea9y2AA","Enrolled"
"11XVY000000aNOp2AM","11WVY000005ea9y2AA","Enrolled"
"11XVY000000aNOq2AM","11WVY000005ea9y2AA","Enrolled"
"11XVY000000aNOr2AM","11WVY000005ea9y2AA","Enrolled"
"11XVY000000aNOu2AM","11WVY000005ea9y2AA","Enrolled"
"11XVY000000aNP62AM","11WVY000005ea9y2AA","Enrolled"
"11XVY000000aNPA2A2","11WVY000005ea9y2AA","Enrolled"
"11XVY000000aNPF2A2","11WVY000005ea9y2AA","Enrolled"
"11XVY000000aNPJ2A2","11WVY000005ea9y2AA","Enrolled"
"11XVY000000aNPK2A2","11WVY000005ea9y2AA","Enrolled"
"11XVY000000aNPL2A2","11WVY000005ea9y2AA","Enrolled"
"11XVY000000aNPP2A2","11WVY000005ea9y2AA","Enrolled"
"11XVY000000aNWO2A2","11WVY000005ea9y2AA","Enrolled"
"11XVY000000aNWV2A2","11WVY000005ea9y2AA","Enrolled"
"11XVY000000aNWe2AM","11WVY000005ea9y2AA","Enrolled"
"11XVY000000aNWg2AM","11WVY000005ea9y2AA","Enrolled"
"11XVY000000aNWi2AM","11WVY000005ea9y2AA","Enrolled"
"11XVY000000aNWu2AM","11WVY000005ea9y2AA","Enrolled"
"11XVY000000aNX72AM","11WVY000005ea9y2AA","Enrolled"
"11XVY000000aNXB2A2","11WVY000005ea9y2AA","Enrolled"
"11XVY000000aNXC2A2","11WVY000005ea9y2AA","Enrolled"
"11XVY000000aNXK2A2","11WVY000005ea9y2AA","Enrolled"
"11XVY000000aNXd2AM","11WVY000005ea9y2AA","Enrolled"
"11XVY000000aNXe2AM","11WVY000005ea9y2AA","Enrolled"
"11XVY000000aNXf2AM","11WVY000005ea9y2AA","Enrolled"
"11XVY000000aNXv2AM","11WVY000005ea9y2AA","Enrolled"
"11XVY000000aNXw2AM","11WVY000005ea9y2AA","Enrolled"
"11XVY000000aNY62AM","11WVY000005ea9y2AA","Enrolled"
"11XVY000000aNY92AM","11WVY000005ea9y2AA","Enrolled"
"11XVY000000aNYP2A2","11WVY000005ea9y2AA","Enrolled"
"11XVY000000aNYt2AM","11WVY000005ea9y2AA","Enrolled"
"11XVY000000aNYv2AM","11WVY000005ea9y2AA","Enrolled"
"11XVY000000aNZ12AM","11WVY000005ea9y2AA","Enrolled"
"11XVY000000aNZ22AM","11WVY000005ea9y2AA","Enrolled"
"11XVY000000aNff2AE","11WVY000005ea9y2AA","Enrolled"
"11XVY000000aNfj2AE","11WVY000005ea9y2AA","Enrolled"
"11XVY000000aNfn2AE","11WVY000005ea9y2AA","Enrolled"
"11XVY000000aNfv2AE","11WVY000005ea9y2AA","Enrolled"
"11XVY000000aNg52AE","11WVY000005ea9y2AA","Enrolled"
"11XVY000000aNgJ2AU","11WVY000005ea9y2AA","Enrolled"
"11XVY000000aNgO2AU","11WVY000005ea9y2AA","Enrolled"
"11XVY000000aNgV2AU","11WVY000005ea9y2AA","Enrolled"
"11XVY000000aNgb2AE","11WVY000005ea9y2AA","Enrolled"
"11XVY000000aNgf2AE","11WVY000005ea9y2AA","Enrolled"
"11XVY000000aNgq2AE","11WVY000005ea9y2AA","Enrolled"
"11XVY000000aNgr2AE","11WVY000005ea9y2AA","Enrolled"
"11XVY000000aNh42AE","11WVY000005ea9y2AA","Enrolled"
"11XVY000000aNh92AE","11WVY000005ea9y2AA","Enrolled"
"11XVY000000aNhD2AU","11WVY000005ea9y2AA","Enrolled"
"11XVY000000aNhE2AU","11WVY000005ea9y2AA","Enrolled"
"11XVY000000aNhH2AU","11WVY000005ea9y2AA","Enrolled"
"11XVY000000aNhR2AU","11WVY000005ea9y2AA","Enrolled"
"11XVY000000aNhS2AU","11WVY000005ea9y2AA","Enrolled"
"11XVY000000aNhT2AU","11WVY000005ea9y2AA","Enrolled"
"11XVY000000aNhe2AE","11WVY000005ea9y2AA","Enrolled"
"11XVY000000aNhg2AE","11WVY000005ea9y2AA","Enrolled"
"11XVY000000aNhj2AE","11WVY000005ea9y2AA","Enrolled"
"11XVY000000aNhk2AE","11WVY000005ea9y2AA","Enrolled"
"11XVY000000aNig2AE","11WVY000005ea9y2AA","Enrolled"
"11XVY000000aNim2AE","11WVY000005ea9y2AA","Enrolled"
"11XVY000000aNn02AE","11WVY000005ea9y2AA","Enrolled"
"11XVY000000aNn12AE","11WVY000005ea9y2AA","Enrolled"
"11XVY000000aNn92AE","11WVY000005ea9y2AA","Enrolled"
"11XVY000000aNnB2AU","11WVY000005ea9y2AA","Enrolled"
"11XVY000000aNnE2AU","11WVY000005ea9y2AA","Enrolled"
"11XVY000000aNnG2AU","11WVY000005ea9y2AA","Enrolled"
"11XVY000000aNnJ2AU","11WVY000005ea9y2AA","Enrolled"
"11XVY000000aNnK2AU","11WVY000005ea9y2AA","Enrolled"
"11XVY000000aNnL2AU","11WVY000005ea9y2AA","Enrolled"
"11XVY000000aNnR2AU","11WVY000005ea9y2AA","Enrolled"
"11XVY000000aNnX2AU","11WVY000005ea9y2AA","Enrolled"
"11XVY000000aNnn2AE","11WVY000005ea9y2AA","Enrolled"
"11XVY000000aNno2AE","11WVY000005ea9y2AA","Enrolled"
"11XVY000000aNnp2AE","11WVY000005ea9y2AA","Enrolled"
"11XVY000000aNo42AE","11WVY000005ea9y2AA","Enrolled"
"11XVY000000aNo92AE","11WVY000005ea9y2AA","Enrolled"
"11XVY000000aNoF2AU","11WVY000005ea9y2AA","Enrolled"
"11XVY000000aNoO2AU","11WVY000005ea9y2AA","Enrolled"
"11XVY000000aNoQ2AU","11WVY000005ea9y2AA","Enrolled"
"11XVY000000aNod2AE","11WVY000005ea9y2AA","Enrolled"
"11XVY000000aNoi2AE","11WVY000005ea9y2AA","Enrolled"
"11XVY000000aNok2AE","11WVY000005ea9y2AA","Enrolled"
"11XVY000000aVlF2AU","11WVY000005ea9y2AA","Enrolled"
"11XVY000000aWqz2AE","11WVY000005ea9y2AA","Enrolled"
"11XVY000000aWvp2AE","11WVY000005ea9y2AA","Enrolled"
"11XVY000000aX0f2AE","11WVY000005ea9y2AA","Enrolled"
"11XVY000000aX2H2AU","11WVY000005ea9y2AA","Enrolled"
"11XVY000000aX3t2AE","11WVY000005ea9y2AA","Enrolled"
"11XVY000000aX5V2AU","11WVY000005ea9y2AA","Enrolled"
"11XVY000000aZfB2AU","11WVY000005ea9y2AA","Enrolled"
"11XVY000000aZld2AE","11WVY000005ea9y2AA","Enrolled"
"11XVY000000aZvJ2AU","11WVY000005ea9y2AA","Enrolled"
"11XVY000000acnj2AA","11WVY000005ea9y2AA","Enrolled"
"11XVY000000acnk2AA","11WVY000005ea9y2AA","Enrolled"
"11XVY000000acnz2AA","11WVY000005ea9y2AA","Enrolled"
"11XVY000000acoD2AQ","11WVY000005ea9y2AA","Enrolled"
"11XVY000000acoN2AQ","11WVY000005ea9y2AA","Enrolled"
"11XVY000000acoW2AQ","11WVY000005ea9y2AA","Enrolled"
"11XVY000000acoY2AQ","11WVY000005ea9y2AA","Enrolled"
"11XVY000000acoZ2AQ","11WVY000005ea9y2AA","Enrolled"
"11XVY000000acop2AA","11WVY000005ea9y2AA","Enrolled"
"11XVY000000acp02AA","11WVY000005ea9y2AA","Enrolled"
"11XVY000000acpD2AQ","11WVY000005ea9y2AA","Enrolled"
"11XVY000000acpL2AQ","11WVY000005ea9y2AA","Enrolled"
"11XVY000000acrD2AQ","11WVY000005ea9y2AA","Enrolled"
"11XVY000000acs62AA","11WVY000005ea9y2AA","Enrolled"
"11XVY000000acsj2AA","11WVY000005ea9y2AA","Enrolled"
"11XVY000000acsx2AA","11WVY000005ea9y2AA","Enrolled"
"11XVY000000act42AA","11WVY000005ea9y2AA","Enrolled"
"11XVY000000actP2AQ","11WVY000005ea9y2AA","Enrolled"
"11XVY000000actR2AQ","11WVY000005ea9y2AA","Enrolled"
"11XVY000000actq2AA","11WVY000005ea9y2AA","Enrolled"
"11XVY000000actw2AA","11WVY000005ea9y2AA","Enrolled"
"11XVY000000acuG2AQ","11WVY000005ea9y2AA","Enrolled"
"11XVY000000acun2AA","11WVY000005ea9y2AA","Enrolled"
"11XVY000000acvj2AA","11WVY000005ea9y2AA","Enrolled"
"11XVY000000acvz2AA","11WVY000005ea9y2AA","Enrolled"
"11XVY000000acwK2AQ","11WVY000005ea9y2AA","Enrolled"
"11XVY000000acx72AA","11WVY000005ea9y2AA","Enrolled"
"11XVY000000acxu2AA","11WVY000005ea9y2AA","Enrolled"
"11XVY000000adAv2AI","11WVY000005ea9y2AA","Enrolled"
"11XVY000000ajRd2AI","11WVY000005ea9y2AA","Enrolled"
"11XVY000000amED2AY","11WVY000005ea9y2AA","Enrolled"
"11XVY000000amHR2AY","11WVY000005ea9y2AA","Enrolled"
"11XVY000000apQb2AI","11WVY000005ea9y2AA","Enrolled"
"11XVY000000bEon2AE","11WVY000005ea9y2AA","Enrolled"
"11XVY000000bFHp2AM","11WVY000005ea9y2AA","Enrolled"
"11XVY000000bOwD2AU","11WVY000005ea9y2AA","Enrolled"
"11XVY000000bQd32AE","11WVY000005ea9y2AA","Enrolled"
"11XVY000000bXMn2AM","11WVY000005ea9y2AA","Enrolled"
"11XVY000000bjUP2AY","11WVY000005ea9y2AA","Enrolled"
"11XVY000000bnD32AI","11WVY000005ea9y2AA","Enrolled"
"11XVY000000btS92AI","11WVY000005ea9y2AA","Enrolled"
"11XVY000000bw532AA","11WVY000005ea9y2AA","Enrolled"
"11XVY000000bw6f2AA","11WVY000005ea9y2AA","Enrolled"
"11XVY000000bw9t2AA","11WVY000005ea9y2AA","Enrolled"
"11XVY000000bylB2AQ","11WVY000005ea9y2AA","Enrolled"
"11XVY000000cOfd2AE","11WVY000005ea9y2AA","Enrolled"
"11XVY000000cOfe2AE","11WVY000005ea9y2AA","Enrolled"
"11XVY000000cVlx2AE","11WVY000005ea9y2AA","Enrolled"
"11XVY000000cX1N2AU","11WVY000005ea9y2AA","Enrolled"
"11XVY000000cZft2AE","11WVY000005ea9y2AA","Enrolled"
"11XVY000000cj492AA","11WVY000005ea9y2AA","Enrolled"
"11XVY000000d7jB2AQ","11WVY000005ea9y2AA","Enrolled"
"11XVY000000dGg12AE","11WVY000005ea9y2AA","Enrolled"
"11XVY000000dK252AE","11WVY000005ea9y2AA","Enrolled"
"11XVY000000dOth2AE","11WVY000005ea9y2AA","Enrolled"
"11XVY000000daZt2AI","11WVY000005ea9y2AA","Enrolled"
"11XVY000000ddPh2AI","11WVY000005ea9y2AA","Enrolled"
"11XVY000000di1B2AQ","11WVY000005ea9y2AA","Enrolled"
"11XVY000000dnLp2AI","11WVY000005ea9y2AA","Enrolled"
"11XVY000000dtnp2AA","11WVY000005ea9y2AA","Enrolled"
"11XVY000000dwiT2AQ","11WVY000005ea9y2AA","Enrolled"
"11XVY000000ehxV2AQ","11WVY000005ea9y2AA","Enrolled"
"11XVY000000ehz72AA","11WVY000005ea9y2AA","Enrolled"
"11XVY000000eiAP2AY","11WVY000005ea9y2AA","Enrolled"
"11XVY000000eiC12AI","11WVY000005ea9y2AA","Enrolled"
"11XVY000000eyOr2AI","11WVY000005ea9y2AA","Enrolled"
"11XVY000000f8Kz2AI","11WVY000005ea9y2AA","Enrolled"
"11XVY000000f8Mb2AI","11WVY000005ea9y2AA","Enrolled"
"11XVY000000f8OD2AY","11WVY000005ea9y2AA","Enrolled"
"11XVY000000fcED2AY","11WVY000005ea9y2AA","Enrolled"
"11XVY000000fcFp2AI","11WVY000005ea9y2AA","Enrolled"
"11XVY000000fu332AA","11WVY000005ea9y2AA","Enrolled"
"11XVY000000g0V32AI","11WVY000005ea9y2AA","Enrolled"
"11XVY000000g6k92AA","11WVY000005ea9y2AA","Enrolled"
"11XVY000000g9zl2AA","11WVY000005ea9y2AA","Enrolled"
"11XVY000000gA2z2AE","11WVY000005ea9y2AA","Enrolled"
"11XVY000000gEY12AM","11WVY000005ea9y2AA","Enrolled"
"11XVY000000gLEX2A2","11WVY000005ea9y2AA","Enrolled"
"11XVY000000gLG92AM","11WVY000005ea9y2AA","Enrolled"
"11XVY000000gjGr2AI","11WVY000005ea9y2AA","Enrolled"
"11XVY000000gjOv2AI","11WVY000005ea9y2AA","Enrolled"
"11XVY000000gstd2AA","11WVY000005ea9y2AA","Enrolled"
"11XVY000000gsvF2AQ","11WVY000005ea9y2AA","Enrolled"
"11XVY000000gswr2AA","11WVY000005ea9y2AA","Enrolled"
"11XVY000000gudh2AA","11WVY000005ea9y2AA","Enrolled"
"11XVY000000h45C2AQ","11WVY000005ea9y2AA","Enrolled"
"11XVY000000hCyn2AE","11WVY000005ea9y2AA","Enrolled"
"11XVY000000hMTV2A2","11WVY000005ea9y2AA","Enrolled"
"11XVY000000i3yH2AQ","11WVY000005ea9y2AA","Enrolled"
"11XVY000000o7EP2AY","11WVY000005ea9y2AA","Enrolled"
"11XVY000000othF2AQ","11WVY000005ea9y2AA","Enrolled"
"11XVY0000010yq12AA","11WVY000005ea9y2AA","Enrolled"
"11XVY0000011doL2AQ","11WVY000005ea9y2AA","Enrolled"
"11XVY000001P4W52AK","11WVY000005ea9y2AA","Enrolled"
"11XVY000001TRPF2A4","11WVY000005ea9y2AA","Enrolled"
"11XVY000001UaqH2AS","11WVY000005ea9y2AA","Enrolled"
"11XVY000001YFDl2AO","11WVY000005ea9y2AA","Enrolled"
"11XVY000001YGeT2AW","11WVY000005ea9y2AA","Enrolled"
"11XVY000002OnrF2AS","11WVY000005ea9y2AA","Enrolled"
"11XVY000002UlBd2AK","11WVY000005ea9y2AA","Enrolled"
"11XVY000002WN6n2AG","11WVY000005ea9y2AA","Enrolled"
"11XVY000002d0i92AA","11WVY000005ea9y2AA","Enrolled"
"11XVY000002iy2X2AQ","11WVY000005ea9y2AA","Enrolled"
"11XVY000002nsxN2AQ","11WVY000005ea9y2AA","Enrolled"
"11XVY00000365T72AI","11WVY000005ea9y2AA","Enrolled"
"11XVY000003WCCt2AO","11WVY000005ea9y2AA","Enrolled"
"11XVY000003dgC92AI","11WVY000005ea9y2AA","Enrolled"
"11XVY000003pCBt2AM","11WVY000005ea9y2AA","Enrolled"
"11XVY000003ynU72AI","11WVY000005ea9y2AA","Enrolled"
"11XVY000004B8Pp2AK","11WVY000005ea9y2AA","Enrolled"
"11XVY000004KQth2AG","11WVY000005ea9y2AA","Enrolled"
"11XVY000004SJTd2AO","11WVY000005ea9y2AA","Enrolled"
"11XVY000004f5d32AA","11WVY000005ea9y2AA","Enrolled"
"11XVY000004f5iz2AA","11WVY000005ea9y2AA","Enrolled"
"11XVY000004haHF2AY","11WVY000005ea9y2AA","Enrolled"
"11XVY000004o5IL2AY","11WVY000005ea9y2AA","Enrolled"
"11XVY000004o5Jx2AI","11WVY000005ea9y2AA","Enrolled"
"11XVY000004tkpV2AQ","11WVY000005ea9y2AA","Enrolled"
