"Name","NPSP_ID__c","SWSHE_Service__c"
"Basic Needs","",""
"Care Coordination","",""
"Case Management","",""
"Clinical Counseling","",""
"Community Outing","",""
"Diag BT","",""
"Education","",""
"Education Referral","",""
"Employment","",""
"External Referral","",""
"Family Reunification","",""
"Goal Setting","",""
"Group","",""
"Group Session","",""
"Housing","",""
"Housing Navigation","",""
"Housing Support","",""
"Meal","",""
"Peer Clinical","",""
"Peer Support","",""
"Physical Health Referral","",""
"Police Intervention","",""
"Social/Emotional","",""
"Social/Emotional","",""
"Transportation Assistance","",""
