Id,Name,ProgramId,IsActive
0jiVY00000001VsYAI,Group service-LGBTQ+ support - Nest56,11WVY000000GC3d2AG,false
0jiVY00000001WGYAY,Housing - Nest56,11WVY000000GC3d2AG,false
0jiVY00000001pMYAQ,Action plan created - 1440,11WVY000000GC6r2AG,false
0jiVY00000001pNYAQ,Actively seeking employment-Outcome - 1440,11WVY000000GC6r2AG,false
0jiVY00000001pOYAQ,Actively Using-Outcome - 1440,11WVY000000GC6r2AG,false
0jiVY00000001pPYAQ,After Care - 1440,11WVY000000GC6r2AG,false
0jiVY00000001pTYAQ,Apartment Hygiene - 1440,11WVY000000GC6r2AG,false
0jiVY00000001pUYAQ,Arrested-Outcome - 1440,11WVY000000GC6r2AG,false
0jiVY00000001pVYAQ,Attempt to contact participant - 1440,11WVY000000GC6r2AG,false
0jiVY00000001pWYAQ,Basic Needs/Supplies - 1440,11WVY000000GC6r2AG,false
0jiVY00000001pXYAQ,BCAP Referral - 1440,11WVY000000GC6r2AG,false
0jiVY00000001pYYAQ,Benefits - 1440,11WVY000000GC6r2AG,false
0jiVY00000001pZYAQ,Benefits: Level 3 - 1440,11WVY000000GC6r2AG,false
0jiVY00000001paYAA,Budgeting and financial management-General support - 1440,11WVY000000GC6r2AG,false
0jiVY00000001pbYAA,Case management activity with participant - 1440,11WVY000000GC6r2AG,false
0jiVY00000001pcYAA,Case management activity without participant present - 1440,11WVY000000GC6r2AG,false
0jiVY00000001pdYAA,CE Referral - 1440,11WVY000000GC6r2AG,false
0jiVY00000001peYAA,CHAFEE - 1440,11WVY000000GC6r2AG,false
0jiVY00000001pfYAA,Chase House-Free time - 1440,11WVY000000GC6r2AG,false
0jiVY00000001pgYAA,Clinical counseling-Family therapy - 1440,11WVY000000GC6r2AG,false
0jiVY00000001phYAA,Clinical counseling-Group substance use support - 1440,11WVY000000GC6r2AG,false
0jiVY00000001piYAA,Clinical counseling-Group therapy - 1440,11WVY000000GC6r2AG,false
0jiVY00000001pjYAA,Clinical counseling-Individual session - 1440,11WVY000000GC6r2AG,false
0jiVY00000001pkYAA,Clinical counseling-Mental health check-in - 1440,11WVY000000GC6r2AG,false
0jiVY00000001plYAA,Clinical Referral - 1440,11WVY000000GC6r2AG,false
0jiVY00000001pmYAA,Community Clean Up - 1440,11WVY000000GC6r2AG,false
0jiVY00000001pnYAA,Completed CE - 1440,11WVY000000GC6r2AG,false
0jiVY00000001ppYAA,Conflict resolution general support - 1440,11WVY000000GC6r2AG,false
0jiVY00000001pqYAA,Conflict resolution or mediation training (formal training) - 1440,11WVY000000GC6r2AG,false
0jiVY00000001psYAA,Continued School Engagement-Outcome - 1440,11WVY000000GC6r2AG,false
0jiVY00000001ptYAA,Cooking/meal preparation support - 1440,11WVY000000GC6r2AG,false
0jiVY00000001puYAA,Counseling-Career - 1440,11WVY000000GC6r2AG,false
0jiVY00000001pvYAA,Creative - 1440,11WVY000000GC6r2AG,false
0jiVY00000001pwYAA,Creative expression activity - 1440,11WVY000000GC6r2AG,false
0jiVY00000001pxYAA,Deacons Closet Referral - 1440,11WVY000000GC6r2AG,false
0jiVY00000001pyYAA,Dental Assistance - 1440,11WVY000000GC6r2AG,false
0jiVY00000001pzYAA,DHHS Referral - 1440,11WVY000000GC6r2AG,false
0jiVY00000001q0YAA,DI-Case Management - 1440,11WVY000000GC6r2AG,false
0jiVY00000001q1YAA,Drop-in Facility Use - 1440,11WVY000000GC6r2AG,false
0jiVY00000001q3YAA,E-Town - 1440,11WVY000000GC6r2AG,false
0jiVY00000001q5YAA,Education-GED tutoring or homework - 1440,11WVY000000GC6r2AG,false
0jiVY00000001q6YAA,Education-General support - 1440,11WVY000000GC6r2AG,false
0jiVY00000001q7YAA,Education: Level 3 - 1440,11WVY000000GC6r2AG,false
0jiVY00000001q8YAA,Emergency financial assistance provided - 1440,11WVY000000GC6r2AG,false
0jiVY00000001q9YAA,Employment-General support - 1440,11WVY000000GC6r2AG,false
0jiVY00000001qAYAQ,Employment-Job readiness training - 1440,11WVY000000GC6r2AG,false
0jiVY00000001qBYAQ,Employment-Job retention support - 1440,11WVY000000GC6r2AG,false
0jiVY00000001qCYAQ,Employment-Job search support - 1440,11WVY000000GC6r2AG,false
0jiVY00000001qDYAQ,Employment-Job skills training (job-specific skills) - 1440,11WVY000000GC6r2AG,false
0jiVY00000001qEYAQ,Employment: Level 3 - 1440,11WVY000000GC6r2AG,false
0jiVY00000001qFYAQ,Equine Therapy - 1440,11WVY000000GC6r2AG,false
0jiVY00000001qGYAQ,Equine therapy session - 1440,11WVY000000GC6r2AG,false
0jiVY00000001qHYAQ,ESA support - 1440,11WVY000000GC6r2AG,false
0jiVY00000001qIYAQ,Exited Housing - 1440,11WVY000000GC6r2AG,false
0jiVY00000001qJYAQ,Family Coaching - 1440,11WVY000000GC6r2AG,false
0jiVY00000001qKYAQ,Family Coaching Referral - 1440,11WVY000000GC6r2AG,false
0jiVY00000001qLYAQ,Family engagement general support (not clinical counseling) - 1440,11WVY000000GC6r2AG,false
0jiVY00000001qMYAQ,Financial Referral - 1440,11WVY000000GC6r2AG,false
0jiVY00000001qNYAQ,Financial: Level 3 - 1440,11WVY000000GC6r2AG,false
0jiVY00000001qPYAQ,GED/Education Class (2 hrs) - 1440,11WVY000000GC6r2AG,false
0jiVY00000001qSYAQ,Group - Basketball - 1440,11WVY000000GC6r2AG,false
0jiVY00000001qXYAQ,Group - Natural Highs - 1440,11WVY000000GC6r2AG,false
0jiVY00000001qYYAQ,Group - Self Exploration w/ Tattoos - 1440,11WVY000000GC6r2AG,false
0jiVY00000001qZYAQ,Group - Wacky Wild Wednesdays - 1440,11WVY000000GC6r2AG,false
0jiVY00000001qaYAA,Group - Writing Wednesday - 1440,11WVY000000GC6r2AG,false
0jiVY00000001qbYAA,Group service-BIPOC support - 1440,11WVY000000GC6r2AG,false
0jiVY00000001qcYAA,Group service-Cooking/meal preparation support - 1440,11WVY000000GC6r2AG,false
0jiVY00000001qdYAA,Group service-Creative explorations - 1440,11WVY000000GC6r2AG,false
0jiVY00000001qeYAA,Group service-Field trip or outing - 1440,11WVY000000GC6r2AG,false
0jiVY00000001qfYAA,Group service-Games - 1440,11WVY000000GC6r2AG,false
0jiVY00000001qgYAA,Group service-LGBTQ+ support - 1440,11WVY000000GC6r2AG,false
0jiVY00000001qhYAA,Group Service-Life Skills - 1440,11WVY000000GC6r2AG,false
0jiVY00000001qiYAA,Group service-Peer support - 1440,11WVY000000GC6r2AG,false
0jiVY00000001qjYAA,Group service-Prosocial or recreational activity on-site - 1440,11WVY000000GC6r2AG,false
0jiVY00000001qkYAA,Group service-Sexual health support - 1440,11WVY000000GC6r2AG,false
0jiVY00000001qlYAA,Group service-Tenant association - 1440,11WVY000000GC6r2AG,false
0jiVY00000001qmYAA,Group- Public Service - 1440,11WVY000000GC6r2AG,false
0jiVY00000001qnYAA,Group- Recovery - 1440,11WVY000000GC6r2AG,false
0jiVY00000001qoYAA,Group-Employment - 1440,11WVY000000GC6r2AG,false
0jiVY00000001qpYAA,Group-Mental Health - 1440,11WVY000000GC6r2AG,false
0jiVY00000001qqYAA,Harm Reduction Kit - 1440,11WVY000000GC6r2AG,false
0jiVY00000001qrYAA,Harvest of Hope Referral - 1440,11WVY000000GC6r2AG,false
0jiVY00000001qsYAA,Health First Colorado Referral - 1440,11WVY000000GC6r2AG,false
0jiVY00000001qtYAA,Health-First aid or hygiene supply provided - 1440,11WVY000000GC6r2AG,false
0jiVY00000001quYAA,Health-General sexual health support - 1440,11WVY000000GC6r2AG,false
0jiVY00000001qvYAA,Health-Medical appointment-Offsite - 1440,11WVY000000GC6r2AG,false
0jiVY00000001qwYAA,Health-Medical appointment-Onsite - 1440,11WVY000000GC6r2AG,false
0jiVY00000001qxYAA,"Hep C Kits (condoms, lube, etc) - 1440",11WVY000000GC6r2AG,false
0jiVY00000001qyYAA,Hitchhikers Guide to Safe Sex - 1440,11WVY000000GC6r2AG,false
0jiVY00000001qzYAA,HIV/HEP C Testing - 1440,11WVY000000GC6r2AG,false
0jiVY00000001r0YAA,"Homelessness/Crisis (BCC, Feeds, etc) Referral - 1440",11WVY000000GC6r2AG,false
0jiVY00000001r4YAA,Housing - 1440,11WVY000000GC6r2AG,false
0jiVY00000001r5YAA,Housing application support - 1440,11WVY000000GC6r2AG,false
0jiVY00000001r6YAA,Housing Referral - 1440,11WVY000000GC6r2AG,false
0jiVY00000001r7YAA,Housing search support - 1440,11WVY000000GC6r2AG,false
0jiVY00000001r8YAA,Housing-Apartment maintenance/hygiene support - 1440,11WVY000000GC6r2AG,false
0jiVY00000001r9YAA,Housing-Landlord interview or visit support - 1440,11WVY000000GC6r2AG,false
0jiVY00000001rAYAQ,Housing-Lease education - 1440,11WVY000000GC6r2AG,false
0jiVY00000001rBYAQ,Housing-Lease renewal support - 1440,11WVY000000GC6r2AG,false
0jiVY00000001rCYAQ,Housing-Lease violation follow-up support - 1440,11WVY000000GC6r2AG,false
0jiVY00000001rDYAQ,Housing-Move in assistance - 1440,11WVY000000GC6r2AG,false
0jiVY00000001rEYAQ,Housing-Move out assistance - 1440,11WVY000000GC6r2AG,false
0jiVY00000001rFYAQ,Housing-New tenant orientation - 1440,11WVY000000GC6r2AG,false
0jiVY00000001rGYAQ,Housing-related disability accommodation - 1440,11WVY000000GC6r2AG,false
0jiVY00000001rHYAQ,Housing-Rent support - 1440,11WVY000000GC6r2AG,false
0jiVY00000001rIYAQ,Housing-Tenant rights education - 1440,11WVY000000GC6r2AG,false
0jiVY00000001rJYAQ,Housing-Tenant-based voucher support - 1440,11WVY000000GC6r2AG,false
0jiVY00000001rKYAQ,Housing-Voucher income verification - 1440,11WVY000000GC6r2AG,false
0jiVY00000001rLYAQ,Housing-Voucher recertification - 1440,11WVY000000GC6r2AG,false
0jiVY00000001rMYAQ,Housing: Level 3 - 1440,11WVY000000GC6r2AG,false
0jiVY00000001rNYAQ,ID and vital documents general support - 1440,11WVY000000GC6r2AG,false
0jiVY00000001rOYAQ,ID and vital documents secured-Outcome - 1440,11WVY000000GC6r2AG,false
0jiVY00000001rPYAQ,Identification Referral - 1440,11WVY000000GC6r2AG,false
0jiVY00000001rQYAQ,Identification: Level 3 - 1440,11WVY000000GC6r2AG,false
0jiVY00000001rRYAQ,Interaction with participant's school - 1440,11WVY000000GC6r2AG,false
0jiVY00000001rUYAQ,Legal issue general support - 1440,11WVY000000GC6r2AG,false
0jiVY00000001rVYAQ,Legal Referral - 1440,11WVY000000GC6r2AG,false
0jiVY00000001rWYAQ,Legal: Level 3 - 1440,11WVY000000GC6r2AG,false
0jiVY00000001rXYAQ,LGBTQ Referral - 1440,11WVY000000GC6r2AG,false
0jiVY00000001rYYAQ,LGBTQ+ support - 1440,11WVY000000GC6r2AG,false
0jiVY00000001rZYAQ,Life skills-Not covered by other service - 1440,11WVY000000GC6r2AG,false
0jiVY00000001raYAA,Lost Housing-Outcome - 1440,11WVY000000GC6r2AG,false
0jiVY00000001rbYAA,Lost Job-Outcome - 1440,11WVY000000GC6r2AG,false
0jiVY00000001rcYAA,Mail Referral - 1440,11WVY000000GC6r2AG,false
0jiVY00000001rdYAA,Meal provided - 1440,11WVY000000GC6r2AG,false
0jiVY00000001reYAA,Medical Assistance - 1440,11WVY000000GC6r2AG,false
0jiVY00000001rfYAA,Medical care access general support - 1440,11WVY000000GC6r2AG,false
0jiVY00000001rgYAA,Medical evaluation-Onsite - 1440,11WVY000000GC6r2AG,false
0jiVY00000001rhYAA,Medical: Level 3 - 1440,11WVY000000GC6r2AG,false
0jiVY00000001riYAA,Mental Health Crisis-Outcome - 1440,11WVY000000GC6r2AG,false
0jiVY00000001rjYAA,Mental Health Engagement-Outcome - 1440,11WVY000000GC6r2AG,false
0jiVY00000001rkYAA,Mental health general support (not clinical counseling) - 1440,11WVY000000GC6r2AG,false
0jiVY00000001rlYAA,Mental Health: Level 3 - 1440,11WVY000000GC6r2AG,false
0jiVY00000001rmYAA,Mental/behavioral health appointment-Offsite - 1440,11WVY000000GC6r2AG,false
0jiVY00000001rnYAA,MHP Referral - 1440,11WVY000000GC6r2AG,false
0jiVY00000001roYAA,New School Enrollment-Outcome - 1440,11WVY000000GC6r2AG,false
0jiVY00000001rpYAA,Newly Employed-Outcome - 1440,11WVY000000GC6r2AG,false
0jiVY00000001rqYAA,Newly housed-Outcome - 1440,11WVY000000GC6r2AG,false
0jiVY00000001rrYAA,Night of stay - 1440,11WVY000000GC6r2AG,false
0jiVY00000001rsYAA,Obtained GED-Outcome - 1440,11WVY000000GC6r2AG,false
0jiVY00000001rtYAA,Obtained Job Certification-Outcome - 1440,11WVY000000GC6r2AG,false
0jiVY00000001ruYAA,Other Referral - 1440,11WVY000000GC6r2AG,false
0jiVY00000001rvYAA,Outcome - Counseling - 1440,11WVY000000GC6r2AG,false
0jiVY00000001rwYAA,Outreach contact to agency/organization/group - 1440,11WVY000000GC6r2AG,false
0jiVY00000001rxYAA,Overnight guest - 1440,11WVY000000GC6r2AG,false
0jiVY00000001rzYAA,Participant attended court session - 1440,11WVY000000GC6r2AG,false
0jiVY00000001s0YAA,Participant volunteer opportunity - 1440,11WVY000000GC6r2AG,false
0jiVY00000001s1YAA,Pathway's Referral - 1440,11WVY000000GC6r2AG,false
0jiVY00000001s2YAA,PEAK Application Completed - 1440,11WVY000000GC6r2AG,false
0jiVY00000001s3YAA,People's Clinic Referral - 1440,11WVY000000GC6r2AG,false
0jiVY00000001s4YAA,Personal hygiene general support - 1440,11WVY000000GC6r2AG,false
0jiVY00000001s5YAA,Physical Recreational Activity - 1440,11WVY000000GC6r2AG,false
0jiVY00000001s6YAA,Physical Referral - 1440,11WVY000000GC6r2AG,false
0jiVY00000001s7YAA,Points store use - 1440,11WVY000000GC6r2AG,false
0jiVY00000001s8YAA,Professional Team Development - 1440,11WVY000000GC6r2AG,false
0jiVY00000001s9YAA,Professional team engagement - 1440,11WVY000000GC6r2AG,false
0jiVY00000001sAYAQ,Prosocial or recreational activity - 1440,11WVY000000GC6r2AG,false
0jiVY00000001sBYAQ,Psychological evaluation-Onsite - 1440,11WVY000000GC6r2AG,false
0jiVY00000001sCYAQ,Psychosocial assessment completed - 1440,11WVY000000GC6r2AG,false
0jiVY00000001sDYAQ,Public benefits support - 1440,11WVY000000GC6r2AG,false
0jiVY00000001sFYAQ,Recovery Cafe Referral - 1440,11WVY000000GC6r2AG,false
0jiVY00000001sGYAQ,Recreational Activity - 1440,11WVY000000GC6r2AG,false
0jiVY00000001sHYAQ,Reduced Substance Use-Outcome - 1440,11WVY000000GC6r2AG,false
0jiVY00000001sIYAQ,Referral-Child welfare/Foster care/Chafee - 1440,11WVY000000GC6r2AG,false
0jiVY00000001sJYAQ,Referral-Education program or institution - 1440,11WVY000000GC6r2AG,false
0jiVY00000001sKYAQ,Referral-Equine therapy - 1440,11WVY000000GC6r2AG,false
0jiVY00000001sLYAQ,Referral-GED tutoring - 1440,11WVY000000GC6r2AG,false
0jiVY00000001sMYAQ,Referral-Health-Dental provider - 1440,11WVY000000GC6r2AG,false
0jiVY00000001sNYAQ,Referral-Health-Medical provider - 1440,11WVY000000GC6r2AG,false
0jiVY00000001sOYAQ,Referral-Health-Vision provider - 1440,11WVY000000GC6r2AG,false
0jiVY00000001sPYAQ,Referral-Housing program: 1440 Pine - 1440,11WVY000000GC6r2AG,false
0jiVY00000001sQYAQ,Referral-Housing program: Non-TGTHR - 1440,11WVY000000GC6r2AG,false
0jiVY00000001sRYAQ,Referral-Housing program: TGTHR TLP/RRH - 1440,11WVY000000GC6r2AG,false
0jiVY00000001sSYAQ,Referral-LGBTQ+ support provider - 1440,11WVY000000GC6r2AG,false
0jiVY00000001sTYAQ,Referral-Mental/behavioral health provider - 1440,11WVY000000GC6r2AG,false
0jiVY00000001sUYAQ,"Referral-Public benefits agency (SNAP, SSI, DIS) - 1440",11WVY000000GC6r2AG,false
0jiVY00000001sVYAQ,Referral-Sexual health services or testing provider - 1440,11WVY000000GC6r2AG,false
0jiVY00000001sWYAQ,Referral-Source drop-in - 1440,11WVY000000GC6r2AG,false
0jiVY00000001sXYAQ,Referral-Substance abuse counseling provider or Substance use support (not cli - 1440,11WVY000000GC6r2AG,false
0jiVY00000001sYYAQ,Referral-Workforce or employment agency - 1440,11WVY000000GC6r2AG,false
0jiVY00000001sZYAQ,Room/apartment search - 1440,11WVY000000GC6r2AG,false
0jiVY00000001saYAA,Safe Lot Referral - 1440,11WVY000000GC6r2AG,false
0jiVY00000001sbYAA,Safety Planning - 1440,11WVY000000GC6r2AG,false
0jiVY00000001scYAA,Self-care general support - 1440,11WVY000000GC6r2AG,false
0jiVY00000001sdYAA,Sexual Health Referral - 1440,11WVY000000GC6r2AG,false
0jiVY00000001seYAA,Sexual health supply provided - 1440,11WVY000000GC6r2AG,false
0jiVY00000001sfYAA,Sexual health testing-Onsite - 1440,11WVY000000GC6r2AG,false
0jiVY00000001sgYAA,Shelter Referral - 1440,11WVY000000GC6r2AG,false
0jiVY00000001shYAA,Sobriety referral - 1440,11WVY000000GC6r2AG,false
0jiVY00000001siYAA,SOP Contact - 1440,11WVY000000GC6r2AG,false
0jiVY00000001skYAA,Stably Housed-Outcome - 1440,11WVY000000GC6r2AG,false
0jiVY00000001slYAA,Still Employed-Outcome - 1440,11WVY000000GC6r2AG,false
0jiVY00000001smYAA,Substance Abuse - 1440,11WVY000000GC6r2AG,false
0jiVY00000001snYAA,Substance Abuse: Level 3 - 1440,11WVY000000GC6r2AG,false
0jiVY00000001spYAA,Substance Use Relapse-Outcome - 1440,11WVY000000GC6r2AG,false
0jiVY00000001sqYAA,Substance use support (not clinical counseling) - 1440,11WVY000000GC6r2AG,false
0jiVY00000001srYAA,Supportive employment - 1440,11WVY000000GC6r2AG,false
0jiVY00000001ssYAA,Supportive Employment - Drop In Hours - 1440,11WVY000000GC6r2AG,false
0jiVY00000001stYAA,Supportive Employment - Group - 1440,11WVY000000GC6r2AG,false
0jiVY00000001suYAA,Talking Points - 1440,11WVY000000GC6r2AG,false
0jiVY00000001svYAA,TAY-VISPIDAT completed - 1440,11WVY000000GC6r2AG,false
0jiVY00000001sxYAA,The Source Referral - 1440,11WVY000000GC6r2AG,false
0jiVY00000001syYAA,TLP-Case Management - 1440,11WVY000000GC6r2AG,false
0jiVY00000001szYAA,Transportation - 1440,11WVY000000GC6r2AG,false
0jiVY00000001t0YAA,Transportation Referral - 1440,11WVY000000GC6r2AG,false
0jiVY00000001t1YAA,Transportation-Bus pass or ride provided - 1440,11WVY000000GC6r2AG,false
0jiVY00000001t2YAA,Transportation-Training or information provided - 1440,11WVY000000GC6r2AG,false
0jiVY00000001t3YAA,Transportation: Level 3 - 1440,11WVY000000GC6r2AG,false
0jiVY00000001tGYAQ,Peer - Counseling Group - 1440,11WVY000000GC6r2AG,false
0jiVY00000001tHYAQ,Peer - Mental Health Check-in - 1440,11WVY000000GC6r2AG,false
0jiVY00000002d2YAA,Creative Expression Activity - 1440,11WVY000000GC6r2AG,false
0jiVY00000002d3YAA,Returned to Services-Outcome - 1440,11WVY000000GC6r2AG,false
0jiVY00000002d4YAA,Education-GED testing - 1440,11WVY000000GC6r2AG,false
0jiVY00000002d5YAA,Family Coaching - 1440,11WVY000000GC6r2AG,false
0jiVY00000002d6YAA,Clinical counseling-Crisis intervention - 1440,11WVY000000GC6r2AG,false
0jiVY00000002jNYAQ,Family engagement general support (not clinical counseling) - Nest 56,11WVY000000GC3d2AG,false
0jiVY00000002jOYAQ,Professional team engagement - Nest 56,11WVY000000GC3d2AG,false
0jiVY00000002jPYAQ,Overnight guest - Nest 56,11WVY000000GC3d2AG,false
0jiVY00000002jQYAQ,Housing-Apartment maintenance/hygiene support - Nest 56,11WVY000000GC3d2AG,false
0jiVY00000002jRYAQ,Group service-Games - Nest 56,11WVY000000GC3d2AG,false
0jiVY00000002jSYAQ,Clinical counseling-Group therapy - Nest 56,11WVY000000GC3d2AG,false
0jiVY00000002jTYAQ,Group service-Tenant association - Nest 56,11WVY000000GC3d2AG,false
0jiVY00000002jUYAQ,Group service-Creative explorations - Nest 56,11WVY000000GC3d2AG,false
0jiVY00000002jVYAQ,Health-Medical appointment-Onsite - Nest 56,11WVY000000GC3d2AG,false
0jiVY00000002jWYAQ,Creative expression activity - Nest 56,11WVY000000GC3d2AG,false
0jiVY00000002jXYAQ,Mental/behavioral health appointment-Offsite - Nest 56,11WVY000000GC3d2AG,false
0jiVY00000002jYYAQ,Meal provided - Nest 56,11WVY000000GC3d2AG,false
0jiVY00000002jZYAQ,Case management activity with participant - Nest 56,11WVY000000GC3d2AG,false
0jiVY00000002jaYAA,Life skills-Not covered by other service - Nest 56,11WVY000000GC3d2AG,false
0jiVY00000002jbYAA,"Referral-Public benefits agency (SNAP, SSI, DIS) - Nest 56",11WVY000000GC3d2AG,false
0jiVY00000002jcYAA,Group Service-Life Skills - Nest 56,11WVY000000GC3d2AG,false
0jiVY00000002jdYAA,Health-First aid or hygiene supply provided - Nest 56,11WVY000000GC3d2AG,false
0jiVY00000002jeYAA,Group service-Cooking/meal preparation support - Nest 56,11WVY000000GC3d2AG,false
0jiVY00000002jfYAA,Clinical counseling-Mental health check-in - Nest 56,11WVY000000GC3d2AG,false
0jiVY00000002jgYAA,Prosocial or recreational activity - Nest 56,11WVY000000GC3d2AG,false
0jiVY00000002jhYAA,Creative Expression Activity - Nest 56,11WVY000000GC3d2AG,false
0jiVY00000002jiYAA,Substance use support (not clinical counseling) - Nest 56,11WVY000000GC3d2AG,false
0jiVY00000002jjYAA,Attempt to contact participant - Nest 56,11WVY000000GC3d2AG,false
0jiVY00000002jkYAA,Actively seeking employment-Outcome - Nest 56,11WVY000000GC3d2AG,false
0jiVY00000002jmYAA,Education-GED testing - Nest 56,11WVY000000GC3d2AG,false
0jiVY00000002jnYAA,Education-General support - Nest 56,11WVY000000GC3d2AG,false
0jiVY00000002joYAA,Employment-General support - Nest 56,11WVY000000GC3d2AG,false
0jiVY00000002jpYAA,Family Coaching - Nest 56,11WVY000000GC3d2AG,false
0jiVY00000002jqYAA,Budgeting and financial management-General support - Nest 56,11WVY000000GC3d2AG,false
0jiVY00000002jrYAA,ID and vital documents general support - Nest 56,11WVY000000GC3d2AG,false
0jiVY00000002jsYAA,Legal issue general support - Nest 56,11WVY000000GC3d2AG,false
0jiVY00000002jtYAA,Medical care access general support - Nest 56,11WVY000000GC3d2AG,false
0jiVY00000002juYAA,Mental health general support (not clinical counseling) - Nest 56,11WVY000000GC3d2AG,false
0jiVY00000002jvYAA,Clinical counseling-Individual session - Nest 56,11WVY000000GC3d2AG,false
0jiVY00000002jwYAA,Clinical counseling-Crisis intervention - Nest 56,11WVY000000GC3d2AG,false
0jiVY00000002jxYAA,Conflict resolution general support - Nest 56,11WVY000000GC3d2AG,false
0jiVY00000002jyYAA,Cooking/meal preparation support - Nest 56,11WVY000000GC3d2AG,false
0jiVY00000002jzYAA,Housing application support - Nest 56,11WVY000000GC3d2AG,false
0jiVY00000002k0YAA,Employment-Job search support - Nest 56,11WVY000000GC3d2AG,false
0jiVY00000002k1YAA,Group service-Prosocial or recreational activity on-site - Nest 56,11WVY000000GC3d2AG,false
0jiVY00000002k2YAA,Housing-Move in assistance - Nest 56,11WVY000000GC3d2AG,false
0jiVY00000002k3YAA,Housing-New tenant orientation - Nest 56,11WVY000000GC3d2AG,false
0jiVY00000002k4YAA,Points store use - Nest 56,11WVY000000GC3d2AG,false
0jiVY00000002k5YAA,Self-care general support - Nest 56,11WVY000000GC3d2AG,false
0jiVY00000002k6YAA,Transportation-Training or information provided - Nest 56,11WVY000000GC3d2AG,false
0jiVY00000002k7YAA,Public benefits support - Nest 56,11WVY000000GC3d2AG,false
0jiVY00000002k8YAA,Housing-Lease violation follow-up support - Nest 56,11WVY000000GC3d2AG,false
0jiVY00000002k9YAA,Housing-Rent support - Nest 56,11WVY000000GC3d2AG,false
0jiVY00000002kAYAQ,Drop-in Mail Pickup - Nest 56,11WVY000000GC3d2AG,false
0jiVY00000002rRYAQ,Employment Support,11WVY000000GC3d2AG,false
0jiVY00000002t3YAA,Employment Support,11WVY000000GC3d2AG,false
0jiVY00000002ufYAA,Benefit Verification/ Enrollment,11WVY000000GC3d2AG,false
0jiVY00000002wHYAQ,Financial Education and Navigation Assistance,11WVY000000GC3d2AG,false
0jiVY00000002xtYAA,Community Group- Rooted 303,11WVY000000GC3d2AG,false
0jiVY00000002zVYAQ,Life Skills- Clean With Me,11WVY000000GC3d2AG,false
0jiVY0000000317YAA,Life Skills- Hand Embroidery,11WVY000000GC3d2AG,false
0jiVY0000000318YAA,Community Resource Navigation,11WVY000000GC3d2AG,false
0jiVY000000032jYAA,Nutrition Assistance- Food Bank,11WVY000000GC3d2AG,false
0jiVY000000034LYAQ,Education- GED Class Attendance,11WVY000000GC3d2AG,false
0jiVY000000035xYAA,Community Partner Referral,11WVY000000GC3d2AG,false
0jiVY000000037ZYAQ,Housing Retention- Rental Assistance with Budget,11WVY000000GC3d2AG,false
0jiVY000000039BYAQ,Vital Document Verification,11WVY000000GC3d2AG,false
0jiVY00000003AnYAI,CMC Check In,11WVY000000GC3d2AG,false
0jiVY00000003CPYAY,Emotional Processing,11WVY000000GC3d2AG,false
0jiVY00000003E1YAI,Emergency Service Coordination,11WVY000000GC3d2AG,false
0jiVY00000003ynYAA,BIPOC Support,11WVY000000GC6r2AG,true
0jiVY00000003yoYAA,BIPOC Support,11WVY000000GC6r2AG,false
0jiVY00000003ypYAA,BIPOC Support,11WVY000000GC3d2AG,true
0jiVY00000003yqYAA,Bus pass,11WVY000000GC3d2AG,true
0jiVY00000003yrYAA,Bus pass,11WVY000000GC6r2AG,false
0jiVY00000003ysYAA,Bus pass,11WVY000000GC6r2AG,true
0jiVY00000003ytYAA,Case Management Meeting,11WVY000000GC3d2AG,false
0jiVY00000003yuYAA,Case Management Meeting,11WVY000000GC6r2AG,false
0jiVY00000003yvYAA,Community Engagement,11WVY000000GC6r2AG,true
0jiVY00000003ywYAA,Community Engagement,11WVY000000GC3d2AG,true
0jiVY00000003yxYAA,Community Engagement,11WVY000000GC6r2AG,false
0jiVY00000003yyYAA,Community Resource Navigation,11WVY000000GC3d2AG,true
0jiVY00000003yzYAA,Community Resource Navigation,11WVY000000GC6r2AG,false
0jiVY00000003z0YAA,Community Resource Navigation,11WVY000000GC6r2AG,true
0jiVY00000003z1YAA,Conflict Resolution Support,11WVY000000GC6r2AG,true
0jiVY00000003z2YAA,Conflict Resolution Support,11WVY000000GC3d2AG,true
0jiVY00000003z3YAA,Education,11WVY000000GC3d2AG,true
0jiVY00000003z4YAA,Education,11WVY000000GC6r2AG,false
0jiVY00000003z5YAA,Education,11WVY000000GC6r2AG,true
0jiVY00000003z6YAA,Education Support,11WVY000000GC6r2AG,true
0jiVY00000003z7YAA,Education Support,11WVY000000GC3d2AG,true
0jiVY00000003z8YAA,Education Support,11WVY000000GC6r2AG,false
0jiVY00000003z9YAA,"Emergency Service Coordination (STAR, Emergency Room/ Urgent Care support)",11WVY000000GC6r2AG,false
0jiVY00000003zAYAQ,"Emergency Service Coordination (STAR, Emergency Room/ Urgent Care support)",11WVY000000GC3d2AG,true
0jiVY00000003zBYAQ,"Emergency Service Coordination (STAR, Emergency Room/ Urgent Care support)",11WVY000000GC6r2AG,true
0jiVY00000003zCYAQ,Emotional Processing,11WVY000000GC6r2AG,true
0jiVY00000003zDYAQ,Emotional Processing,11WVY000000GC3d2AG,true
0jiVY00000003zEYAQ,Employment Support,11WVY000000GC6r2AG,true
0jiVY00000003zFYAQ,Employment Support,11WVY000000GC6r2AG,false
0jiVY00000003zGYAQ,Employment Support,11WVY000000GC3d2AG,true
0jiVY00000003zHYAQ,Eviction/ Mutual Rescission Support,11WVY000000GC6r2AG,false
0jiVY00000003zIYAQ,Eviction/ Mutual Rescission Support,11WVY000000GC6r2AG,true
0jiVY00000003zJYAQ,Eviction/ Mutual Rescission Support,11WVY000000GC3d2AG,true
0jiVY00000003zKYAQ,External Medical Provider,11WVY000000GC3d2AG,true
0jiVY00000003zLYAQ,External Medical Provider,11WVY000000GC6r2AG,true
0jiVY00000003zMYAQ,External Medical Provider,11WVY000000GC6r2AG,false
0jiVY00000003zNYAQ,External Professional Team,11WVY000000GC3d2AG,true
0jiVY00000003zOYAQ,External Professional Team,11WVY000000GC6r2AG,true
0jiVY00000003zPYAQ,External Professional Team,11WVY000000GC6r2AG,false
0jiVY00000003zQYAQ,External Therapy Provider,11WVY000000GC6r2AG,false
0jiVY00000003zRYAQ,External Therapy Provider,11WVY000000GC3d2AG,true
0jiVY00000003zSYAQ,External Therapy Provider,11WVY000000GC6r2AG,true
0jiVY00000003zTYAQ,Family Reunification Support,11WVY000000GC6r2AG,false
0jiVY00000003zUYAQ,Family Reunification Support,11WVY000000GC6r2AG,true
0jiVY00000003zVYAQ,Family Reunification Support,11WVY000000GC3d2AG,true
0jiVY00000003zWYAQ,Financial Education and Navigation,11WVY000000GC3d2AG,true
0jiVY00000003zXYAQ,Financial Education and Navigation,11WVY000000GC6r2AG,false
0jiVY00000003zYYAQ,Financial Education and Navigation,11WVY000000GC6r2AG,true
0jiVY00000003zZYAQ,Food Access,11WVY000000GC6r2AG,true
0jiVY00000003zaYAA,Food Access,11WVY000000GC3d2AG,true
0jiVY00000003zbYAA,Food Access,11WVY000000GC6r2AG,false
0jiVY00000003zcYAA,Food Pantry Access - Onsite,11WVY000000GC3d2AG,true
0jiVY00000003zdYAA,Food Pantry Access - Onsite,11WVY000000GC6r2AG,true
0jiVY00000003zeYAA,GED Group,11WVY000000GC3d2AG,true
0jiVY00000003zfYAA,GED Group,11WVY000000GC6r2AG,true
0jiVY00000003zgYAA,GED Group,11WVY000000GC6r2AG,false
0jiVY00000003zhYAA,Group Support,11WVY000000GC3d2AG,true
0jiVY00000003ziYAA,Group Support,11WVY000000GC6r2AG,false
0jiVY00000003zjYAA,Group Support,11WVY000000GC6r2AG,true
0jiVY00000003zkYAA,Housekeeping,11WVY000000GC6r2AG,true
0jiVY00000003zlYAA,Housekeeping,11WVY000000GC3d2AG,true
0jiVY00000003zmYAA,Housekeeping,11WVY000000GC6r2AG,false
0jiVY00000003znYAA,Housing,11WVY000000GC6r2AG,true
0jiVY00000003zoYAA,Housing,11WVY000000GC3d2AG,true
0jiVY00000003zpYAA,Individual Session,11WVY000000GC3d2AG,true
0jiVY00000003zqYAA,Individual Session,11WVY000000GC6r2AG,true
0jiVY00000003zrYAA,Individual Support,11WVY000000GC6r2AG,true
0jiVY00000003zsYAA,Individual Support,11WVY000000GC3d2AG,true
0jiVY00000003ztYAA,Initial Planning Meeting,11WVY000000GC3d2AG,true
0jiVY00000003zuYAA,Initial Planning Meeting,11WVY000000GC6r2AG,false
0jiVY00000003zvYAA,Initial Planning Meeting (goal setting),11WVY000000GC6r2AG,true
0jiVY00000003zwYAA,Lease Violation Meeting,11WVY000000GC6r2AG,true
0jiVY00000003zxYAA,Lease Violation Meeting,11WVY000000GC3d2AG,true
0jiVY00000003zyYAA,Lease Violation Meeting,11WVY000000GC6r2AG,false
0jiVY00000003zzYAA,Legal Support,11WVY000000GC3d2AG,true
0jiVY0000000400YAA,Legal Support,11WVY000000GC6r2AG,false
0jiVY0000000401YAA,Legal Support,11WVY000000GC6r2AG,true
0jiVY0000000402YAA,LGBTQIA Support,11WVY000000GC6r2AG,false
0jiVY0000000403YAA,LGBTQIA Support,11WVY000000GC3d2AG,true
0jiVY0000000404YAA,LGBTQIA Support,11WVY000000GC6r2AG,true
0jiVY0000000405YAA,Life Skills Group,11WVY000000GC6r2AG,false
0jiVY0000000406YAA,Life Skills Group,11WVY000000GC3d2AG,true
0jiVY0000000407YAA,Life Skills Group,11WVY000000GC6r2AG,true
0jiVY0000000408YAA,Meal Provided,11WVY000000GC3d2AG,false
0jiVY0000000409YAA,Meal Provided,11WVY000000GC6r2AG,false
0jiVY000000040AYAQ,"Medical, Legal, or Employment",11WVY000000GC3d2AG,true
0jiVY000000040BYAQ,"Medical, Legal, or Employment",11WVY000000GC6r2AG,false
0jiVY000000040CYAQ,"Medical, Legal, or Employment",11WVY000000GC6r2AG,true
0jiVY000000040DYAQ,Mental Health,11WVY000000GC6r2AG,true
0jiVY000000040EYAQ,Mental Health,11WVY000000GC6r2AG,false
0jiVY000000040FYAQ,Mental Health,11WVY000000GC3d2AG,true
0jiVY000000040GYAQ,Mental Health Support,11WVY000000GC3d2AG,true
0jiVY000000040HYAQ,Mental Health Support,11WVY000000GC6r2AG,true
0jiVY000000040IYAQ,Move Out Assistance,11WVY000000GC3d2AG,true
0jiVY000000040JYAQ,Move Out Assistance,11WVY000000GC6r2AG,true
0jiVY000000040KYAQ,Move Out Assistance,11WVY000000GC6r2AG,false
0jiVY000000040LYAQ,Other supports,11WVY000000GC3d2AG,true
0jiVY000000040MYAQ,Other supports,11WVY000000GC6r2AG,true
0jiVY000000040NYAQ,Other supports,11WVY000000GC6r2AG,false
0jiVY000000040OYAQ,Parenting Support,11WVY000000GC6r2AG,true
0jiVY000000040PYAQ,Parenting Support,11WVY000000GC3d2AG,true
0jiVY000000040QYAQ,Parenting Support,11WVY000000GC6r2AG,false
0jiVY000000040RYAQ,Peer Support,11WVY000000GC6r2AG,false
0jiVY000000040SYAQ,Peer Support,11WVY000000GC6r2AG,false
0jiVY000000040TYAQ,Peer Support,11WVY000000GC6r2AG,true
0jiVY000000040UYAQ,Peer Support,11WVY000000GC3d2AG,true
0jiVY000000040VYAQ,Peer Support,11WVY000000GC3d2AG,true
0jiVY000000040WYAQ,Peer Support Group,11WVY000000GC6r2AG,true
0jiVY000000040XYAQ,Physical Health,11WVY000000GC6r2AG,false
0jiVY000000040YYAQ,Physical Health,11WVY000000GC6r2AG,true
0jiVY000000040ZYAQ,Physical Health,11WVY000000GC3d2AG,true
0jiVY000000040aYAA,Physical/Mental Wellness - Community Outing,11WVY000000GC6r2AG,true
0jiVY000000040bYAA,Physical/Mental Wellness - Community Outing,11WVY000000GC3d2AG,true
0jiVY000000040cYAA,Point Store Access,11WVY000000GC3d2AG,true
0jiVY000000040dYAA,Point Store Access,11WVY000000GC6r2AG,true
0jiVY000000040eYAA,Police Interaction- Arrest,11WVY000000GC6r2AG,false
0jiVY000000040fYAA,Police Interaction- Arrest,11WVY000000GC3d2AG,true
0jiVY000000040gYAA,Police Interaction- Arrest,11WVY000000GC6r2AG,true
0jiVY000000040hYAA,Police Interaction- General Support,11WVY000000GC3d2AG,true
0jiVY000000040iYAA,Police Interaction- General Support,11WVY000000GC6r2AG,true
0jiVY000000040jYAA,Police Interaction- General Support,11WVY000000GC6r2AG,false
0jiVY000000040kYAA,Pre-Lease Violation Support,11WVY000000GC6r2AG,true
0jiVY000000040lYAA,Pre-Lease Violation Support,11WVY000000GC3d2AG,true
0jiVY000000040mYAA,Pre-Lease Violation Support,11WVY000000GC6r2AG,false
0jiVY000000040nYAA,Prosocial,11WVY000000GC3d2AG,false
0jiVY000000040oYAA,Prosocial,11WVY000000GC6r2AG,false
0jiVY000000040pYAA,Public Benefits Support,11WVY000000GC3d2AG,true
0jiVY000000040qYAA,Public Benefits Support,11WVY000000GC6r2AG,false
0jiVY000000040rYAA,Public Benefits Support,11WVY000000GC6r2AG,true
0jiVY000000040sYAA,Rental Assistance with Budget,11WVY000000GC3d2AG,true
0jiVY000000040tYAA,Rental Assistance with Budget,11WVY000000GC6r2AG,false
0jiVY000000040uYAA,Rental Assistance with Budget,11WVY000000GC6r2AG,true
0jiVY000000040vYAA,Resident Advisory Council,11WVY000000GC6r2AG,false
0jiVY000000040wYAA,Resident Advisory Council,11WVY000000GC6r2AG,true
0jiVY000000040xYAA,Resident Advisory Council,11WVY000000GC3d2AG,true
0jiVY000000040yYAA,Substance Use Support,11WVY000000GC6r2AG,true
0jiVY000000040zYAA,Substance Use Support,11WVY000000GC3d2AG,true
0jiVY0000000410YAA,Substance Use Support,11WVY000000GC6r2AG,true
0jiVY0000000411YAA,Substance Use Support,11WVY000000GC3d2AG,true
0jiVY0000000412YAA,Tenant Retention Plan,11WVY000000GC3d2AG,true
0jiVY0000000413YAA,Tenant Retention Plan,11WVY000000GC6r2AG,false
0jiVY0000000414YAA,Tenant Retention Plan,11WVY000000GC6r2AG,true
0jiVY0000000415YAA,Therapeutic Group,11WVY000000GC3d2AG,true
0jiVY0000000416YAA,Therapeutic Group,11WVY000000GC6r2AG,true
0jiVY0000000417YAA,Therapeutic Group,11WVY000000GC6r2AG,false
0jiVY0000000418YAA,Updates and Progress,11WVY000000GC6r2AG,false
0jiVY0000000419YAA,Updates and Progress,11WVY000000GC3d2AG,true
0jiVY000000041AYAQ,Updates and Progress (goal setting),11WVY000000GC6r2AG,true
0jiVY000000041BYAQ,Vital Document Support,11WVY000000GC3d2AG,true
0jiVY000000041CYAQ,Vital Document Support,11WVY000000GC6r2AG,false
0jiVY000000041DYAQ,Vital Document Support,11WVY000000GC6r2AG,true
0jiVY000000041EYAQ,Voucher Support,11WVY000000GC6r2AG,false
0jiVY000000041FYAQ,Voucher Support,11WVY000000GC3d2AG,true
0jiVY000000041GYAQ,Voucher Support,11WVY000000GC6r2AG,true
0jiVY000000041HYAQ,"Wellness, Mental Health, Mindfulness and Meditation Group",11WVY000000GC6r2AG,true
0jiVY000000041IYAQ,"Wellness, Mental Health, Mindfulness and Meditation Group",11WVY000000GC3d2AG,true
0jiVY000000041JYAQ,"Wellness, Mental Health, Mindfulness and Meditation Group",11WVY000000GC6r2AG,false
0jiVY0000000421YAA,Crisis Intervention,11WVY000005ea9y2AA,true
0jiVY0000000422YAA,Outreach Engagement,11WVY000005ea9y2AA,true
0jiVY0000000423YAA,Screening/Assessment,11WVY000005ea9y2AA,true
0jiVY0000000424YAA,Drop-In Day,11WVY000005ea9y2AA,true
0jiVY000000043dYAA,Arrested-Outcome - Outreach,11WVY000005ea9y2AA,true
0jiVY000000043eYAA,Mental health general support (not clinical counseling) - Drop-In,11WVY000005ea9y2AA,true
0jiVY000000043fYAA,Action plan created - Drop-In,11WVY000005ea9y2AA,true
0jiVY000000043gYAA,Employment-General support - Drop-In,11WVY000005ea9y2AA,true
0jiVY000000043hYAA,Participant attended court session - Outreach,11WVY000005ea9y2AA,true
0jiVY000000043iYAA,Family engagement general support (not clinical counseling) - Drop-In,11WVY000005ea9y2AA,true
0jiVY000000043jYAA,Housing-Tenant-based voucher support - Drop-In,11WVY000005ea9y2AA,true
0jiVY000000043kYAA,Interaction with participant's school - Drop-In,11WVY000005ea9y2AA,true
0jiVY000000043lYAA,LEAD Conversation - Outreach,11WVY000005ea9y2AA,true
0jiVY000000043mYAA,Life skills-Not covered by other service - Outreach,11WVY000005ea9y2AA,true
0jiVY000000043nYAA,LGBTQ+ support - Drop-In,11WVY000005ea9y2AA,true
0jiVY000000043oYAA,CE Referral - Outreach,11WVY000005ea9y2AA,true
0jiVY000000043pYAA,PEAK Application Completed - Drop-In,11WVY000005ea9y2AA,true
0jiVY000000043qYAA,Life skills-Not covered by other service - Drop-In,11WVY000005ea9y2AA,true
0jiVY000000043rYAA,Case management activity with participant - Drop-In,11WVY000005ea9y2AA,true
0jiVY000000043sYAA,Newly housed-Outcome - Drop-In,11WVY000005ea9y2AA,true
0jiVY000000043tYAA,Prosocial or recreational activity - Outreach,11WVY000005ea9y2AA,true
0jiVY000000043uYAA,"Referral-Public benefits agency (SNAP, SSI, DIS) - Drop-In",11WVY000005ea9y2AA,true
0jiVY000000043vYAA,Employment-Job search support - Outreach,11WVY000005ea9y2AA,true
0jiVY000000043wYAA,Legal Referral - Outreach,11WVY000005ea9y2AA,true
0jiVY000000043xYAA,"Referral-Public benefits agency (SNAP, SSI, DIS) - Outreach",11WVY000005ea9y2AA,true
0jiVY000000043yYAA,Referral-Sexual health services or testing provider - Drop-In,11WVY000005ea9y2AA,true
0jiVY000000043zYAA,Referral-Health-Dental provider - Outreach,11WVY000005ea9y2AA,true
0jiVY0000000440YAA,Housing-Move in assistance - Drop-In,11WVY000005ea9y2AA,true
0jiVY0000000441YAA,Attempt to contact participant - Drop-In,11WVY000005ea9y2AA,true
0jiVY0000000442YAA,Self-care general support - Outreach,11WVY000005ea9y2AA,true
0jiVY0000000443YAA,Personal hygiene general support - Drop-In,11WVY000005ea9y2AA,true
0jiVY0000000444YAA,Meal provided - Drop-In,11WVY000005ea9y2AA,true
0jiVY0000000445YAA,Clinical counseling-Group substance use support - Drop-In,11WVY000005ea9y2AA,true
0jiVY0000000446YAA,Sexual Health Referral - Drop-In,11WVY000005ea9y2AA,true
0jiVY0000000447YAA,Shelter referral-Outreach,11WVY000005ea9y2AA,true
0jiVY0000000448YAA,Group service-Cooking/meal preparation support - Drop-In,11WVY000005ea9y2AA,true
0jiVY0000000449YAA,Group service-Games - Drop-In,11WVY000005ea9y2AA,true
0jiVY000000044AYAQ,Interaction with participant's school - Outreach,11WVY000005ea9y2AA,true
0jiVY000000044BYAQ,SOP Contact - Outreach,11WVY000005ea9y2AA,true
0jiVY000000044CYAQ,Outreach contact to agency/organization/group - Outreach,11WVY000005ea9y2AA,true
0jiVY000000044DYAQ,Newly Employed-Outcome - Drop-In,11WVY000005ea9y2AA,true
0jiVY000000044EYAQ,Group-Employment - Drop-In,11WVY000005ea9y2AA,true
0jiVY000000044FYAQ,DI-Case Management - Drop-In,11WVY000005ea9y2AA,true
0jiVY000000044GYAQ,Meal provided - Outreach,11WVY000005ea9y2AA,true
0jiVY000000044HYAQ,Health-First aid or hygiene supply provided - Outreach,11WVY000005ea9y2AA,true
0jiVY000000044IYAQ,Other Referral - Drop-In,11WVY000005ea9y2AA,true
0jiVY000000044JYAQ,Attempt to contact participant - Outreach,11WVY000005ea9y2AA,true
0jiVY000000044KYAQ,Housing application support - Drop-In,11WVY000005ea9y2AA,true
0jiVY000000044LYAQ,Housing search support - Drop-In,11WVY000005ea9y2AA,true
0jiVY000000044MYAQ,LGBTQ Referral - Drop-In,11WVY000005ea9y2AA,true
0jiVY000000044NYAQ,Completed CE - Outreach,11WVY000005ea9y2AA,true
0jiVY000000044OYAQ,GED/Education Class (4 hrs) - Drop-In,11WVY000005ea9y2AA,true
0jiVY000000044PYAQ,Health-Medical appointment-Offsite - Drop-In,11WVY000005ea9y2AA,true
0jiVY000000044QYAQ,Employment-Job retention support - Outreach,11WVY000005ea9y2AA,true
0jiVY000000044RYAQ,Transportation-Bus pass or ride provided - Outreach,11WVY000005ea9y2AA,true
0jiVY000000044SYAQ,Visited Deacons - Outreach,11WVY000005ea9y2AA,true
0jiVY000000044TYAQ,Youth Outreach Contact - Outreach,11WVY000005ea9y2AA,true
0jiVY000000044UYAQ,Case management activity without participant present - Outreach,11WVY000005ea9y2AA,true
0jiVY000000044VYAQ,Housing-Landlord interview or visit support - Drop-In,11WVY000005ea9y2AA,true
0jiVY000000044WYAQ,Participant volunteer opportunity - Outreach,11WVY000005ea9y2AA,true
0jiVY000000044XYAQ,Actively seeking employment-Outcome - Outreach,11WVY000005ea9y2AA,true
0jiVY000000044YYAQ,Housing application support - Outreach,11WVY000005ea9y2AA,true
0jiVY000000044ZYAQ,Recreational Activity - Drop-In,11WVY000005ea9y2AA,true
0jiVY000000044aYAA,Supportive Employment - Group - Drop-In,11WVY000005ea9y2AA,true
0jiVY000000044bYAA,Group service-Field trip or outing - Drop-In,11WVY000005ea9y2AA,true
0jiVY000000044cYAA,Referral-Education program or institution - Drop-In,11WVY000005ea9y2AA,true
0jiVY000000044dYAA,Outreach contact to agency/organization/group - Drop-In,11WVY000005ea9y2AA,true
0jiVY000000044eYAA,Self-care general support - Drop-In,11WVY000005ea9y2AA,true
0jiVY000000044fYAA,Reduced Substance Use-Outcome - Drop-In,11WVY000005ea9y2AA,true
0jiVY000000044gYAA,Transportation-Training or information provided - Outreach,11WVY000005ea9y2AA,true
0jiVY000000044hYAA,BCAP Referral - Outreach,11WVY000005ea9y2AA,true
0jiVY000000044iYAA,Transportation-Bus pass or ride provided - Drop-In,11WVY000005ea9y2AA,true
0jiVY000000044jYAA,ID and vital documents secured-Outcome - Drop-In,11WVY000005ea9y2AA,true
0jiVY000000044kYAA,Sexual health supply provided - Outreach,11WVY000005ea9y2AA,true
0jiVY000000044lYAA,Medical evaluation-Onsite - Drop-In,11WVY000005ea9y2AA,true
0jiVY000000044mYAA,Transportation Referral - Drop-In,11WVY000005ea9y2AA,true
0jiVY000000044nYAA,Lost Housing-Outcome - Outreach,11WVY000005ea9y2AA,true
0jiVY000000044oYAA,Medical Assistance - Drop-In,11WVY000005ea9y2AA,true
0jiVY000000044pYAA,Deacons Closet Referral - Outreach,11WVY000005ea9y2AA,true
0jiVY000000044qYAA,Mail Referral - Drop-In,11WVY000005ea9y2AA,true
0jiVY000000044rYAA,Referral-Equine therapy - Drop-In,11WVY000005ea9y2AA,true
0jiVY000000044sYAA,Public benefits support - Outreach,11WVY000005ea9y2AA,true
0jiVY000000044tYAA,Financial Referral - Drop-In,11WVY000005ea9y2AA,true
0jiVY000000044uYAA,Visited HOPE - Outreach,11WVY000005ea9y2AA,true
0jiVY000000044vYAA,Angel Initiative Referral - Outreach,11WVY000005ea9y2AA,true
0jiVY000000044wYAA,Education-General support - Drop-In,11WVY000005ea9y2AA,true
0jiVY000000044xYAA,Referral-LGBTQ+ support provider - Drop-In,11WVY000005ea9y2AA,true
0jiVY000000044yYAA,Visited Harvest of Hope - Outreach,11WVY000005ea9y2AA,true
0jiVY000000044zYAA,Housing: Level 3 - Drop-In,11WVY000005ea9y2AA,true
0jiVY0000000450YAA,Conflict resolution general support - Outreach,11WVY000005ea9y2AA,true
0jiVY0000000451YAA,Housing Referral - Outreach,11WVY000005ea9y2AA,true
0jiVY0000000452YAA,Health-First aid or hygiene supply provided - Drop-In,11WVY000005ea9y2AA,true
0jiVY0000000453YAA,Referral-Housing program: Non-TGTHR - Drop-In,11WVY000005ea9y2AA,true
0jiVY0000000454YAA,Referral-Workforce or employment agency - Drop-In,11WVY000005ea9y2AA,true
0jiVY0000000455YAA,Mail Referral - Outreach,11WVY000005ea9y2AA,true
0jiVY0000000456YAA,Referral-Workforce or employment agency - Outreach,11WVY000005ea9y2AA,true
0jiVY0000000457YAA,Basic Needs/Supplies - Outreach,11WVY000005ea9y2AA,true
0jiVY0000000458YAA,Legal Referral - Drop-In,11WVY000005ea9y2AA,true
0jiVY0000000459YAA,Referral-Education program or institution - Outreach,11WVY000005ea9y2AA,true
0jiVY000000045AYAQ,Drop-in Facility Use - Outreach,11WVY000005ea9y2AA,true
0jiVY000000045BYAQ,Mental Health Engagement-Outcome - Outreach,11WVY000005ea9y2AA,true
0jiVY000000045CYAQ,Prosocial or recreational activity - Drop-In,11WVY000005ea9y2AA,true
0jiVY000000045DYAQ,Family Coaching - Drop-In,11WVY000005ea9y2AA,true
0jiVY000000045EYAQ,Clinical counseling-Mental health check-in - Drop-In,11WVY000005ea9y2AA,true
0jiVY000000045FYAQ,Housing-Lease education - Outreach,11WVY000005ea9y2AA,true
0jiVY000000045GYAQ,Group service-Peer support - Drop-In,11WVY000005ea9y2AA,true
0jiVY000000045HYAQ,People's Clinic Referral - Outreach,11WVY000005ea9y2AA,true
0jiVY000000045IYAQ,Sexual health testing-Onsite - Drop-In,11WVY000005ea9y2AA,true
0jiVY000000045JYAQ,"Homelessness/Crisis (BCC, Feeds, etc) Referral - Outreach",11WVY000005ea9y2AA,true
0jiVY000000045KYAQ,Already in CE - Outreach,11WVY000005ea9y2AA,true
0jiVY000000045LYAQ,Group service-LGBTQ+ support - Drop-In,11WVY000005ea9y2AA,true
0jiVY000000045MYAQ,Employment-Job retention support - Drop-In,11WVY000005ea9y2AA,true
0jiVY000000045NYAQ,Referral-Health-Medical provider - Outreach,11WVY000005ea9y2AA,true
0jiVY000000045OYAQ,Family engagement general support (not clinical counseling) - Outreach,11WVY000005ea9y2AA,true
0jiVY000000045PYAQ,Health-General sexual health support - Drop-In,11WVY000005ea9y2AA,true
0jiVY000000045QYAQ,Education-GED tutoring or homework - Drop-In,11WVY000005ea9y2AA,true
0jiVY000000045RYAQ,Education-GED testing - Drop-In,11WVY000005ea9y2AA,true
0jiVY000000045SYAQ,Other Referral - Outreach,11WVY000005ea9y2AA,true
0jiVY000000045TYAQ,Safe Lot Referral - Outreach,11WVY000005ea9y2AA,true
0jiVY000000045UYAQ,Mental Health: Level 3 - Drop-In,11WVY000005ea9y2AA,true
0jiVY000000045VYAQ,Group service-BIPOC support - Drop-In,11WVY000005ea9y2AA,true
0jiVY000000045WYAQ,Housing - Drop-In,11WVY000005ea9y2AA,true
0jiVY000000045XYAQ,Conflict resolution general support - Drop-In,11WVY000005ea9y2AA,true
0jiVY000000045YYAQ,Referral-Child welfare/Foster care/Chafee - Outreach,11WVY000005ea9y2AA,true
0jiVY000000045ZYAQ,Housing-Lease education - Drop-In,11WVY000005ea9y2AA,true
0jiVY000000045aYAA,Physical Recreational Activity - Drop-In,11WVY000005ea9y2AA,true
0jiVY000000045bYAA,Transportation - Drop-In,11WVY000005ea9y2AA,true
0jiVY000000045cYAA,Substance use support (not clinical counseling) - Outreach,11WVY000005ea9y2AA,true
0jiVY000000045dYAA,Creative - Drop-In,11WVY000005ea9y2AA,true
0jiVY000000045eYAA,Sexual health supply provided - Drop-In,11WVY000005ea9y2AA,true
0jiVY000000045fYAA,Public benefits support - Drop-In,11WVY000005ea9y2AA,true
0jiVY000000045gYAA,Lost Job-Outcome - Drop-In,11WVY000005ea9y2AA,true
0jiVY000000045hYAA,Employment-Job skills training (job-specific skills) - Drop-In,11WVY000005ea9y2AA,true
0jiVY000000045iYAA,Transportation-Training or information provided - Drop-In,11WVY000005ea9y2AA,true
0jiVY000000045jYAA,Drop-in Mail Pickup - Drop-In,11WVY000005ea9y2AA,true
0jiVY000000045kYAA,Identification Referral - Drop-In,11WVY000005ea9y2AA,true
0jiVY000000045lYAA,Hopelight Referral - Outreach,11WVY000005ea9y2AA,true
0jiVY000000045mYAA,Medical care access general support - Drop-In,11WVY000005ea9y2AA,true
0jiVY000000045nYAA,Basic Needs/Supplies - Drop-In,11WVY000005ea9y2AA,true
0jiVY000000045oYAA,The HUB Referral - Outreach,11WVY000005ea9y2AA,true
0jiVY000000045pYAA,Shelter Referral - Outreach,11WVY000005ea9y2AA,true
0jiVY000000045qYAA,Group service-Creative explorations - Drop-In,11WVY000005ea9y2AA,true
0jiVY000000045rYAA,Psychosocial assessment completed - Drop-In,11WVY000005ea9y2AA,true
0jiVY000000045sYAA,ID and vital documents general support - Outreach,11WVY000005ea9y2AA,true
0jiVY000000045tYAA,ID and vital documents secured-Outcome - Outreach,11WVY000005ea9y2AA,true
0jiVY000000045uYAA,Referral-Sexual health services or testing provider - Outreach,11WVY000005ea9y2AA,true
0jiVY000000045vYAA,Education-General support - Outreach,11WVY000005ea9y2AA,true
0jiVY000000045wYAA,Case management activity without participant present - Drop-In,11WVY000005ea9y2AA,true
0jiVY000000045xYAA,"Hep C Kits (condoms, lube, etc) - Outreach",11WVY000005ea9y2AA,true
0jiVY000000045yYAA,The Source Referral - Outreach,11WVY000005ea9y2AA,true
0jiVY000000045zYAA,Employment: Level 3 - Drop-In,11WVY000005ea9y2AA,true
0jiVY0000000460YAA,Referral-Health-Vision provider - Outreach,11WVY000005ea9y2AA,true
0jiVY0000000461YAA,Mental health general support (not clinical counseling) - Outreach,11WVY000005ea9y2AA,true
0jiVY0000000462YAA,Transportation: Level 3 - Drop-In,11WVY000005ea9y2AA,true
0jiVY0000000463YAA,Employment-General support - Outreach,11WVY000005ea9y2AA,true
0jiVY0000000464YAA,Referral-Mental/behavioral health provider - Outreach,11WVY000005ea9y2AA,true
0jiVY0000000465YAA,TAY-VISPIDAT completed - Outreach,11WVY000005ea9y2AA,true
0jiVY0000000466YAA,Employment-Job readiness training - Drop-In,11WVY000005ea9y2AA,true
0jiVY0000000467YAA,Referral-Mental/behavioral health provider - Drop-In,11WVY000005ea9y2AA,true
0jiVY0000000468YAA,Employment-Job search support - Drop-In,11WVY000005ea9y2AA,true
0jiVY0000000469YAA,MHP Referral - Outreach,11WVY000005ea9y2AA,true
0jiVY000000046AYAQ,Family Coaching Referral - Drop-In,11WVY000005ea9y2AA,true
0jiVY000000046BYAQ,Referral-GED tutoring - Drop-In,11WVY000005ea9y2AA,true
0jiVY000000046CYAQ,Group service-Prosocial or recreational activity on-site - Drop-In,11WVY000005ea9y2AA,true
0jiVY000000046DYAQ,Identification Referral - Outreach,11WVY000005ea9y2AA,true
0jiVY000000046EYAQ,Drop-in Mail Pickup - Outreach,11WVY000005ea9y2AA,true
0jiVY000000046FYAQ,Drop-in Facility Use - Drop-In,11WVY000005ea9y2AA,true
0jiVY000000046GYAQ,Health-Medical appointment-Offsite - Outreach,11WVY000005ea9y2AA,true
0jiVY000000046HYAQ,Legal issue general support - Drop-In,11WVY000005ea9y2AA,true
0jiVY000000046IYAQ,Referral-Source drop-in - Outreach,11WVY000005ea9y2AA,true
0jiVY000000046JYAQ,Group service-Sexual health support - Drop-In,11WVY000005ea9y2AA,true
0jiVY000000046KYAQ,Legal issue general support - Outreach,11WVY000005ea9y2AA,true
0jiVY000000046LYAQ,SOP Contact - Drop-In,11WVY000005ea9y2AA,true
0jiVY000000046MYAQ,Referral-Source drop-in - Drop-In,11WVY000005ea9y2AA,true
0jiVY000000046NYAQ,ID and vital documents general support - Drop-In,11WVY000005ea9y2AA,true
0jiVY000000046OYAQ,Harvest of Hope Referral - Outreach,11WVY000005ea9y2AA,true
0jiVY000000046PYAQ,Action plan created - Outreach,11WVY000005ea9y2AA,true
0jiVY000000046QYAQ,Health-General sexual health support - Outreach,11WVY000005ea9y2AA,true
0jiVY000000046RYAQ,Referral-Substance abuse counseling provider or Substance use support (not cli - Drop-In,11WVY000005ea9y2AA,true
0jiVY000000046SYAQ,Housing-Tenant rights education - Drop-In,11WVY000005ea9y2AA,true
0jiVY000000046TYAQ,Referral-Substance abuse counseling provider or Substance use support (not cli - Outreach,11WVY000005ea9y2AA,true
0jiVY000000046UYAQ,Safety Planning - Outreach,11WVY000005ea9y2AA,true
0jiVY000000046VYAQ,Actively seeking employment-Outcome - Drop-In,11WVY000005ea9y2AA,true
0jiVY000000046WYAQ,Referral-Health-Medical provider - Drop-In,11WVY000005ea9y2AA,true
0jiVY000000046XYAQ,Shelter Referral - Drop-In,11WVY000005ea9y2AA,true
0jiVY000000046YYAQ,Group Service-Life Skills - Drop-In,11WVY000005ea9y2AA,true
0jiVY000000046ZYAQ,Benefits: Level 3 - Drop-In,11WVY000005ea9y2AA,true
0jiVY000000046aYAA,Clinical counseling-Individual session - Drop-In,11WVY000005ea9y2AA,true
0jiVY000000046bYAA,Medical: Level 3 - Drop-In,11WVY000005ea9y2AA,true
0jiVY000000046cYAA,Recovery Cafe Referral - Outreach,11WVY000005ea9y2AA,true
0jiVY000000046dYAA,Points store use - Drop-In,11WVY000005ea9y2AA,true
0jiVY000000046eYAA,GED/Education Class (3 hrs) - Drop-In,11WVY000005ea9y2AA,true
0jiVY000000046fYAA,Budgeting and financial management-General support - Outreach,11WVY000005ea9y2AA,true
0jiVY000000046gYAA,Night of stay - Drop-In,11WVY000005ea9y2AA,true
0jiVY000000046hYAA,HIV/HEP C Testing - Drop-In,11WVY000005ea9y2AA,true
0jiVY000000046iYAA,Clinical Referral - Outreach,11WVY000005ea9y2AA,true
0jiVY000000046jYAA,Budgeting and financial management-General support - Drop-In,11WVY000005ea9y2AA,true
0jiVY000000046kYAA,Still Employed-Outcome - Drop-In,11WVY000005ea9y2AA,true
0jiVY000000046lYAA,Health-Medical appointment-Onsite - Drop-In,11WVY000005ea9y2AA,true
0jiVY000000046mYAA,Benefits - Drop-In,11WVY000005ea9y2AA,true
0jiVY000000046nYAA,Substance Abuse: Level 3 - Drop-In,11WVY000005ea9y2AA,true
0jiVY000000046oYAA,LGBTQ+ support - Outreach,11WVY000005ea9y2AA,true
0jiVY000000046pYAA,Substance Abuse - Drop-In,11WVY000005ea9y2AA,true
0jiVY000000046qYAA,Sponsor time - Drop-In,11WVY000005ea9y2AA,true
0jiVY000000046rYAA,Psychosocial assessment completed - Outreach,11WVY000005ea9y2AA,true
0jiVY000000046sYAA,Case management activity with participant - Outreach,11WVY000005ea9y2AA,true
0jiVY000000046tYAA,Reduced Substance Use-Outcome - Outreach,11WVY000005ea9y2AA,true
0jiVY000000046uYAA,TAY-VISPIDAT completed - Drop-In,11WVY000005ea9y2AA,true
0jiVY000000046vYAA,Employment-Job readiness training - Outreach,11WVY000005ea9y2AA,true
0jiVY000000046wYAA,Clinical counseling-Group therapy - Drop-In,11WVY000005ea9y2AA,true
0jiVY000000046xYAA,Housing Referral - Drop-In,11WVY000005ea9y2AA,true
0jiVY000000046yYAA,BCAP Referral - Drop-In,11WVY000005ea9y2AA,true
0jiVY000000046zYAA,Educated on Ordinance - Outreach,11WVY000005ea9y2AA,true
0jiVY0000000470YAA,Stably Housed-Outcome - Drop-In,11WVY000005ea9y2AA,true
0jiVY0000000471YAA,Harm Reduction Kit - Outreach,11WVY000005ea9y2AA,true
0jiVY0000000472YAA,Creative Expression Activity - Drop-In,11WVY000005ea9y2AA,true
0jiVY0000000473YAA,HOPE Referral - Outreach,11WVY000005ea9y2AA,true
