"Name","ProgramId","BenefitTypeId","IsActive","BenefitStatus","CPT_Code__c","Default_Disbursement_Quantity__c","Default_Duration_c__c","Housing_Capacity__c","Is_a_Housing_Benefit__c","Spots_Currently_Filled__c","Available_for_Housing__c","Available_for_Program_Engagement__c","Available_for_Case_Management__c","Available_for_Clinical__c","Available_for_Peer__c","Lifecycle_State__c"
"BIPOC Support","11WVY000000GC6r2AG","0jhVY000000001sYAA","true","Active","H0038","1","60","","false","","true","false","true","true","true","Active"
"BIPOC Support","11WVY000000GC6r2AG","0jhVY000000001eYAA","false","Active","H0038","1","60","","false","","false","false","true","true","true","Replaced"
"BIPOC Support","11WVY000000GC3d2AG","0jhVY000000001eYAA","true","Active","H0038","1","60","","false","","false","false","true","true","true",""
"Bus pass","11WVY000000GC3d2AG","0jhVY00000000psYAA","true","Active","H0038","5","60","","false","","false","false","true","true","true",""
"Bus pass","11WVY000000GC6r2AG","0jhVY00000000psYAA","false","Active","H0038","5","","","false","","false","false","true","true","true","Replaced"
"Bus pass","11WVY000000GC6r2AG","0jhVY00000000psYAA","true","Active","H0038","1","","","false","","true","false","true","true","true","Active"
"Case Management Meeting","11WVY000000GC3d2AG","0jhVY000000001dYAA","false","Active","H0038","1","60","","false","","false","false","true","true","false",""
"Case Management Meeting","11WVY000000GC6r2AG","0jhVY000000001dYAA","false","Active","H0038","1","60","","false","","false","false","false","false","false",""
"Community Engagement","11WVY000000GC6r2AG","0jhVY00000000plYAA","true","Active","H0038","1","60","","false","","true","false","false","true","false","Active"
"Community Engagement","11WVY000000GC3d2AG","0jhVY00000000pfYAA","true","Active","H0038","4","60","","false","","false","false","false","true","false",""
"Community Engagement","11WVY000000GC6r2AG","0jhVY00000000pfYAA","false","Active","H0038","4","240","","false","","false","false","false","true","false","Replaced"
"Community Resource Navigation","11WVY000000GC3d2AG","0jhVY000000001sYAA","true","Active","H0038","1","60","","false","","false","false","true","false","true",""
"Community Resource Navigation","11WVY000000GC6r2AG","0jhVY000000001sYAA","false","Active","H0038","1","60","","false","","false","false","true","false","true","Replaced"
"Community Resource Navigation","11WVY000000GC6r2AG","0jhVY000000001dYAA","true","Active","H0038","1","60","","false","","true","false","true","false","true","Active"
"Conflict Resolution Support","11WVY000000GC6r2AG","0jhVY000000001sYAA","true","Active","H0038","1","60","","false","","true","false","true","true","true",""
"Conflict Resolution Support","11WVY000000GC3d2AG","0jhVY000000001sYAA","true","Active","H0038","1","60","","false","","false","false","true","true","true",""
"Education","11WVY000000GC3d2AG","0jhVY000000001fYAA","true","Active","H0038","1","60","","false","","false","false","true","false","false",""
"Education","11WVY000000GC6r2AG","0jhVY000000001fYAA","false","Active","H0038","1","60","","false","","false","false","true","false","false","Replaced"
"Education","11WVY000000GC6r2AG","0jhVY00000000piYAA","true","Active","H0038","1","","","false","","true","false","true","false","false","Active"
"Education Support","11WVY000000GC6r2AG","0jhVY000000001dYAA","true","Active","H0038","1","60","","false","","true","false","true","false","false","Active"
"Education Support","11WVY000000GC3d2AG","0jhVY000000001fYAA","true","Active","H0038","1","60","","false","","false","false","true","false","false",""
"Education Support","11WVY000000GC6r2AG","0jhVY000000001fYAA","false","Active","H0038","1","60","","false","","false","false","true","false","false","Replaced"
"Emergency Service Coordination (STAR, Emergency Room/ Urgent Care support)","11WVY000000GC6r2AG","0jhVY00000000prYAA","false","Active","H0038","1","60","","false","","false","false","true","true","true","Replaced"
"Emergency Service Coordination (STAR, Emergency Room/ Urgent Care support)","11WVY000000GC3d2AG","0jhVY00000000prYAA","true","Active","H0038","1","60","","false","","false","false","true","true","true",""
"Emergency Service Coordination (STAR, Emergency Room/ Urgent Care support)","11WVY000000GC6r2AG","0jhVY00000000peYAA","true","Active","H0038","1","60","","false","","true","false","true","true","true","Active"
"Emotional Processing","11WVY000000GC6r2AG","0jhVY000000001sYAA","true","Active","H0038","1","60","","false","","true","false","true","true","true",""
"Emotional Processing","11WVY000000GC3d2AG","0jhVY000000001sYAA","true","Active","H0038","1","60","","false","","false","false","true","true","true",""
"Employment Support","11WVY000000GC6r2AG","0jhVY000000001dYAA","true","Active","H0038","1","60","","false","","true","false","true","false","true","Active"
"Employment Support","11WVY000000GC6r2AG","0jhVY000000001gYAA","false","Active","H0038","1","60","","false","","false","false","true","false","true","Replaced"
"Employment Support","11WVY000000GC3d2AG","0jhVY000000001gYAA","true","Active","H0038","1","60","","false","","false","false","true","false","true",""
"Eviction/ Mutual Rescission Support","11WVY000000GC6r2AG","0jhVY000000001lYAA","false","Active","H0038","1","60","","false","","false","false","true","false","false","Replaced"
"Eviction/ Mutual Rescission Support","11WVY000000GC6r2AG","0jhVY00000000pnYAA","true","Active","H0038","1","60","","false","","true","false","true","false","false","Active"
"Eviction/ Mutual Rescission Support","11WVY000000GC3d2AG","0jhVY000000001lYAA","true","Active","H0038","1","60","","false","","false","false","true","false","false",""
"External Medical Provider","11WVY000000GC3d2AG","0jhVY000000001dYAA","true","Active","H0038","1","60","","false","","false","false","true","false","false",""
"External Medical Provider","11WVY000000GC6r2AG","0jhVY00000000peYAA","true","Active","H0038","1","60","","false","","true","false","true","false","false","Active"
"External Medical Provider","11WVY000000GC6r2AG","0jhVY000000001dYAA","false","Active","H0038","1","60","","false","","false","false","true","false","false","Replaced"
"External Professional Team","11WVY000000GC3d2AG","0jhVY000000001dYAA","true","Active","H0038","1","60","","false","","false","false","true","false","false",""
"External Professional Team","11WVY000000GC6r2AG","0jhVY00000000peYAA","true","Active","H0038","1","60","","false","","true","false","true","false","false","Active"
"External Professional Team","11WVY000000GC6r2AG","0jhVY000000001dYAA","false","Active","H0038","1","60","","false","","false","false","true","false","false","Replaced"
"External Therapy Provider","11WVY000000GC6r2AG","0jhVY000000001dYAA","false","Active","H0038","1","60","","false","","true","true","true","true","false","Replaced"
"External Therapy Provider","11WVY000000GC3d2AG","0jhVY000000001dYAA","true","Active","H0038","1","60","","false","","false","false","true","true","false",""
"External Therapy Provider","11WVY000000GC6r2AG","0jhVY00000000peYAA","true","Active","H0038","1","60","","false","","true","false","true","true","false","Active"
"Family Reunification Support","11WVY000000GC6r2AG","0jhVY000000001sYAA","false","Active","H0038","1","60","","false","","false","false","true","false","false","Replaced"
"Family Reunification Support","11WVY000000GC6r2AG","0jhVY00000000peYAA","true","Active","H0038","1","60","","false","","true","false","true","false","false","Active"
"Family Reunification Support","11WVY000000GC3d2AG","0jhVY000000001sYAA","true","Active","H0038","1","60","","false","","false","false","true","false","false",""
"Financial Education and Navigation","11WVY000000GC3d2AG","0jhVY000000001fYAA","true","Active","H0038","1","60","","false","","false","false","true","false","false",""
"Financial Education and Navigation","11WVY000000GC6r2AG","0jhVY000000001fYAA","false","Active","H0038","1","60","","false","","false","false","true","false","false","Replaced"
"Financial Education and Navigation","11WVY000000GC6r2AG","0jhVY000000001dYAA","true","Active","H0038","1","60","","false","","true","false","true","false","false","Active"
"Food Access","11WVY000000GC6r2AG","0jhVY00000000pfYAA","true","Active","H0038","1","60","","false","","true","false","true","false","true","Active"
"Food Access","11WVY000000GC3d2AG","0jhVY00000000pfYAA","true","Active","H0038","4","60","","false","","false","false","true","false","true",""
"Food Access","11WVY000000GC6r2AG","0jhVY00000000pfYAA","false","Active","H0038","4","240","","false","","false","false","true","false","true","Replaced"
"Food Pantry Access - Onsite","11WVY000000GC3d2AG","0jhVY00000000pdYAA","true","Active","H0038","1","","","false","","true","false","true","true","true",""
"Food Pantry Access - Onsite","11WVY000000GC6r2AG","0jhVY00000000pdYAA","true","Active","H0038","1","","","false","","true","false","true","true","true",""
"GED Group","11WVY000000GC3d2AG","0jhVY000000001fYAA","true","Active","H0038","1","60","","false","","false","false","true","true","true",""
"GED Group","11WVY000000GC6r2AG","0jhVY00000000plYAA","true","Active","H0038","1","60","","false","","true","false","true","true","true","Active"
"GED Group","11WVY000000GC6r2AG","0jhVY000000001fYAA","false","Active","H0038","1","60","","false","","false","false","true","true","true","Replaced"
"Group Support","11WVY000000GC3d2AG","0jhVY000000001oYAA","true","Active","H0038","1","60","","false","","false","false","false","true","false",""
"Group Support","11WVY000000GC6r2AG","0jhVY000000001oYAA","false","Active","H0038","1","60","","false","","false","false","false","true","false","Replaced"
"Group Support","11WVY000000GC6r2AG","0jhVY000000001eYAA","true","Active","H0038","1","60","","false","","true","false","false","true","false","Active"
"Housekeeping","11WVY000000GC6r2AG","0jhVY00000000pnYAA","true","Active","H0038","1","60","","false","","true","false","true","false","true","Active"
"Housekeeping","11WVY000000GC3d2AG","0jhVY000000001lYAA","true","Active","H0038","1","60","","false","","false","false","true","false","true",""
"Housekeeping","11WVY000000GC6r2AG","0jhVY000000001lYAA","false","Active","H0038","1","60","","false","","false","false","true","false","true","Replaced"
"Housing","11WVY000000GC6r2AG","0jhVY000000001kYAA","true","Active","H0038","1","","42","true","0","true","true","true","true","true",""
"Housing","11WVY000000GC3d2AG","0jhVY000000001kYAA","true","Active","H0038","1","","56","true","0","false","false","true","true","true",""
"Individual Session","11WVY000000GC3d2AG","0jhVY000000001eYAA","true","Active","H0038","1","240","","false","","false","false","false","true","false",""
"Individual Session","11WVY000000GC6r2AG","0jhVY000000001eYAA","true","Active","H0038","1","60","","false","","true","false","false","true","false",""
"Individual Support","11WVY000000GC6r2AG","0jhVY00000000pfYAA","true","Active","H0038","1","60","","false","","true","false","true","true","true",""
"Individual Support","11WVY000000GC3d2AG","0jhVY00000000pfYAA","true","Active","H0038","1","60","","false","","false","false","true","true","true",""
"Initial Planning Meeting","11WVY000000GC3d2AG","0jhVY00000000peYAA","true","Active","H0038","1","60","","false","","false","false","true","false","true",""
"Initial Planning Meeting","11WVY000000GC6r2AG","0jhVY00000000peYAA","false","Active","H0038","1","60","","false","","false","false","true","false","true","Replaced"
"Initial Planning Meeting (goal setting)","11WVY000000GC6r2AG","0jhVY000000001dYAA","true","Active","H0038","1","60","","false","","true","false","true","false","true","Active"
"Lease Violation Meeting","11WVY000000GC6r2AG","0jhVY00000000pnYAA","true","Active","H0038","1","60","","false","","true","false","true","false","false","Active"
"Lease Violation Meeting","11WVY000000GC3d2AG","0jhVY000000001lYAA","true","Active","H0038","1","60","","false","","false","false","true","false","false",""
"Lease Violation Meeting","11WVY000000GC6r2AG","0jhVY000000001lYAA","false","Active","H0038","1","60","","false","","false","false","true","false","false","Replaced"
"Legal Support","11WVY000000GC3d2AG","0jhVY000000001fYAA","true","Active","H0038","1","60","","false","","false","false","true","false","true",""
"Legal Support","11WVY000000GC6r2AG","0jhVY000000001fYAA","false","Active","H0038","1","60","","false","","true","true","true","false","true","Replaced"
"Legal Support","11WVY000000GC6r2AG","0jhVY00000000peYAA","true","Active","H0038","1","60","","false","","true","false","true","false","true","Active"
"LGBTQIA Support","11WVY000000GC6r2AG","0jhVY000000001eYAA","false","Active","H0038","1","60","","false","","false","false","true","true","true","Replaced"
"LGBTQIA Support","11WVY000000GC3d2AG","0jhVY000000001eYAA","true","Active","H0038","1","240","","false","","false","false","true","true","true",""
"LGBTQIA Support","11WVY000000GC6r2AG","0jhVY000000001sYAA","true","Active","H0038","1","60","","false","","true","false","true","true","true","Active"
"Life Skills Group","11WVY000000GC6r2AG","0jhVY00000000pdYAA","false","Active","H0038","1","60","","false","","false","false","true","true","true","Replaced"
"Life Skills Group","11WVY000000GC3d2AG","0jhVY00000000pdYAA","true","Active","H0038","1","60","","false","","false","false","true","true","true",""
"Life Skills Group","11WVY000000GC6r2AG","0jhVY00000000plYAA","true","Active","H0038","1","60","","false","","true","false","true","true","true","Active"
"Meal Provided","11WVY000000GC3d2AG","0jhVY00000000pdYAA","false","Active","H0038","1","","","false","","true","false","false","false","false",""
"Meal Provided","11WVY000000GC6r2AG","0jhVY00000000pdYAA","false","Active","H0038","1","","","false","","false","false","false","false","false",""
"Medical, Legal, or Employment","11WVY000000GC3d2AG","0jhVY00000000peYAA","true","Active","H0038","1","60","","false","","false","false","true","true","true",""
"Medical, Legal, or Employment","11WVY000000GC6r2AG","0jhVY00000000peYAA","false","Active","H0038","1","60","","false","","false","false","true","true","true","Replaced"
"Medical, Legal, or Employment","11WVY000000GC6r2AG","0jhVY00000000psYAA","true","Active","H0038","1","60","","false","","true","false","true","true","true","Active"
"Mental Health","11WVY000000GC6r2AG","0jhVY00000000piYAA","true","Active","H0038","1","","","false","","true","false","true","true","false","Active"
"Mental Health","11WVY000000GC6r2AG","0jhVY000000001sYAA","false","Active","H0038","1","60","","false","","false","false","true","true","false","Replaced"
"Mental Health","11WVY000000GC3d2AG","0jhVY000000001sYAA","true","Active","H0038","1","60","","false","","false","false","true","true","false",""
"Mental Health Support","11WVY000000GC3d2AG","0jhVY000000001sYAA","true","Active","H0038","1","60","","false","","false","false","true","true","true",""
"Mental Health Support","11WVY000000GC6r2AG","0jhVY000000001sYAA","true","Active","H0038","1","60","","false","","true","false","true","true","true",""
"Move Out Assistance","11WVY000000GC3d2AG","0jhVY000000001lYAA","true","Active","H0038","1","60","","false","","false","false","true","false","false",""
"Move Out Assistance","11WVY000000GC6r2AG","0jhVY00000000pnYAA","true","Active","H0038","1","60","","false","","true","false","true","false","false","Active"
"Move Out Assistance","11WVY000000GC6r2AG","0jhVY000000001lYAA","false","Active","H0038","1","60","","false","","false","false","true","false","false","Replaced"
"Other supports","11WVY000000GC3d2AG","0jhVY000000001sYAA","true","Active","H0038","1","60","","false","","false","false","true","false","false",""
"Other supports","11WVY000000GC6r2AG","0jhVY00000000piYAA","true","Active","H0038","1","","","false","","true","false","true","false","false","Active"
"Other supports","11WVY000000GC6r2AG","0jhVY000000001sYAA","false","Active","H0038","1","60","","false","","false","false","true","false","false","Replaced"
"Parenting Support","11WVY000000GC6r2AG","0jhVY000000001dYAA","true","Active","H0038","1","60","","false","","true","false","true","false","false","Active"
"Parenting Support","11WVY000000GC3d2AG","0jhVY000000001sYAA","true","Active","H0038","1","60","","false","","false","false","true","false","false",""
"Parenting Support","11WVY000000GC6r2AG","0jhVY000000001sYAA","false","Active","H0038","1","60","","false","","false","false","true","false","false","Replaced"
"Peer Support","11WVY000000GC6r2AG","0jhVY00000000pmYAA","false","Active","H0038","1","60","","false","","false","false","false","false","true","Replaced"
"Peer Support","11WVY000000GC6r2AG","0jhVY000000001oYAA","false","Active","H0038","1","60","","false","","false","false","false","false","true","Replaced"
"Peer Support","11WVY000000GC6r2AG","0jhVY00000000ppYAA","true","Active","H0038","1","60","","false","","true","false","false","false","true","Active"
"Peer Support","11WVY000000GC3d2AG","0jhVY000000001oYAA","true","Active","H0038","1","240","","false","","false","false","false","false","true",""
"Peer Support","11WVY000000GC3d2AG","0jhVY00000000pmYAA","true","Active","H0038","1","","","false","","false","false","false","false","true",""
"Peer Support Group","11WVY000000GC6r2AG","0jhVY00000000ppYAA","true","Active","H0038","1","60","","false","","true","false","false","false","true","Active"
"Physical Health","11WVY000000GC6r2AG","0jhVY00000000pqYAA","false","Active","H0038","1","60","","false","","false","false","true","true","false","Replaced"
"Physical Health","11WVY000000GC6r2AG","0jhVY00000000piYAA","true","Active","H0038","1","","","false","","true","false","true","false","false","Active"
"Physical Health","11WVY000000GC3d2AG","0jhVY00000000pqYAA","true","Active","H0038","1","60","","false","","false","false","true","true","false",""
"Physical/Mental Wellness - Community Outing","11WVY000000GC6r2AG","0jhVY00000000pfYAA","true","Active","H0038","4","240","","false","","true","false","true","true","true",""
"Physical/Mental Wellness - Community Outing","11WVY000000GC3d2AG","0jhVY00000000pfYAA","true","Active","H0038","4","60","","false","","false","false","true","true","true",""
"Point Store Access","11WVY000000GC3d2AG","0jhVY00000000pdYAA","true","Active","H0038","1","","","false","","true","false","true","true","true",""
"Point Store Access","11WVY000000GC6r2AG","0jhVY00000000pdYAA","true","Active","H0038","1","","","false","","true","false","true","true","true",""
"Police Interaction- Arrest","11WVY000000GC6r2AG","0jhVY00000000prYAA","false","Active","H0038","4","240","","false","","false","false","true","true","true","Replaced"
"Police Interaction- Arrest","11WVY000000GC3d2AG","0jhVY00000000prYAA","true","Active","H0038","4","60","","false","","false","false","true","true","true",""
"Police Interaction- Arrest","11WVY000000GC6r2AG","0jhVY00000000prYAA","true","Active","H0038","1","60","","false","","true","false","true","true","true","Active"
"Police Interaction- General Support","11WVY000000GC3d2AG","0jhVY00000000prYAA","true","Active","H0038","4","240","","false","","false","false","true","true","true",""
"Police Interaction- General Support","11WVY000000GC6r2AG","0jhVY00000000prYAA","true","Active","H0038","1","60","","false","","true","false","true","true","true","Active"
"Police Interaction- General Support","11WVY000000GC6r2AG","0jhVY00000000prYAA","false","Active","H0038","4","240","","false","","false","false","true","true","true","Replaced"
"Pre-Lease Violation Support","11WVY000000GC6r2AG","0jhVY00000000pnYAA","true","Active","H0038","1","60","","false","","true","false","true","true","true","Active"
"Pre-Lease Violation Support","11WVY000000GC3d2AG","0jhVY000000001lYAA","true","Active","H0038","1","60","","false","","false","false","true","true","true",""
"Pre-Lease Violation Support","11WVY000000GC6r2AG","0jhVY000000001lYAA","false","Active","H0038","1","60","","false","","false","false","true","true","true","Replaced"
"Prosocial","11WVY000000GC3d2AG","0jhVY00000000pfYAA","false","Active","H0038","4","240","","false","","false","false","false","false","false",""
"Prosocial","11WVY000000GC6r2AG","0jhVY00000000pfYAA","false","Active","H0038","4","240","","false","","false","false","false","false","false",""
"Public Benefits Support","11WVY000000GC3d2AG","0jhVY000000001fYAA","true","Active","H0038","1","60","","false","","false","false","true","false","false",""
"Public Benefits Support","11WVY000000GC6r2AG","0jhVY000000001fYAA","false","Active","H0038","1","60","","false","","false","false","true","false","false","Replaced"
"Public Benefits Support","11WVY000000GC6r2AG","0jhVY000000001dYAA","true","Active","H0038","1","60","","false","","true","false","true","false","false","Active"
"Rental Assistance with Budget","11WVY000000GC3d2AG","0jhVY000000001lYAA","true","Active","H0038","1","60","","false","","false","false","true","false","false",""
"Rental Assistance with Budget","11WVY000000GC6r2AG","0jhVY000000001lYAA","false","Active","H0038","1","60","","false","","false","false","true","false","false","Replaced"
"Rental Assistance with Budget","11WVY000000GC6r2AG","0jhVY00000000pnYAA","true","Active","H0038","1","60","","false","","true","false","true","false","false","Active"
"Resident Advisory Council","11WVY000000GC6r2AG","0jhVY00000000pmYAA","false","Active","H0038","1","60","","false","","false","false","true","true","true","Replaced"
"Resident Advisory Council","11WVY000000GC6r2AG","0jhVY00000000plYAA","true","Active","H0038","1","60","","false","","true","false","true","true","true","Active"
"Resident Advisory Council","11WVY000000GC3d2AG","0jhVY00000000pmYAA","true","Active","H0038","1","60","","false","","false","false","true","true","true",""
"Substance Use Support","11WVY000000GC6r2AG","0jhVY000000001sYAA","true","Active","H0038","1","60","","false","","true","false","false","true","false",""
"Substance Use Support","11WVY000000GC3d2AG","0jhVY000000001eYAA","true","Active","H0038","1","60","","false","","false","false","false","true","false",""
"Substance Use Support","11WVY000000GC6r2AG","0jhVY000000001eYAA","true","Active","H0038","1","60","","false","","true","false","false","true","false",""
"Substance Use Support","11WVY000000GC3d2AG","0jhVY000000001sYAA","true","Active","H0038","1","60","","false","","false","false","false","true","false",""
"Tenant Retention Plan","11WVY000000GC3d2AG","0jhVY000000001lYAA","true","Active","H0038","1","60","","false","","false","false","true","false","false",""
"Tenant Retention Plan","11WVY000000GC6r2AG","0jhVY000000001lYAA","false","Active","H0038","1","60","","false","","false","false","true","false","false","Replaced"
"Tenant Retention Plan","11WVY000000GC6r2AG","0jhVY00000000pnYAA","true","Active","H0038","1","60","","false","","true","false","true","false","false","Active"
"Therapeutic Group","11WVY000000GC3d2AG","0jhVY000000001oYAA","true","Active","H0038","1","240","","false","","false","false","false","true","false",""
"Therapeutic Group","11WVY000000GC6r2AG","0jhVY000000001eYAA","true","Active","H0038","1","60","","false","","true","false","false","true","false","Active"
"Therapeutic Group","11WVY000000GC6r2AG","0jhVY000000001oYAA","false","Active","H0038","1","60","","false","","false","false","false","true","false","Replaced"
"Updates and Progress","11WVY000000GC6r2AG","0jhVY00000000peYAA","false","Active","H0038","1","60","","false","","false","false","true","false","false","Replaced"
"Updates and Progress","11WVY000000GC3d2AG","0jhVY00000000peYAA","true","Active","H0038","1","60","","false","","false","false","true","false","false",""
"Updates and Progress (goal setting)","11WVY000000GC6r2AG","0jhVY000000001dYAA","true","Active","H0038","1","60","","false","","true","false","true","false","false","Active"
"Vital Document Support","11WVY000000GC3d2AG","0jhVY000000001fYAA","true","Active","H0038","1","60","","false","","false","false","true","false","false",""
"Vital Document Support","11WVY000000GC6r2AG","0jhVY000000001fYAA","false","Active","H0038","1","60","","false","","false","false","true","false","false","Replaced"
"Vital Document Support","11WVY000000GC6r2AG","0jhVY000000001dYAA","true","Active","H0038","1","60","","false","","true","false","true","false","false","Active"
"Voucher Support","11WVY000000GC6r2AG","0jhVY000000001lYAA","false","Active","H0038","1","60","","false","","false","false","true","false","false","Replaced"
"Voucher Support","11WVY000000GC3d2AG","0jhVY000000001lYAA","true","Active","H0038","1","60","","false","","false","false","true","false","false",""
"Voucher Support","11WVY000000GC6r2AG","0jhVY00000000pnYAA","true","Active","H0038","1","60","","false","","true","false","true","false","false","Active"
"Wellness, Mental Health, Mindfulness and Meditation Group","11WVY000000GC6r2AG","0jhVY00000000plYAA","true","Active","H0038","1","60","","false","","true","false","true","true","true","Active"
"Wellness, Mental Health, Mindfulness and Meditation Group","11WVY000000GC3d2AG","0jhVY000000001sYAA","true","Active","H0038","1","60","","false","","true","true","true","true","true",""
"Wellness, Mental Health, Mindfulness and Meditation Group","11WVY000000GC6r2AG","0jhVY000000001sYAA","false","Active","H0038","1","60","","false","","false","false","true","true","true","Replaced"
