Id,Name
0jhVY000000001dYAA,Case Management
0jhVY000000001eYAA,Clinical Counseling
0jhVY000000001fYAA,Education
0jhVY000000001gYAA,Employment
0jhVY000000001hYAA,Financial
0jhVY000000001iYAA,Group Counseling
0jhVY000000001jYAA,Group Supportive
0jhVY000000001kYAA,Housing
0jhVY000000001lYAA,Housing Navigation
0jhVY000000001mYAA,Housing Stabilization Assistance
0jhVY000000001nYAA,Peer Case Mgmt
0jhVY000000001oYAA,Peer Clinical
0jhVY000000001pYAA,Physical Health
0jhVY000000001qYAA,Referral - Case
0jhVY000000001rYAA,Referral - Clinical
0jhVY000000001sYAA,Social/Emotional
0jhVY000000001tYAA,Supplies
0jhVY00000000pdYAA,Basic Needs
0jhVY00000000peYAA,Care Coordination
0jhVY00000000pfYAA,Community Outing
0jhVY00000000pgYAA,Diag BT
0jhVY00000000phYAA,Education Referral
0jhVY00000000piYAA,External Referral
0jhVY00000000pjYAA,Family Reunification
0jhVY00000000pkYAA,Goal Setting
0jhVY00000000plYAA,Group
0jhVY00000000pmYAA,Group Session
0jhVY00000000pnYAA,Housing Support
0jhVY00000000poYAA,Meal
0jhVY00000000ppYAA,Peer Support
0jhVY00000000pqYAA,Physical Health Referral
0jhVY00000000prYAA,Police Intervention
0jhVY00000000psYAA,Transportation Assistance
