Id,ProgramId,Program.Name,Status,AccountId,ContactId,Case__c,Anything_else__c,StartDate,ApplicationDate
11XVY000000aLac2AE,11WVY000000GC0P2AW,The Source Outreach,Enrolled,001VY00000CGXQnYAP,,,,2016-06-01,2016-06-01
11XVY000000aLc52AE,11WVY000000GC212AG,The Source Drop-In,Enrolled,001VY00000CGSLCYA5,,,,2017-06-01,2017-06-01
11XVY000000aMWq2AM,11WVY000000GC212AG,The Source Drop-In,Enrolled,001VY00000CGIWpYAP,,,,2019-04-02,2019-04-02
11XVY000000aMX22AM,11WVY000000GC212AG,The Source Drop-In,Enrolled,001VY00000CGRl6YAH,,,,2021-08-16,2021-08-16
11XVY000000aMXF2A2,11WVY000000GC0P2AW,The Source Outreach,Enrolled,001VY00000CGXApYAP,,,,2021-05-03,2021-05-03
11XVY000000aMXG2A2,11WVY000000GC0P2AW,The Source Outreach,Enrolled,001VY00000CGXAtYAP,,,,2021-05-04,2021-05-04
11XVY000000aMXI2A2,11WVY000000GC0P2AW,The Source Outreach,Enrolled,001VY00000CGXAyYAP,,,,2021-06-02,2021-06-02
11XVY000000aMXJ2A2,11WVY000000GC0P2AW,The Source Outreach,Enrolled,001VY00000CGXBbYAP,,,,2021-03-23,2021-03-23
11XVY000000aMXM2A2,11WVY000000GC0P2AW,The Source Outreach,Enrolled,001VY00000CGSgwYAH,,,,2021-06-14,2021-06-14
11XVY000000aMXS2A2,11WVY000000GC0P2AW,The Source Outreach,Enrolled,001VY00000CGXB5YAP,,,,2021-04-27,2021-04-27
11XVY000000aMXT2A2,11WVY000000GC0P2AW,The Source Outreach,Enrolled,001VY00000CGXB6YAP,,,,2021-08-03,2021-08-03
11XVY000000aMXU2A2,11WVY000000GC0P2AW,The Source Outreach,Enrolled,001VY00000CGXB7YAP,,,,2021-07-09,2021-07-09
11XVY000000aMXV2A2,11WVY000000GC0P2AW,The Source Outreach,Enrolled,001VY00000CGXB8YAP,,,,2021-07-29,2021-07-29
11XVY000000aMXW2A2,11WVY000000GC0P2AW,The Source Outreach,Enrolled,001VY00000CGXB9YAP,,,,2021-05-25,2021-05-25
11XVY000000aMXX2A2,11WVY000000GC0P2AW,The Source Outreach,Enrolled,001VY00000CGXBAYA5,,,,2021-05-19,2021-05-19
11XVY000000aMXY2A2,11WVY000000GC0P2AW,The Source Outreach,Enrolled,001VY00000CGXBBYA5,,,,2021-08-05,2021-08-05
11XVY000000aMXa2AM,11WVY000000GC0P2AW,The Source Outreach,Enrolled,001VY00000CGXBDYA5,,,,2021-07-13,2021-07-13
11XVY000000aMXc2AM,11WVY000000GC0P2AW,The Source Outreach,Enrolled,001VY00000CGXBFYA5,,,,2021-05-14,2021-05-14
11XVY000000aMXe2AM,11WVY000000GC0P2AW,The Source Outreach,Enrolled,001VY00000CGXBHYA5,,,,2021-07-28,2021-07-28
11XVY000000aMXf2AM,11WVY000000GC0P2AW,The Source Outreach,Enrolled,001VY00000CGXBIYA5,,,,2021-05-04,2021-05-04
11XVY000000aMXg2AM,11WVY000000GC0P2AW,The Source Outreach,Enrolled,001VY00000CGXBJYA5,,,,2021-05-28,2021-05-28
11XVY000000aMXh2AM,11WVY000000GC0P2AW,The Source Outreach,Enrolled,001VY00000CGXBKYA5,,,,2021-06-11,2021-06-11
11XVY000000aMXk2AM,11WVY000000GC0P2AW,The Source Outreach,Enrolled,001VY00000CGXBNYA5,,,,2021-08-04,2021-08-04
11XVY000000aMXl2AM,11WVY000000GC0P2AW,The Source Outreach,Enrolled,001VY00000CGXBPYA5,,,,2021-07-20,2021-07-20
11XVY000000aMXm2AM,11WVY000000GC0P2AW,The Source Outreach,Enrolled,001VY00000CGXBQYA5,,,,2021-07-20,2021-07-20
11XVY000000aMXn2AM,11WVY000000GC0P2AW,The Source Outreach,Enrolled,001VY00000CGXBRYA5,,,,2021-07-08,2021-07-08
11XVY000000aMXo2AM,11WVY000000GC0P2AW,The Source Outreach,Enrolled,001VY00000CGXBSYA5,,,,2021-08-12,2021-08-12
11XVY000000aMXq2AM,11WVY000000GC0P2AW,The Source Outreach,Enrolled,001VY00000CGXBUYA5,,,,2021-06-10,2021-06-10
11XVY000000aMXx2AM,11WVY000000GC0P2AW,The Source Outreach,Enrolled,001VY00000CGXBaYAP,,,,2021-08-07,2021-08-07
11XVY000000aMXy2AM,11WVY000000GC0P2AW,The Source Outreach,Enrolled,001VY00000CGXAxYAP,,,,2021-06-10,2021-06-10
11XVY000000aMXz2AM,11WVY000000GC0P2AW,The Source Outreach,Enrolled,001VY00000CGXBcYAP,,,,2021-04-30,2021-04-30
11XVY000000aMY02AM,11WVY000000GC0P2AW,The Source Outreach,Enrolled,001VY00000CGXBdYAP,,,,2021-08-04,2021-08-04
11XVY000000aMY12AM,11WVY000000GC0P2AW,The Source Outreach,Enrolled,001VY00000CGXBeYAP,,,,2021-06-14,2021-06-14
11XVY000000aMY22AM,11WVY000000GC0P2AW,The Source Outreach,Enrolled,001VY00000CGXBfYAP,,,,2021-05-16,2021-05-16
11XVY000000aMY32AM,11WVY000000GC0P2AW,The Source Outreach,Enrolled,001VY00000CGXBgYAP,,,,2021-06-28,2021-06-28
11XVY000000aMY52AM,11WVY000000GC0P2AW,The Source Outreach,Enrolled,001VY00000CGXBjYAP,,,,2021-07-01,2021-07-01
11XVY000000aMY62AM,11WVY000000GC0P2AW,The Source Outreach,Enrolled,001VY00000CGXBkYAP,,,,2021-07-23,2021-07-23
11XVY000000aMY72AM,11WVY000000GC0P2AW,The Source Outreach,Enrolled,001VY00000CGXBlYAP,,,,2021-07-13,2021-07-13
11XVY000000aMYA2A2,11WVY000000GC0P2AW,The Source Outreach,Enrolled,001VY00000CGXBpYAP,,,,2021-07-19,2021-07-19
11XVY000000aMYD2A2,11WVY000000GC0P2AW,The Source Outreach,Enrolled,001VY00000CGXBsYAP,,,,2021-08-04,2021-08-04
11XVY000000aMYE2A2,11WVY000000GC0P2AW,The Source Outreach,Enrolled,001VY00000CGXBtYAP,,,,2021-07-29,2021-07-29
11XVY000000aMYF2A2,11WVY000000GC0P2AW,The Source Outreach,Enrolled,001VY00000CGXBuYAP,,,,2021-07-16,2021-07-16
11XVY000000aMYH2A2,11WVY000000GC0P2AW,The Source Outreach,Enrolled,001VY00000CGXBwYAP,,,,2021-06-22,2021-06-22
11XVY000000aMYI2A2,11WVY000000GC0P2AW,The Source Outreach,Enrolled,001VY00000CGRJBYA5,,,,2021-08-03,2021-08-03
11XVY000000aMYJ2A2,11WVY000000GC0P2AW,The Source Outreach,Enrolled,001VY00000CGXBxYAP,,,,2021-05-17,2021-05-17
11XVY000000aMYK2A2,11WVY000000GC0P2AW,The Source Outreach,Enrolled,001VY00000CGXByYAP,,,,2021-07-01,2021-07-01
11XVY000000aMYL2A2,11WVY000000GC0P2AW,The Source Outreach,Enrolled,001VY00000CGXBzYAP,,,,2021-07-29,2021-07-29
11XVY000000aMYN2A2,11WVY000000GC0P2AW,The Source Outreach,Enrolled,001VY00000CGXC1YAP,,,,2021-07-26,2021-07-26
11XVY000000aMYP2A2,11WVY000000GC0P2AW,The Source Outreach,Enrolled,001VY00000CGXC3YAP,,,,2021-05-24,2021-05-24
11XVY000000aMYR2A2,11WVY000000GC0P2AW,The Source Outreach,Enrolled,001VY00000CGXC5YAP,,,,2021-07-20,2021-07-20
11XVY000000aMYS2A2,11WVY000000GC0P2AW,The Source Outreach,Enrolled,001VY00000CGXC6YAP,,,,2021-05-12,2021-05-12
11XVY000000aMYU2A2,11WVY000000GC0P2AW,The Source Outreach,Enrolled,001VY00000CGXC8YAP,,,,2021-07-15,2021-07-15
11XVY000000aMYV2A2,11WVY000000GC0P2AW,The Source Outreach,Enrolled,001VY00000CGXC9YAP,,,,2021-03-26,2021-03-26
11XVY000000aMYW2A2,11WVY000000GC0P2AW,The Source Outreach,Enrolled,001VY00000CGXCAYA5,,,,2021-08-06,2021-08-06
11XVY000000aMYa2AM,11WVY000000GC0P2AW,The Source Outreach,Enrolled,001VY00000CGXCEYA5,,,,2021-05-17,2021-05-17
11XVY000000aMYc2AM,11WVY000000GC0P2AW,The Source Outreach,Enrolled,001VY00000CGXCGYA5,,,,2021-06-26,2021-06-26
11XVY000000aMYd2AM,11WVY000000GC0P2AW,The Source Outreach,Enrolled,001VY00000CGXCHYA5,,,,2021-05-20,2021-05-20
11XVY000000aMYf2AM,11WVY000000GC0P2AW,The Source Outreach,Enrolled,001VY00000CGXCJYA5,,,,2021-05-27,2021-05-27
11XVY000000aMYg2AM,11WVY000000GC0P2AW,The Source Outreach,Enrolled,001VY00000CGXCKYA5,,,,2021-07-19,2021-07-19
11XVY000000aMYh2AM,11WVY000000GC0P2AW,The Source Outreach,Enrolled,001VY00000CGXCLYA5,,,,2021-07-05,2021-07-05
11XVY000000aMYi2AM,11WVY000000GC0P2AW,The Source Outreach,Enrolled,001VY00000CGXCMYA5,,,,2021-07-09,2021-07-09
11XVY000000aMYj2AM,11WVY000000GC0P2AW,The Source Outreach,Enrolled,001VY00000CGXCNYA5,,,,2021-04-29,2021-04-29
11XVY000000aMYk2AM,11WVY000000GC0P2AW,The Source Outreach,Enrolled,001VY00000CGXCOYA5,,,,2021-05-13,2021-05-13
11XVY000000aMYl2AM,11WVY000000GC0P2AW,The Source Outreach,Enrolled,001VY00000CGXCPYA5,,,,2021-05-24,2021-05-24
11XVY000000aMYn2AM,11WVY000000GC0P2AW,The Source Outreach,Enrolled,001VY00000CGXCRYA5,,,,2021-07-08,2021-07-08
11XVY000000aMYo2AM,11WVY000000GC0P2AW,The Source Outreach,Enrolled,001VY00000CGXE2YAP,,,,2021-08-10,2021-08-10
11XVY000000aMYp2AM,11WVY000000GC0P2AW,The Source Outreach,Enrolled,001VY00000CGXE3YAP,,,,2021-07-27,2021-07-27
11XVY000000aMYq2AM,11WVY000000GC0P2AW,The Source Outreach,Enrolled,001VY00000CGXE4YAP,,,,2021-05-19,2021-05-19
11XVY000000aMYs2AM,11WVY000000GC0P2AW,The Source Outreach,Enrolled,001VY00000CGXE6YAP,,,,2021-06-14,2021-06-14
11XVY000000aMYt2AM,11WVY000000GC0P2AW,The Source Outreach,Enrolled,001VY00000CGXE7YAP,,,,2021-08-09,2021-08-09
11XVY000000aMYu2AM,11WVY000000GC0P2AW,The Source Outreach,Enrolled,001VY00000CGXE8YAP,,,,2021-05-11,2021-05-11
11XVY000000aMYw2AM,11WVY000000GC0P2AW,The Source Outreach,Enrolled,001VY00000CGXEAYA5,,,,2021-08-05,2021-08-05
11XVY000000aMYx2AM,11WVY000000GC0P2AW,The Source Outreach,Enrolled,001VY00000CGXEBYA5,,,,2021-08-10,2021-08-10
11XVY000000aMYz2AM,11WVY000000GC0P2AW,The Source Outreach,Enrolled,001VY00000CGXEDYA5,,,,2021-07-27,2021-07-27
11XVY000000aMZ12AM,11WVY000000GC0P2AW,The Source Outreach,Enrolled,001VY00000CGXEFYA5,,,,2021-06-03,2021-06-03
11XVY000000aMZ22AM,11WVY000000GC0P2AW,The Source Outreach,Enrolled,001VY00000CGXEGYA5,,,,2021-08-06,2021-08-06
11XVY000000aMZ32AM,11WVY000000GC0P2AW,The Source Outreach,Enrolled,001VY00000CGXEHYA5,,,,2021-05-31,2021-05-31
11XVY000000aMZ42AM,11WVY000000GC0P2AW,The Source Outreach,Enrolled,001VY00000CGXEIYA5,,,,2021-05-31,2021-05-31
11XVY000000aMZ52AM,11WVY000000GC0P2AW,The Source Outreach,Enrolled,001VY00000CGXEJYA5,,,,2021-06-22,2021-06-22
11XVY000000aMZ62AM,11WVY000000GC0P2AW,The Source Outreach,Enrolled,001VY00000CGXEKYA5,,,,2021-07-26,2021-07-26
11XVY000000aMZ72AM,11WVY000000GC0P2AW,The Source Outreach,Enrolled,001VY00000CGXELYA5,,,,2021-05-18,2021-05-18
11XVY000000aMZ82AM,11WVY000000GC0P2AW,The Source Outreach,Enrolled,001VY00000CGXEMYA5,,,,2021-07-01,2021-07-01
11XVY000000aMZ92AM,11WVY000000GC0P2AW,The Source Outreach,Enrolled,001VY00000CGXENYA5,,,,2021-07-26,2021-07-26
11XVY000000aMZA2A2,11WVY000000GC0P2AW,The Source Outreach,Enrolled,001VY00000CGXEOYA5,,,,2021-07-23,2021-07-23
11XVY000000aMZB2A2,11WVY000000GC0P2AW,The Source Outreach,Enrolled,001VY00000CGXEPYA5,,,,2021-04-27,2021-04-27
11XVY000000aMZD2A2,11WVY000000GC0P2AW,The Source Outreach,Enrolled,001VY00000CGXERYA5,,,,2021-06-10,2021-06-10
11XVY000000aMZG2A2,11WVY000000GC0P2AW,The Source Outreach,Enrolled,001VY00000CGXETYA5,,,,2021-06-09,2021-06-09
11XVY000000aMZI2A2,11WVY000000GC0P2AW,The Source Outreach,Enrolled,001VY00000CGXEVYA5,,,,2021-06-24,2021-06-24
11XVY000000aMZJ2A2,11WVY000000GC0P2AW,The Source Outreach,Enrolled,001VY00000CGXEWYA5,,,,2021-05-17,2021-05-17
11XVY000000aMZK2A2,11WVY000000GC0P2AW,The Source Outreach,Enrolled,001VY00000CGXEXYA5,,,,2021-07-07,2021-07-07
11XVY000000aMZL2A2,11WVY000000GC0P2AW,The Source Outreach,Enrolled,001VY00000CGXEYYA5,,,,2021-08-05,2021-08-05
11XVY000000aMZM2A2,11WVY000000GC0P2AW,The Source Outreach,Enrolled,001VY00000CGXEZYA5,,,,2021-05-21,2021-05-21
11XVY000000aMZO2A2,11WVY000000GC0P2AW,The Source Outreach,Enrolled,001VY00000CGXEbYAP,,,,2021-08-10,2021-08-10
11XVY000000aMZP2A2,11WVY000000GC0P2AW,The Source Outreach,Enrolled,001VY00000CGXEcYAP,,,,2021-07-02,2021-07-02
11XVY000000aMZT2A2,11WVY000000GC0P2AW,The Source Outreach,Enrolled,001VY00000CGXEfYAP,,,,2021-06-17,2021-06-17
11XVY000000aMZU2A2,11WVY000000GC0P2AW,The Source Outreach,Enrolled,001VY00000CGXEgYAP,,,,2021-08-10,2021-08-10
11XVY000000aMZV2A2,11WVY000000GC0P2AW,The Source Outreach,Enrolled,001VY00000CGXEhYAP,,,,2021-05-05,2021-05-05
11XVY000000aMZW2A2,11WVY000000GC0P2AW,The Source Outreach,Enrolled,001VY00000CGXEiYAP,,,,2021-07-27,2021-07-27
11XVY000000aMZX2A2,11WVY000000GC0P2AW,The Source Outreach,Enrolled,001VY00000CGXEjYAP,,,,2021-08-09,2021-08-09
11XVY000000aMZY2A2,11WVY000000GC0P2AW,The Source Outreach,Enrolled,001VY00000CGXEkYAP,,,,2021-08-09,2021-08-09
11XVY000000aMZa2AM,11WVY000000GC0P2AW,The Source Outreach,Enrolled,001VY00000CGXEmYAP,,,,2021-06-04,2021-06-04
11XVY000000aMZc2AM,11WVY000000GC0P2AW,The Source Outreach,Enrolled,001VY00000CGXEoYAP,,,,2021-07-05,2021-07-05
11XVY000000aMZh2AM,11WVY000000GC0P2AW,The Source Outreach,Enrolled,001VY00000CGXEsYAP,,,,2021-06-25,2021-06-25
11XVY000000aMZi2AM,11WVY000000GC0P2AW,The Source Outreach,Enrolled,001VY00000CGXEtYAP,,,,2021-04-26,2021-04-26
11XVY000000aMZk2AM,11WVY000000GC0P2AW,The Source Outreach,Enrolled,001VY00000CGXEvYAP,,,,2021-03-19,2021-03-19
11XVY000000aMZl2AM,11WVY000000GC0P2AW,The Source Outreach,Enrolled,001VY00000CGXEwYAP,,,,2021-07-30,2021-07-30
11XVY000000aMZn2AM,11WVY000000GC0P2AW,The Source Outreach,Enrolled,001VY00000CGXEyYAP,,,,2021-07-15,2021-07-15
11XVY000000aMZp2AM,11WVY000000GC0P2AW,The Source Outreach,Enrolled,001VY00000CGXF0YAP,,,,2021-05-21,2021-05-21
11XVY000000aMZr2AM,11WVY000000GC0P2AW,The Source Outreach,Enrolled,001VY00000CGXF2YAP,,,,2021-06-16,2021-06-16
11XVY000000aMZt2AM,11WVY000000GC0P2AW,The Source Outreach,Enrolled,001VY00000CGXF4YAP,,,,2021-07-23,2021-07-23
11XVY000000aMZu2AM,11WVY000000GC0P2AW,The Source Outreach,Enrolled,001VY00000CGXF5YAP,,,,2021-05-18,2021-05-18
11XVY000000aMZx2AM,11WVY000000GC0P2AW,The Source Outreach,Enrolled,001VY00000CGXF8YAP,,,,2021-05-17,2021-05-17
11XVY000000aMZz2AM,11WVY000000GC0P2AW,The Source Outreach,Enrolled,001VY00000CGXFAYA5,,,,2021-06-11,2021-06-11
11XVY000000aMa12AE,11WVY000000GC0P2AW,The Source Outreach,Enrolled,001VY00000CGXFCYA5,,,,2021-07-27,2021-07-27
11XVY000000aMa32AE,11WVY000000GC0P2AW,The Source Outreach,Enrolled,001VY00000CGXFEYA5,,,,2021-06-24,2021-06-24
11XVY000000aMa42AE,11WVY000000GC0P2AW,The Source Outreach,Enrolled,001VY00000CGXFFYA5,,,,2021-03-19,2021-03-19
11XVY000000aMa52AE,11WVY000000GC0P2AW,The Source Outreach,Enrolled,001VY00000CGXFHYA5,,,,2021-06-09,2021-06-09
11XVY000000aMa62AE,11WVY000000GC0P2AW,The Source Outreach,Enrolled,001VY00000CGXFIYA5,,,,2021-07-30,2021-07-30
11XVY000000aMa72AE,11WVY000000GC0P2AW,The Source Outreach,Enrolled,001VY00000CGXFJYA5,,,,2021-05-24,2021-05-24
11XVY000000aMaB2AU,11WVY000000GC0P2AW,The Source Outreach,Enrolled,001VY00000CGXFNYA5,,,,2021-06-22,2021-06-22
11XVY000000aMaC2AU,11WVY000000GC0P2AW,The Source Outreach,Enrolled,001VY00000CGXFOYA5,,,,2021-06-30,2021-06-30
11XVY000000aMaD2AU,11WVY000000GC0P2AW,The Source Outreach,Enrolled,001VY00000CGXFPYA5,,,,2021-07-01,2021-07-01
11XVY000000aMaF2AU,11WVY000000GC0P2AW,The Source Outreach,Enrolled,001VY00000CGXFRYA5,,,,2021-08-12,2021-08-12
11XVY000000aMaG2AU,11WVY000000GC0P2AW,The Source Outreach,Enrolled,001VY00000CGXFSYA5,,,,2021-07-15,2021-07-15
11XVY000000aMaH2AU,11WVY000000GC0P2AW,The Source Outreach,Enrolled,001VY00000CGXFTYA5,,,,2021-05-21,2021-05-21
11XVY000000aMaJ2AU,11WVY000000GC0P2AW,The Source Outreach,Enrolled,001VY00000CGXFVYA5,,,,2021-05-27,2021-05-27
11XVY000000aMaL2AU,11WVY000000GC0P2AW,The Source Outreach,Enrolled,001VY00000CGXFXYA5,,,,2021-05-29,2021-05-29
11XVY000000aMaM2AU,11WVY000000GC0P2AW,The Source Outreach,Enrolled,001VY00000CGXFYYA5,,,,2021-08-10,2021-08-10
11XVY000000aMaO2AU,11WVY000000GC0P2AW,The Source Outreach,Enrolled,001VY00000CGXFaYAP,,,,2021-07-29,2021-07-29
11XVY000000aMaP2AU,11WVY000000GC0P2AW,The Source Outreach,Enrolled,001VY00000CGXFbYAP,,,,2021-04-28,2021-04-28
11XVY000000aMaQ2AU,11WVY000000GC0P2AW,The Source Outreach,Enrolled,001VY00000CGXFcYAP,,,,2021-05-18,2021-05-18
11XVY000000aMaR2AU,11WVY000000GC0P2AW,The Source Outreach,Enrolled,001VY00000CGXFdYAP,,,,2021-05-18,2021-05-18
11XVY000000aMaS2AU,11WVY000000GC0P2AW,The Source Outreach,Enrolled,001VY00000CGXFeYAP,,,,2021-08-09,2021-08-09
11XVY000000aMaT2AU,11WVY000000GC0P2AW,The Source Outreach,Enrolled,001VY00000CGXFfYAP,,,,2021-07-30,2021-07-30
11XVY000000aMaU2AU,11WVY000000GC0P2AW,The Source Outreach,Enrolled,001VY00000CGXFgYAP,,,,2021-05-24,2021-05-24
11XVY000000aMaV2AU,11WVY000000GC0P2AW,The Source Outreach,Enrolled,001VY00000CGXFhYAP,,,,2021-05-17,2021-05-17
11XVY000000aMaW2AU,11WVY000000GC0P2AW,The Source Outreach,Enrolled,001VY00000CGXFiYAP,,,,2021-05-11,2021-05-11
11XVY000000aMaX2AU,11WVY000000GC0P2AW,The Source Outreach,Enrolled,001VY00000CGXFjYAP,,,,2021-07-13,2021-07-13
11XVY000000aMaZ2AU,11WVY000000GC0P2AW,The Source Outreach,Enrolled,001VY00000CGXFlYAP,,,,2021-07-21,2021-07-21
11XVY000000aMaa2AE,11WVY000000GC0P2AW,The Source Outreach,Enrolled,001VY00000CGXFmYAP,,,,2021-04-30,2021-04-30
11XVY000000aMab2AE,11WVY000000GC0P2AW,The Source Outreach,Enrolled,001VY00000CGXFnYAP,,,,2021-07-13,2021-07-13
11XVY000000aMag2AE,11WVY000000GC0P2AW,The Source Outreach,Enrolled,001VY00000CGXFoYAP,,,,2021-05-07,2021-05-07
11XVY000000aMah2AE,11WVY000000GC0P2AW,The Source Outreach,Enrolled,001VY00000CGXFpYAP,,,,2021-05-26,2021-05-26
11XVY000000aMaj2AE,11WVY000000GC0P2AW,The Source Outreach,Enrolled,001VY00000CGXFrYAP,,,,2021-05-20,2021-05-20
11XVY000000aMak2AE,11WVY000000GC0P2AW,The Source Outreach,Enrolled,001VY00000CGXFsYAP,,,,2021-07-26,2021-07-26
11XVY000000aMan2AE,11WVY000000GC0P2AW,The Source Outreach,Enrolled,001VY00000CGXFvYAP,,,,2021-05-27,2021-05-27
11XVY000000aMas2AE,11WVY000000GC0P2AW,The Source Outreach,Enrolled,001VY00000CGXG0YAP,,,,2021-06-07,2021-06-07
11XVY000000aMau2AE,11WVY000000GC0P2AW,The Source Outreach,Enrolled,001VY00000CGXG2YAP,,,,2021-06-24,2021-06-24
11XVY000000aMav2AE,11WVY000000GC0P2AW,The Source Outreach,Enrolled,001VY00000CGXG3YAP,,,,2021-05-11,2021-05-11
11XVY000000aMaw2AE,11WVY000000GC0P2AW,The Source Outreach,Enrolled,001VY00000CGXG4YAP,,,,2021-07-19,2021-07-19
11XVY000000aMax2AE,11WVY000000GC0P2AW,The Source Outreach,Enrolled,001VY00000CGXG5YAP,,,,2021-05-26,2021-05-26
11XVY000000aMay2AE,11WVY000000GC0P2AW,The Source Outreach,Enrolled,001VY00000CGXG6YAP,,,,2021-05-17,2021-05-17
11XVY000000aMb02AE,11WVY000000GC0P2AW,The Source Outreach,Enrolled,001VY00000CGXG8YAP,,,,2021-07-13,2021-07-13
11XVY000000aMb12AE,11WVY000000GC0P2AW,The Source Outreach,Enrolled,001VY00000CGXG9YAP,,,,2021-05-04,2021-05-04
11XVY000000aMb22AE,11WVY000000GC0P2AW,The Source Outreach,Enrolled,001VY00000CGXGAYA5,,,,2021-06-04,2021-06-04
11XVY000000aMb32AE,11WVY000000GC0P2AW,The Source Outreach,Enrolled,001VY00000CGXGBYA5,,,,2021-06-11,2021-06-11
11XVY000000aMb52AE,11WVY000000GC0P2AW,The Source Outreach,Enrolled,001VY00000CGXGDYA5,,,,2021-08-04,2021-08-04
11XVY000000aMb62AE,11WVY000000GC0P2AW,The Source Outreach,Enrolled,001VY00000CGXGEYA5,,,,2021-08-03,2021-08-03
11XVY000000aMb72AE,11WVY000000GC0P2AW,The Source Outreach,Enrolled,001VY00000CGXGFYA5,,,,2021-07-06,2021-07-06
11XVY000000aMb92AE,11WVY000000GC0P2AW,The Source Outreach,Enrolled,001VY00000CGXGHYA5,,,,2021-05-14,2021-05-14
11XVY000000aMbA2AU,11WVY000000GC0P2AW,The Source Outreach,Enrolled,001VY00000CGXGIYA5,,,,2021-08-06,2021-08-06
11XVY000000aMbD2AU,11WVY000000GC0P2AW,The Source Outreach,Enrolled,001VY00000CGXGLYA5,,,,2021-04-26,2021-04-26
11XVY000000aMbE2AU,11WVY000000GC0P2AW,The Source Outreach,Enrolled,001VY00000CGXGMYA5,,,,2021-07-13,2021-07-13
11XVY000000aMbF2AU,11WVY000000GC0P2AW,The Source Outreach,Enrolled,001VY00000CGXGNYA5,,,,2021-05-07,2021-05-07
11XVY000000aMbG2AU,11WVY000000GC0P2AW,The Source Outreach,Enrolled,001VY00000CGXGOYA5,,,,2021-05-26,2021-05-26
11XVY000000aMbH2AU,11WVY000000GC0P2AW,The Source Outreach,Enrolled,001VY00000CGXGPYA5,,,,2021-07-28,2021-07-28
11XVY000000aMbI2AU,11WVY000000GC0P2AW,The Source Outreach,Enrolled,001VY00000CGXGQYA5,,,,2021-07-29,2021-07-29
11XVY000000aMbJ2AU,11WVY000000GC0P2AW,The Source Outreach,Enrolled,001VY00000CGXGRYA5,,,,2021-05-05,2021-05-05
11XVY000000aMbL2AU,11WVY000000GC0P2AW,The Source Outreach,Enrolled,001VY00000CGXGTYA5,,,,2021-05-03,2021-05-03
11XVY000000aMbM2AU,11WVY000000GC0P2AW,The Source Outreach,Enrolled,001VY00000CGXGUYA5,,,,2021-07-29,2021-07-29
11XVY000000aMbN2AU,11WVY000000GC0P2AW,The Source Outreach,Enrolled,001VY00000CGXGVYA5,,,,2021-08-09,2021-08-09
11XVY000000aMbO2AU,11WVY000000GC0P2AW,The Source Outreach,Enrolled,001VY00000CGXGWYA5,,,,2021-07-29,2021-07-29
11XVY000000aMbQ2AU,11WVY000000GC0P2AW,The Source Outreach,Enrolled,001VY00000CGXGYYA5,,,,2021-08-05,2021-08-05
11XVY000000aMbR2AU,11WVY000000GC0P2AW,The Source Outreach,Enrolled,001VY00000CGXGZYA5,,,,2021-02-04,2021-02-04
11XVY000000aMbS2AU,11WVY000000GC0P2AW,The Source Outreach,Enrolled,001VY00000CGXGaYAP,,,,2021-02-04,2021-02-04
11XVY000000aMbT2AU,11WVY000000GC0P2AW,The Source Outreach,Enrolled,001VY00000CGXGbYAP,,,,2021-02-05,2021-02-05
11XVY000000aMbU2AU,11WVY000000GC0P2AW,The Source Outreach,Enrolled,001VY00000CGXGcYAP,,,,2021-02-04,2021-02-04
11XVY000000aMbV2AU,11WVY000000GC0P2AW,The Source Outreach,Enrolled,001VY00000CGXGdYAP,,,,2021-02-04,2021-02-04
11XVY000000aMbW2AU,11WVY000000GC0P2AW,The Source Outreach,Enrolled,001VY00000CGXGeYAP,,,,2021-02-04,2021-02-04
11XVY000000aMbX2AU,11WVY000000GC0P2AW,The Source Outreach,Enrolled,001VY00000CGXGfYAP,,,,2021-02-05,2021-02-05
11XVY000000aMbY2AU,11WVY000000GC0P2AW,The Source Outreach,Enrolled,001VY00000CGXGgYAP,,,,2021-02-05,2021-02-05
11XVY000000aMbZ2AU,11WVY000000GC0P2AW,The Source Outreach,Enrolled,001VY00000CGXGhYAP,,,,2021-02-05,2021-02-05
11XVY000000aMba2AE,11WVY000000GC0P2AW,The Source Outreach,Enrolled,001VY00000CGXGiYAP,,,,2021-02-05,2021-02-05
11XVY000000aMbb2AE,11WVY000000GC0P2AW,The Source Outreach,Enrolled,001VY00000CGXGjYAP,,,,2021-02-10,2021-02-10
11XVY000000aMbc2AE,11WVY000000GC0P2AW,The Source Outreach,Enrolled,001VY00000CGXGkYAP,,,,2021-02-10,2021-02-10
11XVY000000aMbd2AE,11WVY000000GC0P2AW,The Source Outreach,Enrolled,001VY00000CGXGlYAP,,,,2021-02-10,2021-02-10
11XVY000000aMbe2AE,11WVY000000GC0P2AW,The Source Outreach,Enrolled,001VY00000CGXGmYAP,,,,2021-02-11,2021-02-11
11XVY000000aMbf2AE,11WVY000000GC0P2AW,The Source Outreach,Enrolled,001VY00000CGXGnYAP,,,,2021-02-11,2021-02-11
11XVY000000aMbg2AE,11WVY000000GC0P2AW,The Source Outreach,Enrolled,001VY00000CGXGoYAP,,,,2021-02-11,2021-02-11
11XVY000000aMbh2AE,11WVY000000GC0P2AW,The Source Outreach,Enrolled,001VY00000CGXGpYAP,,,,2021-02-16,2021-02-16
11XVY000000aMbi2AE,11WVY000000GC0P2AW,The Source Outreach,Enrolled,001VY00000CGXGqYAP,,,,2021-02-16,2021-02-16
11XVY000000aMbj2AE,11WVY000000GC0P2AW,The Source Outreach,Enrolled,001VY00000CGXGrYAP,,,,2021-02-17,2021-02-17
11XVY000000aMbk2AE,11WVY000000GC0P2AW,The Source Outreach,Enrolled,001VY00000CGXGsYAP,,,,2021-02-17,2021-02-17
11XVY000000aMbl2AE,11WVY000000GC0P2AW,The Source Outreach,Enrolled,001VY00000CGXGtYAP,,,,2021-02-17,2021-02-17
11XVY000000aMbm2AE,11WVY000000GC0P2AW,The Source Outreach,Enrolled,001VY00000CGXGuYAP,,,,2021-02-17,2021-02-17
11XVY000000aMbn2AE,11WVY000000GC0P2AW,The Source Outreach,Enrolled,001VY00000CGXGvYAP,,,,2021-02-18,2021-02-18
11XVY000000aMbo2AE,11WVY000000GC0P2AW,The Source Outreach,Enrolled,001VY00000CGXGwYAP,,,,2021-02-18,2021-02-18
11XVY000000aMbq2AE,11WVY000000GC0P2AW,The Source Outreach,Enrolled,001VY00000CGXGyYAP,,,,2021-02-18,2021-02-18
11XVY000000aMbr2AE,11WVY000000GC0P2AW,The Source Outreach,Enrolled,001VY00000CGXGzYAP,,,,2021-02-19,2021-02-19
11XVY000000aMbs2AE,11WVY000000GC0P2AW,The Source Outreach,Enrolled,001VY00000CGXH0YAP,,,,2021-02-19,2021-02-19
11XVY000000aMbt2AE,11WVY000000GC0P2AW,The Source Outreach,Enrolled,001VY00000CGXH1YAP,,,,2021-02-19,2021-02-19
11XVY000000aMbu2AE,11WVY000000GC0P2AW,The Source Outreach,Enrolled,001VY00000CGXH2YAP,,,,2021-02-19,2021-02-19
11XVY000000aMbv2AE,11WVY000000GC0P2AW,The Source Outreach,Enrolled,001VY00000CGXH3YAP,,,,2021-02-22,2021-02-22
11XVY000000aMbw2AE,11WVY000000GC0P2AW,The Source Outreach,Enrolled,001VY00000CGXH4YAP,,,,2021-02-22,2021-02-22
11XVY000000aMbx2AE,11WVY000000GC0P2AW,The Source Outreach,Enrolled,001VY00000CGXH5YAP,,,,2021-02-23,2021-02-23
11XVY000000aMby2AE,11WVY000000GC0P2AW,The Source Outreach,Enrolled,001VY00000CGXH6YAP,,,,2021-02-23,2021-02-23
11XVY000000aMbz2AE,11WVY000000GC0P2AW,The Source Outreach,Enrolled,001VY00000CGIYKYA5,,,,2021-02-23,2021-02-23
11XVY000000aMc02AE,11WVY000000GC0P2AW,The Source Outreach,Enrolled,001VY00000CGXH7YAP,,,,2021-02-24,2021-02-24
11XVY000000aMc12AE,11WVY000000GC0P2AW,The Source Outreach,Enrolled,001VY00000CGXH8YAP,,,,2021-02-24,2021-02-24
11XVY000000aMc22AE,11WVY000000GC0P2AW,The Source Outreach,Enrolled,001VY00000CGXH9YAP,,,,2021-02-25,2021-02-25
11XVY000000aMc32AE,11WVY000000GC0P2AW,The Source Outreach,Enrolled,001VY00000CGXHAYA5,,,,2021-03-19,2021-03-19
11XVY000000aMc42AE,11WVY000000GC0P2AW,The Source Outreach,Enrolled,001VY00000CGXHBYA5,,,,2021-03-19,2021-03-19
11XVY000000aMc52AE,11WVY000000GC0P2AW,The Source Outreach,Enrolled,001VY00000CGXHCYA5,,,,2021-03-19,2021-03-19
11XVY000000aMc72AE,11WVY000000GC0P2AW,The Source Outreach,Enrolled,001VY00000CGXHEYA5,,,,2021-03-24,2021-03-24
11XVY000000aMc82AE,11WVY000000GC0P2AW,The Source Outreach,Enrolled,001VY00000CGSfsYAH,,,,2021-03-25,2021-03-25
11XVY000000aMc92AE,11WVY000000GC0P2AW,The Source Outreach,Enrolled,001VY00000CGSftYAH,,,,2021-03-29,2021-03-29
11XVY000000aMcA2AU,11WVY000000GC0P2AW,The Source Outreach,Enrolled,001VY00000CGSfuYAH,,,,2021-03-29,2021-03-29
11XVY000000aMcB2AU,11WVY000000GC0P2AW,The Source Outreach,Enrolled,001VY00000CGSfvYAH,,,,2021-03-29,2021-03-29
11XVY000000aMcC2AU,11WVY000000GC0P2AW,The Source Outreach,Enrolled,001VY00000CGSfxYAH,,,,2021-03-29,2021-03-29
11XVY000000aMcD2AU,11WVY000000GC0P2AW,The Source Outreach,Enrolled,001VY00000CGSfyYAH,,,,2021-03-31,2021-03-31
11XVY000000aMcE2AU,11WVY000000GC0P2AW,The Source Outreach,Enrolled,001VY00000CGSfzYAH,,,,2021-03-31,2021-03-31
11XVY000000aMcF2AU,11WVY000000GC0P2AW,The Source Outreach,Enrolled,001VY00000CGSg0YAH,,,,2021-04-01,2021-04-01
11XVY000000aMcG2AU,11WVY000000GC0P2AW,The Source Outreach,Enrolled,001VY00000CGSg1YAH,,,,2021-04-01,2021-04-01
11XVY000000aMcH2AU,11WVY000000GC0P2AW,The Source Outreach,Enrolled,001VY00000CGSg2YAH,,,,2021-04-01,2021-04-01
11XVY000000aMcI2AU,11WVY000000GC0P2AW,The Source Outreach,Enrolled,001VY00000CGSh2YAH,,,,2021-04-05,2021-04-05
11XVY000000aMcK2AU,11WVY000000GC0P2AW,The Source Outreach,Enrolled,001VY00000CGSg4YAH,,,,2021-04-06,2021-04-06
11XVY000000aMcL2AU,11WVY000000GC0P2AW,The Source Outreach,Enrolled,001VY00000CGSg5YAH,,,,2021-04-06,2021-04-06
11XVY000000aMcM2AU,11WVY000000GC0P2AW,The Source Outreach,Enrolled,001VY00000CGSg6YAH,,,,2021-04-07,2021-04-07
11XVY000000aMcN2AU,11WVY000000GC0P2AW,The Source Outreach,Enrolled,001VY00000CGSg7YAH,,,,2021-04-07,2021-04-07
11XVY000000aMcP2AU,11WVY000000GC0P2AW,The Source Outreach,Enrolled,001VY00000CGSg9YAH,,,,2021-04-08,2021-04-08
11XVY000000aMcQ2AU,11WVY000000GC0P2AW,The Source Outreach,Enrolled,001VY00000CGSgAYAX,,,,2021-04-12,2021-04-12
11XVY000000aMcR2AU,11WVY000000GC0P2AW,The Source Outreach,Enrolled,001VY00000CGSgBYAX,,,,2021-04-13,2021-04-13
11XVY000000aMcS2AU,11WVY000000GC0P2AW,The Source Outreach,Enrolled,001VY00000CGSgCYAX,,,,2021-04-13,2021-04-13
11XVY000000aMcT2AU,11WVY000000GC0P2AW,The Source Outreach,Enrolled,001VY00000CGSgDYAX,,,,2021-04-13,2021-04-13
11XVY000000aMcU2AU,11WVY000000GC0P2AW,The Source Outreach,Enrolled,001VY00000CGSgEYAX,,,,2021-04-14,2021-04-14
11XVY000000aMcV2AU,11WVY000000GC0P2AW,The Source Outreach,Enrolled,001VY00000CGSgGYAX,,,,2021-04-26,2021-04-26
11XVY000000aMcW2AU,11WVY000000GC0P2AW,The Source Outreach,Enrolled,001VY00000CGSgHYAX,,,,2021-04-27,2021-04-27
11XVY000000aMcY2AU,11WVY000000GC0P2AW,The Source Outreach,Enrolled,001VY00000CGSgJYAX,,,,2021-04-28,2021-04-28
11XVY000000aMcZ2AU,11WVY000000GC0P2AW,The Source Outreach,Enrolled,001VY00000CGSh3YAH,,,,2021-04-29,2021-04-29
11XVY000000aMca2AE,11WVY000000GC0P2AW,The Source Outreach,Enrolled,001VY00000CGSgKYAX,,,,2021-04-29,2021-04-29
11XVY000000aMcb2AE,11WVY000000GC0P2AW,The Source Outreach,Enrolled,001VY00000CGSgLYAX,,,,2021-04-29,2021-04-29
11XVY000000aMcc2AE,11WVY000000GC0P2AW,The Source Outreach,Enrolled,001VY00000CGSgFYAX,,,,2021-04-29,2021-04-29
11XVY000000aMcd2AE,11WVY000000GC0P2AW,The Source Outreach,Enrolled,001VY00000CGSgMYAX,,,,2021-04-29,2021-04-29
11XVY000000aMce2AE,11WVY000000GC0P2AW,The Source Outreach,Enrolled,001VY00000CGSgNYAX,,,,2021-04-29,2021-04-29
11XVY000000aMcf2AE,11WVY000000GC0P2AW,The Source Outreach,Enrolled,001VY00000CGSgOYAX,,,,2021-04-29,2021-04-29
11XVY000000aMcg2AE,11WVY000000GC0P2AW,The Source Outreach,Enrolled,001VY00000CGSgPYAX,,,,2021-05-04,2021-05-04
11XVY000000aMch2AE,11WVY000000GC0P2AW,The Source Outreach,Enrolled,001VY00000CGSgQYAX,,,,2021-05-04,2021-05-04
11XVY000000aMci2AE,11WVY000000GC0P2AW,The Source Outreach,Enrolled,001VY00000CGSgRYAX,,,,2021-05-04,2021-05-04
11XVY000000aMck2AE,11WVY000000GC0P2AW,The Source Outreach,Enrolled,001VY00000CGSgTYAX,,,,2021-05-05,2021-05-05
11XVY000000aMcl2AE,11WVY000000GC0P2AW,The Source Outreach,Enrolled,001VY00000CGSgUYAX,,,,2021-05-06,2021-05-06
11XVY000000aMcm2AE,11WVY000000GC0P2AW,The Source Outreach,Enrolled,001VY00000CGSgVYAX,,,,2021-05-06,2021-05-06
11XVY000000aMco2AE,11WVY000000GC0P2AW,The Source Outreach,Enrolled,001VY00000CGSgXYAX,,,,2021-05-06,2021-05-06
11XVY000000aMcp2AE,11WVY000000GC0P2AW,The Source Outreach,Enrolled,001VY00000CGSgYYAX,,,,2021-05-07,2021-05-07
11XVY000000aMcq2AE,11WVY000000GC0P2AW,The Source Outreach,Enrolled,001VY00000CGSgZYAX,,,,2021-05-07,2021-05-07
11XVY000000aMcr2AE,11WVY000000GC0P2AW,The Source Outreach,Enrolled,001VY00000CGXAsYAP,,,,2021-05-07,2021-05-07
11XVY000000aMcs2AE,11WVY000000GC0P2AW,The Source Outreach,Enrolled,001VY00000CGSgaYAH,,,,2021-05-10,2021-05-10
11XVY000000aMct2AE,11WVY000000GC0P2AW,The Source Outreach,Enrolled,001VY00000CGSgdYAH,,,,2021-05-13,2021-05-13
11XVY000000aMcu2AE,11WVY000000GC0P2AW,The Source Outreach,Enrolled,001VY00000CGSgeYAH,,,,2021-05-13,2021-05-13
11XVY000000aMcw2AE,11WVY000000GC0P2AW,The Source Outreach,Enrolled,001VY00000CGSggYAH,,,,2021-05-17,2021-05-17
11XVY000000aMcx2AE,11WVY000000GC0P2AW,The Source Outreach,Enrolled,001VY00000CGSghYAH,,,,2021-05-17,2021-05-17
11XVY000000aMcz2AE,11WVY000000GC0P2AW,The Source Outreach,Enrolled,001VY00000CGSgjYAH,,,,2021-05-18,2021-05-18
11XVY000000aMd12AE,11WVY000000GC0P2AW,The Source Outreach,Enrolled,001VY00000CGSglYAH,,,,2021-05-20,2021-05-20
11XVY000000aMd42AE,11WVY000000GC0P2AW,The Source Outreach,Enrolled,001VY00000CGSgpYAH,,,,2021-05-24,2021-05-24
11XVY000000aMd62AE,11WVY000000GC0P2AW,The Source Outreach,Enrolled,001VY00000CGSgqYAH,,,,2021-05-25,2021-05-25
11XVY000000aMd82AE,11WVY000000GC0P2AW,The Source Outreach,Enrolled,001VY00000CGSgtYAH,,,,2021-06-02,2021-06-02
11XVY000000aMdA2AU,11WVY000000GC0P2AW,The Source Outreach,Enrolled,001VY00000CGSgvYAH,,,,2021-06-14,2021-06-14
11XVY000000aMdC2AU,11WVY000000GC0P2AW,The Source Outreach,Enrolled,001VY00000CGSgyYAH,,,,2021-06-15,2021-06-15
11XVY000000aMdD2AU,11WVY000000GC0P2AW,The Source Outreach,Enrolled,001VY00000CGSgzYAH,,,,2021-06-15,2021-06-15
11XVY000000aMdF2AU,11WVY000000GC0P2AW,The Source Outreach,Enrolled,001VY00000CGSh1YAH,,,,2021-06-22,2021-06-22
11XVY000000aMdG2AU,11WVY000000GC0P2AW,The Source Outreach,Enrolled,001VY00000CGSgcYAH,,,,2021-05-11,2021-05-11
11XVY000000aMdN2AU,11WVY000000GC212AG,The Source Drop-In,Enrolled,001VY00000CGSh5YAH,,,,2021-09-03,2021-09-03
11XVY000000aMdS2AU,11WVY000000GC212AG,The Source Drop-In,Enrolled,001VY00000CGSh6YAH,,,,2021-09-08,2021-09-08
11XVY000000aMdU2AU,11WVY000000GC212AG,The Source Drop-In,Enrolled,001VY00000CGSh7YAH,,,,2021-09-09,2021-09-09
11XVY000000aMdX2AU,11WVY000000GC212AG,The Source Drop-In,Enrolled,001VY00000CGRtUYAX,,,,2021-09-13,2021-09-13
11XVY000000aMdf2AE,11WVY000000GC212AG,The Source Drop-In,Enrolled,001VY00000CGSh9YAH,,,,2021-09-24,2021-09-24
11XVY000000aMdg2AE,11WVY000000GC212AG,The Source Drop-In,Enrolled,001VY00000CGShAYAX,,,,2021-09-24,2021-09-24
11XVY000000aMdh2AE,11WVY000000GC212AG,The Source Drop-In,Enrolled,001VY00000CGFXcYAP,,,,2021-09-29,2021-09-29
11XVY000000aMdq2AE,11WVY000000GC212AG,The Source Drop-In,Enrolled,001VY00000CGShHYAX,,,,2021-10-27,2021-10-27
11XVY000000aMdt2AE,11WVY000000GC212AG,The Source Drop-In,Enrolled,001VY00000CGShKYAX,,,,2021-11-02,2021-11-02
11XVY000000aMdx2AE,11WVY000000GC0P2AW,The Source Outreach,Enrolled,001VY00000CGXIdYAP,,,,2021-10-05,2021-10-05
11XVY000000aMe32AE,11WVY000000GC0P2AW,The Source Outreach,Enrolled,001VY00000CGXHvYAP,,,,2021-09-03,2021-09-03
11XVY000000aMe42AE,11WVY000000GC0P2AW,The Source Outreach,Enrolled,001VY00000CGXHyYAP,,,,2021-09-06,2021-09-06
11XVY000000aMe62AE,11WVY000000GC0P2AW,The Source Outreach,Enrolled,001VY00000CGXI6YAP,,,,2021-09-14,2021-09-14
11XVY000000aMe72AE,11WVY000000GC0P2AW,The Source Outreach,Enrolled,001VY00000CGXI9YAP,,,,2021-09-16,2021-09-16
11XVY000000aMe82AE,11WVY000000GC0P2AW,The Source Outreach,Enrolled,001VY00000CGXIDYA5,,,,2021-09-20,2021-09-20
11XVY000000aMe92AE,11WVY000000GC0P2AW,The Source Outreach,Enrolled,001VY00000CGXIGYA5,,,,2021-09-20,2021-09-20
11XVY000000aMeA2AU,11WVY000000GC0P2AW,The Source Outreach,Enrolled,001VY00000CGXIJYA5,,,,2021-09-23,2021-09-23
11XVY000000aMeC2AU,11WVY000000GC0P2AW,The Source Outreach,Enrolled,001VY00000CGXIPYA5,,,,2021-09-24,2021-09-24
11XVY000000aMeF2AU,11WVY000000GC0P2AW,The Source Outreach,Enrolled,001VY00000CGXIlYAP,,,,2021-10-06,2021-10-06
11XVY000000aMeG2AU,11WVY000000GC0P2AW,The Source Outreach,Enrolled,001VY00000CGXIoYAP,,,,2021-10-13,2021-10-13
11XVY000000aMeH2AU,11WVY000000GC0P2AW,The Source Outreach,Enrolled,001VY00000CGXIsYAP,,,,2021-10-19,2021-10-19
11XVY000000aMeJ2AU,11WVY000000GC0P2AW,The Source Outreach,Enrolled,001VY00000CGXIwYAP,,,,2021-10-21,2021-10-21
11XVY000000aMeK2AU,11WVY000000GC0P2AW,The Source Outreach,Enrolled,001VY00000CGRIMYA5,,,,2021-10-21,2021-10-21
11XVY000000aMeN2AU,11WVY000000GC0P2AW,The Source Outreach,Enrolled,001VY00000CGRIXYA5,,,,2021-11-01,2021-11-01
11XVY000000aMeO2AU,11WVY000000GC0P2AW,The Source Outreach,Enrolled,001VY00000CGRIaYAP,,,,2021-11-01,2021-11-01
11XVY000000aMeP2AU,11WVY000000GC0P2AW,The Source Outreach,Enrolled,001VY00000CGRIdYAP,,,,2021-11-04,2021-11-04
11XVY000000aMeQ2AU,11WVY000000GC0P2AW,The Source Outreach,Enrolled,001VY00000CGRIgYAP,,,,2021-11-09,2021-11-09
11XVY000000aMeS2AU,11WVY000000GC0P2AW,The Source Outreach,Enrolled,001VY00000CGXHsYAP,,,,2021-08-30,2021-08-30
11XVY000000aMeT2AU,11WVY000000GC0P2AW,The Source Outreach,Enrolled,001VY00000CGXHtYAP,,,,2021-09-03,2021-09-03
11XVY000000aMeU2AU,11WVY000000GC0P2AW,The Source Outreach,Enrolled,001VY00000CGXHwYAP,,,,2021-09-03,2021-09-03
11XVY000000aMeV2AU,11WVY000000GC0P2AW,The Source Outreach,Enrolled,001VY00000CGXHzYAP,,,,2021-09-06,2021-09-06
11XVY000000aMeX2AU,11WVY000000GC0P2AW,The Source Outreach,Enrolled,001VY00000CGXI3YAP,,,,2021-09-09,2021-09-09
11XVY000000aMea2AE,11WVY000000GC0P2AW,The Source Outreach,Enrolled,001VY00000CGXIKYA5,,,,2021-09-23,2021-09-23
11XVY000000aMeb2AE,11WVY000000GC0P2AW,The Source Outreach,Enrolled,001VY00000CGXIQYA5,,,,2021-09-24,2021-09-24
11XVY000000aMec2AE,11WVY000000GC0P2AW,The Source Outreach,Enrolled,001VY00000CGXITYA5,,,,2021-09-27,2021-09-27
11XVY000000aMed2AE,11WVY000000GC0P2AW,The Source Outreach,Enrolled,001VY00000CGXIWYA5,,,,2021-09-28,2021-09-28
11XVY000000aMef2AE,11WVY000000GC0P2AW,The Source Outreach,Enrolled,001VY00000CGXIcYAP,,,,2021-10-04,2021-10-04
11XVY000000aMeh2AE,11WVY000000GC0P2AW,The Source Outreach,Enrolled,001VY00000CGXInYAP,,,,2021-10-13,2021-10-13
11XVY000000aMei2AE,11WVY000000GC0P2AW,The Source Outreach,Enrolled,001VY00000CGXIpYAP,,,,2021-10-15,2021-10-15
11XVY000000aMej2AE,11WVY000000GC0P2AW,The Source Outreach,Enrolled,001VY00000CGXIrYAP,,,,2021-10-18,2021-10-18
11XVY000000aMek2AE,11WVY000000GC0P2AW,The Source Outreach,Enrolled,001VY00000CGXIuYAP,,,,2021-10-20,2021-10-20
11XVY000000aMel2AE,11WVY000000GC0P2AW,The Source Outreach,Enrolled,001VY00000CGRISYA5,,,,2021-10-28,2021-10-28
11XVY000000aMem2AE,11WVY000000GC0P2AW,The Source Outreach,Enrolled,001VY00000CGRIYYA5,,,,2021-11-01,2021-11-01
11XVY000000aMen2AE,11WVY000000GC0P2AW,The Source Outreach,Enrolled,001VY00000CGRIeYAP,,,,2021-11-04,2021-11-04
11XVY000000aMeo2AE,11WVY000000GC0P2AW,The Source Outreach,Enrolled,001VY00000CGXHHYA5,,,,2021-09-13,2021-09-13
11XVY000000aMep2AE,11WVY000000GC0P2AW,The Source Outreach,Enrolled,001VY00000CGRIiYAP,,,,2021-09-10,2021-09-10
11XVY000000aMeq2AE,11WVY000000GC0P2AW,The Source Outreach,Enrolled,001VY00000CGXHKYA5,,,,2021-09-10,2021-09-10
11XVY000000aMes2AE,11WVY000000GC0P2AW,The Source Outreach,Enrolled,001VY00000CGXHSYA5,,,,2021-09-17,2021-09-17
11XVY000000aMeu2AE,11WVY000000GC0P2AW,The Source Outreach,Enrolled,001VY00000CGXHVYA5,,,,2021-09-17,2021-09-17
11XVY000000aMev2AE,11WVY000000GC0P2AW,The Source Outreach,Enrolled,001VY00000CGXHWYA5,,,,2021-09-17,2021-09-17
11XVY000000aMew2AE,11WVY000000GC0P2AW,The Source Outreach,Enrolled,001VY00000CGXHXYA5,,,,2021-09-17,2021-09-17
11XVY000000aMez2AE,11WVY000000GC0P2AW,The Source Outreach,Enrolled,001VY00000CGXHbYAP,,,,2021-09-21,2021-09-21
11XVY000000aMf22AE,11WVY000000GC0P2AW,The Source Outreach,Enrolled,001VY00000CGXHkYAP,,,,2021-10-01,2021-10-01
11XVY000000aMf52AE,11WVY000000GC0P2AW,The Source Outreach,Enrolled,001VY00000CGXHxYAP,,,,2021-09-03,2021-09-03
11XVY000000aMf62AE,11WVY000000GC0P2AW,The Source Outreach,Enrolled,001VY00000CGXI0YAP,,,,2021-09-06,2021-09-06
11XVY000000aMfC2AU,11WVY000000GC0P2AW,The Source Outreach,Enrolled,001VY00000CGXIMYA5,,,,2021-09-23,2021-09-23
11XVY000000aMfD2AU,11WVY000000GC0P2AW,The Source Outreach,Enrolled,001VY00000CGXINYA5,,,,2021-09-23,2021-09-23
11XVY000000aMfF2AU,11WVY000000GC0P2AW,The Source Outreach,Enrolled,001VY00000CGXIXYA5,,,,2021-09-28,2021-09-28
11XVY000000aMfG2AU,11WVY000000GC0P2AW,The Source Outreach,Enrolled,001VY00000CGXIaYAP,,,,2021-10-04,2021-10-04
11XVY000000aMfH2AU,11WVY000000GC0P2AW,The Source Outreach,Enrolled,001VY00000CGXIgYAP,,,,2021-10-06,2021-10-06
11XVY000000aMfK2AU,11WVY000000GC0P2AW,The Source Outreach,Enrolled,001VY00000CGXIqYAP,,,,2021-10-18,2021-10-18
11XVY000000aMfL2AU,11WVY000000GC0P2AW,The Source Outreach,Enrolled,001VY00000CGXItYAP,,,,2021-10-19,2021-10-19
11XVY000000aMfM2AU,11WVY000000GC0P2AW,The Source Outreach,Enrolled,001VY00000CGRIjYAP,,,,2021-10-20,2021-10-20
11XVY000000aMfQ2AU,11WVY000000GC0P2AW,The Source Outreach,Enrolled,001VY00000CGRIQYA5,,,,2021-10-25,2021-10-25
11XVY000000aMfR2AU,11WVY000000GC0P2AW,The Source Outreach,Enrolled,001VY00000CGRIWYA5,,,,2021-11-01,2021-11-01
11XVY000000aMfT2AU,11WVY000000GC0P2AW,The Source Outreach,Enrolled,001VY00000CGRIcYAP,,,,2021-11-04,2021-11-04
11XVY000000aMfX2AU,11WVY000000GC0P2AW,The Source Outreach,Enrolled,001VY00000CGXIkYAP,,,,2021-10-08,2021-10-08
11XVY000000aMfY2AU,11WVY000000GC0P2AW,The Source Outreach,Enrolled,001VY00000CGXHOYA5,,,,2021-09-13,2021-09-13
11XVY000000aMfZ2AU,11WVY000000GC0P2AW,The Source Outreach,Enrolled,001VY00000CGXHPYA5,,,,2021-09-13,2021-09-13
11XVY000000aMfa2AE,11WVY000000GC0P2AW,The Source Outreach,Enrolled,001VY00000CGXHQYA5,,,,2021-09-13,2021-09-13
11XVY000000aMfj2AE,11WVY000000GC0P2AW,The Source Outreach,Enrolled,001VY00000CGXHIYA5,,,,2021-09-10,2021-09-10
11XVY000000aMfk2AE,11WVY000000GC0P2AW,The Source Outreach,Enrolled,001VY00000CGXHJYA5,,,,2021-09-10,2021-09-10
11XVY000000aMfl2AE,11WVY000000GC0P2AW,The Source Outreach,Enrolled,001VY00000CGXHMYA5,,,,2021-09-10,2021-09-10
11XVY000000aMfm2AE,11WVY000000GC0P2AW,The Source Outreach,Enrolled,001VY00000CGXHNYA5,,,,2021-09-10,2021-09-10
11XVY000000aMfo2AE,11WVY000000GC0P2AW,The Source Outreach,Enrolled,001VY00000CGRIPYA5,,,,2021-10-25,2021-10-25
11XVY000000aMfu2AE,11WVY000000GC0P2AW,The Source Outreach,Enrolled,001VY00000CGRIKYA5,,,,2021-10-22,2021-10-22
11XVY000000aMfv2AE,11WVY000000GC0P2AW,The Source Outreach,Enrolled,001VY00000CGRILYA5,,,,2021-10-22,2021-10-22
11XVY000000aMfx2AE,11WVY000000GC0P2AW,The Source Outreach,Enrolled,001VY00000CGXIbYAP,,,,2021-10-04,2021-10-04
11XVY000000aMfy2AE,11WVY000000GC0P2AW,The Source Outreach,Enrolled,001VY00000CGRIIYA5,,,,2021-10-21,2021-10-21
11XVY000000aMg02AE,11WVY000000GC0P2AW,The Source Outreach,Enrolled,001VY00000CGXICYA5,,,,2021-09-20,2021-09-20
11XVY000000aMg12AE,11WVY000000GC0P2AW,The Source Outreach,Enrolled,001VY00000CGXISYA5,,,,2021-09-24,2021-09-24
11XVY000000aMg22AE,11WVY000000GC0P2AW,The Source Outreach,Enrolled,001VY00000CGXIFYA5,,,,2021-09-20,2021-09-20
11XVY000000aMg32AE,11WVY000000GC0P2AW,The Source Outreach,Enrolled,001VY00000CGXIHYA5,,,,2021-09-22,2021-09-22
11XVY000000aMg42AE,11WVY000000GC0P2AW,The Source Outreach,Enrolled,001VY00000CGXIOYA5,,,,2021-09-24,2021-09-24
11XVY000000aMg52AE,11WVY000000GC0P2AW,The Source Outreach,Enrolled,001VY00000CGXIiYAP,,,,2021-10-08,2021-10-08
11XVY000000aMgK2AU,11WVY000000GC212AG,The Source Drop-In,Enrolled,001VY00000CGRarYAH,,,,2019-04-27,2019-04-27
11XVY000000aMgO2AU,11WVY000000GC212AG,The Source Drop-In,Enrolled,001VY00000CGRbIYAX,,,,2019-05-05,2019-05-05
11XVY000000aMgQ2AU,11WVY000000GC212AG,The Source Drop-In,Enrolled,001VY00000CGRbHYAX,,,,2019-05-04,2019-05-04
11XVY000000aMgt2AE,11WVY000000GC212AG,The Source Drop-In,Enrolled,001VY00000CGRbgYAH,,,,2019-06-29,2019-06-29
11XVY000000aMgw2AE,11WVY000000GC212AG,The Source Drop-In,Enrolled,001VY00000CGSMOYA5,,,,2019-07-02,2019-07-02
11XVY000000aMh12AE,11WVY000000GC212AG,The Source Drop-In,Enrolled,001VY00000CGRbmYAH,,,,2019-07-08,2019-07-08
11XVY000000aMh82AE,11WVY000000GC212AG,The Source Drop-In,Enrolled,001VY00000CGRb3YAH,,,,2019-04-11,2019-04-11
11XVY000000aMhT2AU,11WVY000000GC212AG,The Source Drop-In,Enrolled,001VY00000CGRc6YAH,,,,2019-07-26,2019-07-26
11XVY000000aMhd2AE,11WVY000000GC212AG,The Source Drop-In,Enrolled,001VY00000CGSF8YAP,,,,2019-08-17,2019-08-17
11XVY000000aMhh2AE,11WVY000000GC212AG,The Source Drop-In,Enrolled,001VY00000CGRcMYAX,,,,2019-08-18,2019-08-18
11XVY000000aMi02AE,11WVY000000GC212AG,The Source Drop-In,Enrolled,001VY00000CGRc0YAH,,,,2019-09-05,2019-09-05
11XVY000000aMi32AE,11WVY000000GC212AG,The Source Drop-In,Enrolled,001VY00000CGQ8kYAH,,,,2019-09-13,2019-09-13
11XVY000000aMiD2AU,11WVY000000GC212AG,The Source Drop-In,Enrolled,001VY00000CGRcXYAX,,,,2019-09-27,2019-09-27
11XVY000000aMim2AE,11WVY000000GC212AG,The Source Drop-In,Enrolled,001VY00000CGRd9YAH,,,,2019-12-02,2019-12-02
11XVY000000aMin2AE,11WVY000000GC212AG,The Source Drop-In,Enrolled,001VY00000CGRdAYAX,,,,2019-12-02,2019-12-02
11XVY000000aMix2AE,11WVY000000GC212AG,The Source Drop-In,Enrolled,001VY00000CGRdHYAX,,,,2019-12-10,2019-12-10
11XVY000000aMj52AE,11WVY000000GC212AG,The Source Drop-In,Enrolled,001VY00000CGRkrYAH,,,,2019-12-23,2019-12-23
11XVY000000aMj92AE,11WVY000000GC212AG,The Source Drop-In,Enrolled,001VY00000CGRkrYAH,,,,2020-01-01,2020-01-01
11XVY000000aMjA2AU,11WVY000000GC212AG,The Source Drop-In,Enrolled,001VY00000CGRdFYAX,,,,2020-01-01,2020-01-01
11XVY000000aMjG2AU,11WVY000000GC212AG,The Source Drop-In,Enrolled,001VY00000CGRkmYAH,,,,2020-01-01,2020-01-01
11XVY000000aMjH2AU,11WVY000000GC212AG,The Source Drop-In,Enrolled,001VY00000CGRd6YAH,,,,2020-01-02,2020-01-02
11XVY000000aMjO2AU,11WVY000000GC212AG,The Source Drop-In,Enrolled,001VY00000CGRdDYAX,,,,2020-01-01,2020-01-01
11XVY000000aMjP2AU,11WVY000000GC212AG,The Source Drop-In,Enrolled,001VY00000CGSaEYAX,,,,2020-01-01,2020-01-01
11XVY000000aMjV2AU,11WVY000000GC212AG,The Source Drop-In,Enrolled,001VY00000CGRlDYAX,,,,2020-01-09,2020-01-09
11XVY000000aMjW2AU,11WVY000000GC212AG,The Source Drop-In,Enrolled,001VY00000CGSbQYAX,,,,2020-01-07,2020-01-07
11XVY000000aMjY2AU,11WVY000000GC212AG,The Source Drop-In,Enrolled,001VY00000CGRdEYAX,,,,2020-01-07,2020-01-07
11XVY000000aMq92AE,11WVY000000GC212AG,The Source Drop-In,Enrolled,001VY00000CGRcPYAX,,,,2020-01-14,2020-01-14
11XVY000000aMqA2AU,11WVY000000GC212AG,The Source Drop-In,Enrolled,001VY00000CGRlFYAX,,,,2020-01-13,2020-01-13
11XVY000000aMqC2AU,11WVY000000GC212AG,The Source Drop-In,Enrolled,001VY00000CGRkoYAH,,,,2020-01-15,2020-01-15
11XVY000000aMqN2AU,11WVY000000GC212AG,The Source Drop-In,Enrolled,001VY00000CGRn4YAH,,,,2020-01-28,2020-01-28
11XVY000000aMqQ2AU,11WVY000000GC212AG,The Source Drop-In,Enrolled,001VY00000CGRlIYAX,,,,2020-02-01,2020-02-01
11XVY000000aMqT2AU,11WVY000000GC212AG,The Source Drop-In,Enrolled,001VY00000CGRcMYAX,,,,2020-02-06,2020-02-06
11XVY000000aMqU2AU,11WVY000000GC212AG,The Source Drop-In,Enrolled,001VY00000CGSbzYAH,,,,2020-01-16,2020-01-16
11XVY000000aMqZ2AU,11WVY000000GC212AG,The Source Drop-In,Enrolled,001VY00000CGRmzYAH,,,,2020-02-12,2020-02-12
11XVY000000aMqo2AE,11WVY000000GC212AG,The Source Drop-In,Enrolled,001VY00000CGRnBYAX,,,,2020-03-05,2020-03-05
11XVY000000aMr62AE,11WVY000000GC212AG,The Source Drop-In,Enrolled,001VY00000CGRnTYAX,,,,2020-07-23,2020-07-23
11XVY000000aMrK2AU,11WVY000000GC212AG,The Source Drop-In,Enrolled,001VY00000CGRcTYAX,,,,2021-02-26,2021-02-26
11XVY000000aMrM2AU,11WVY000000GC212AG,The Source Drop-In,Enrolled,001VY00000CGRoEYAX,,,,2021-03-03,2021-03-03
11XVY000000aMrN2AU,11WVY000000GC212AG,The Source Drop-In,Enrolled,001VY00000CGRoFYAX,,,,2021-03-03,2021-03-03
11XVY000000aMrR2AU,11WVY000000GC212AG,The Source Drop-In,Enrolled,001VY00000CGXTRYA5,,,,2021-03-10,2021-03-10
11XVY000000aMrU2AU,11WVY000000GC0P2AW,The Source Outreach,Enrolled,001VY00000CGRkrYAH,,,,2021-03-23,2021-03-23
11XVY000000aMrZ2AU,11WVY000000GC212AG,The Source Drop-In,Enrolled,001VY00000CGIY1YAP,,,,2021-04-14,2021-04-14
11XVY000000aMrc2AE,11WVY000000GC212AG,The Source Drop-In,Enrolled,001VY00000CGRndYAH,,,,2021-04-22,2021-04-22
11XVY000000aMre2AE,11WVY000000GC212AG,The Source Drop-In,Enrolled,001VY00000CGRnUYAX,,,,2020-08-06,2020-08-06
11XVY000000aMrf2AE,11WVY000000GC212AG,The Source Drop-In,Enrolled,001VY00000CGRnVYAX,,,,2020-08-15,2020-08-15
11XVY000000aMsA2AU,11WVY000000GC212AG,The Source Drop-In,Enrolled,001VY00000CGRcMYAX,,,,2020-09-15,2020-09-15
11XVY000000aMsF2AU,11WVY000000GC212AG,The Source Drop-In,Enrolled,001VY00000CGRnuYAH,,,,2021-01-03,2021-01-03
11XVY000000aMsH2AU,11WVY000000GC212AG,The Source Drop-In,Enrolled,001VY00000CGIXvYAP,,,,2021-01-04,2021-01-04
11XVY000000aMsJ2AU,11WVY000000GC212AG,The Source Drop-In,Enrolled,001VY00000CGRn9YAH,,,,2021-01-03,2021-01-03
11XVY000000aMsQ2AU,11WVY000000GC212AG,The Source Drop-In,Enrolled,001VY00000CGRoGYAX,,,,2021-01-27,2021-01-27
11XVY000000aMsV2AU,11WVY000000GC212AG,The Source Drop-In,Enrolled,001VY00000CGSMOYA5,,,,2021-05-10,2021-05-10
11XVY000000aMsa2AE,11WVY000000GC212AG,The Source Drop-In,Enrolled,001VY00000CGIY3YAP,,,,2021-05-17,2021-05-17
11XVY000000aMsb2AE,11WVY000000GC212AG,The Source Drop-In,Enrolled,001VY00000CGRoMYAX,,,,2021-05-19,2021-05-19
11XVY000000aMsc2AE,11WVY000000GC212AG,The Source Drop-In,Enrolled,001VY00000CGIY4YAP,,,,2021-05-19,2021-05-19
11XVY000000aMsm2AE,11WVY000000GC212AG,The Source Drop-In,Enrolled,001VY00000CGRoSYAX,,,,2021-06-14,2021-06-14
11XVY000000aMst2AE,11WVY000000GC212AG,The Source Drop-In,Enrolled,001VY00000CGRocYAH,,,,2021-06-24,2021-06-24
11XVY000000aMsu2AE,11WVY000000GC212AG,The Source Drop-In,Enrolled,001VY00000CGIY7YAP,,,,2021-06-24,2021-06-24
11XVY000000aMsz2AE,11WVY000000GC212AG,The Source Drop-In,Enrolled,001VY00000CGIY9YAP,,,,2021-06-28,2021-06-28
11XVY000000aMt02AE,11WVY000000GC212AG,The Source Drop-In,Enrolled,001VY00000CGIYBYA5,,,,2021-06-30,2021-06-30
11XVY000000aMt42AE,11WVY000000GC212AG,The Source Drop-In,Enrolled,001VY00000CGRofYAH,,,,2021-07-11,2021-07-11
11XVY000000aMt52AE,11WVY000000GC212AG,The Source Drop-In,Enrolled,001VY00000CGRohYAH,,,,2021-07-14,2021-07-14
11XVY000000aMt92AE,11WVY000000GC212AG,The Source Drop-In,Enrolled,001VY00000CGIYHYA5,,,,2021-07-26,2021-07-26
11XVY000000aMzn2AE,11WVY000000GC0P2AW,The Source Outreach,Enrolled,001VY00000CGSAzYAP,,,,2016-10-17,2016-10-17
11XVY000000aMzu2AE,11WVY000000GC0P2AW,The Source Outreach,Enrolled,001VY00000CGSG7YAP,,,,2016-12-28,2016-12-28
11XVY000000aMzw2AE,11WVY000000GC0P2AW,The Source Outreach,Enrolled,001VY00000CGXR9YAP,,,,2016-09-16,2016-09-16
11XVY000000aMzx2AE,11WVY000000GC212AG,The Source Drop-In,Enrolled,001VY00000CGXQGYA5,,,,2016-07-16,2016-07-16
11XVY000000aN012AE,11WVY000000GC0P2AW,The Source Outreach,Enrolled,001VY00000CGRLJYA5,,,,2016-05-25,2016-05-25
11XVY000000aN032AE,11WVY000000GC0P2AW,The Source Outreach,Enrolled,001VY00000CGXQYYA5,,,,2016-08-01,2016-08-01
11XVY000000aN072AE,11WVY000000GC0P2AW,The Source Outreach,Enrolled,001VY00000CGXQPYA5,,,,2016-07-06,2016-07-06
11XVY000000aN0B2AU,11WVY000000GC0P2AW,The Source Outreach,Enrolled,001VY00000CGXQ2YAP,,,,2016-06-01,2016-06-01
11XVY000000aN0L2AU,11WVY000000GC212AG,The Source Drop-In,Enrolled,001VY00000CGXMyYAP,,,,2016-04-26,2016-04-26
11XVY000000aN0U2AU,11WVY000000GC0P2AW,The Source Outreach,Enrolled,001VY00000CGXNVYA5,,,,2016-05-24,2016-05-24
11XVY000000aN1N2AU,11WVY000000GC0P2AW,The Source Outreach,Enrolled,001VY00000CGSFpYAP,,,,2016-11-30,2016-11-30
11XVY000000aN1O2AU,11WVY000000GC212AG,The Source Drop-In,Enrolled,001VY00000CGSFpYAP,,,,2017-01-03,2017-01-03
11XVY000000aN1T2AU,11WVY000000GC212AG,The Source Drop-In,Enrolled,001VY00000CGSF8YAP,,,,2016-10-26,2016-10-26
11XVY000000aN1U2AU,11WVY000000GC0P2AW,The Source Outreach,Enrolled,001VY00000CGSF8YAP,,,,2017-01-03,2017-01-03
11XVY000000aN3H2AU,11WVY000000GC0P2AW,The Source Outreach,Enrolled,001VY00000CGXQAYA5,,,,2016-06-21,2016-06-21
11XVY000000aN3K2AU,11WVY000000GC0P2AW,The Source Outreach,Enrolled,001VY00000CGXQyYAP,,,,2016-09-07,2016-09-07
11XVY000000aN3b2AE,11WVY000000GC0P2AW,The Source Outreach,Enrolled,001VY00000CGXQVYA5,,,,2016-07-13,2016-07-13
11XVY000000aN3j2AE,11WVY000000GC0P2AW,The Source Outreach,Enrolled,001VY00000CGRLHYA5,,,,2016-05-25,2016-05-25
11XVY000000aN3v2AE,11WVY000000GC0P2AW,The Source Outreach,Enrolled,001VY00000CGSFUYA5,,,,2016-11-10,2016-11-10
11XVY000000aN3x2AE,11WVY000000GC0P2AW,The Source Outreach,Enrolled,001VY00000CGSFKYA5,,,,2016-11-04,2016-11-04
11XVY000000aN3y2AE,11WVY000000GC0P2AW,The Source Outreach,Enrolled,001VY00000CGSG8YAP,,,,2016-12-28,2016-12-28
11XVY000000aN4a2AE,11WVY000000GC0P2AW,The Source Outreach,Enrolled,001VY00000CGXR0YAP,,,,2016-09-07,2016-09-07
11XVY000000aN4j2AE,11WVY000000GC0P2AW,The Source Outreach,Enrolled,001VY00000CGSFXYA5,,,,2016-11-09,2016-11-09
11XVY000000aN4m2AE,11WVY000000GC0P2AW,The Source Outreach,Enrolled,001VY00000CGSFWYA5,,,,2016-11-09,2016-11-09
11XVY000000aN4t2AE,11WVY000000GC0P2AW,The Source Outreach,Enrolled,001VY00000CGSArYAP,,,,2016-10-10,2016-10-10
11XVY000000aN4v2AE,11WVY000000GC0P2AW,The Source Outreach,Enrolled,001VY00000CGXQeYAP,,,,2016-08-10,2016-08-10
11XVY000000aN4x2AE,11WVY000000GC0P2AW,The Source Outreach,Enrolled,001VY00000CGRL8YAP,,,,2016-05-18,2016-05-18
11XVY000000aN4y2AE,11WVY000000GC0P2AW,The Source Outreach,Enrolled,001VY00000CGXQZYA5,,,,2016-09-02,2016-09-02
11XVY000000aN502AE,11WVY000000GC0P2AW,The Source Outreach,Enrolled,001VY00000CGRL7YAP,,,,2016-05-18,2016-05-18
11XVY000000aN5J2AU,11WVY000000GC0P2AW,The Source Outreach,Enrolled,001VY00000CGRLDYA5,,,,2016-05-23,2016-05-23
11XVY000000aN5N2AU,11WVY000000GC0P2AW,The Source Outreach,Enrolled,001VY00000CGXQQYA5,,,,2016-07-06,2016-07-06
11XVY000000aN5R2AU,11WVY000000GC0P2AW,The Source Outreach,Enrolled,001VY00000CGXQzYAP,,,,2016-09-07,2016-09-07
11XVY000000aN5V2AU,11WVY000000GC0P2AW,The Source Outreach,Enrolled,001VY00000CGXQOYA5,,,,2016-06-27,2016-06-27
11XVY000000aN5X2AU,11WVY000000GC0P2AW,The Source Outreach,Enrolled,001VY00000CGRLBYA5,,,,2016-05-18,2016-05-18
11XVY000000aN5f2AE,11WVY000000GC0P2AW,The Source Outreach,Enrolled,001VY00000CGXQ7YAP,,,,2016-06-14,2016-06-14
11XVY000000aN5h2AE,11WVY000000GC0P2AW,The Source Outreach,Enrolled,001VY00000CGSFFYA5,,,,2016-10-31,2016-10-31
11XVY000000aN5m2AE,11WVY000000GC0P2AW,The Source Outreach,Enrolled,001VY00000CGXQvYAP,,,,2016-08-31,2016-08-31
11XVY000000aN5n2AE,11WVY000000GC0P2AW,The Source Outreach,Enrolled,001VY00000CGXR6YAP,,,,2016-09-16,2016-09-16
11XVY000000aN5q2AE,11WVY000000GC0P2AW,The Source Outreach,Enrolled,001VY00000CGXQjYAP,,,,2016-08-15,2016-08-15
11XVY000000aN5r2AE,11WVY000000GC0P2AW,The Source Outreach,Enrolled,001VY00000CGXNUYA5,,,,2016-05-23,2016-05-23
11XVY000000aN5s2AE,11WVY000000GC0P2AW,The Source Outreach,Enrolled,001VY00000CGRLCYA5,,,,2016-05-19,2016-05-19
11XVY000000aN5t2AE,11WVY000000GC0P2AW,The Source Outreach,Enrolled,001VY00000CGXQsYAP,,,,2016-08-26,2016-08-26
11XVY000000aN692AE,11WVY000000GC0P2AW,The Source Outreach,Enrolled,001VY00000CGRL4YAP,,,,2016-05-17,2016-05-17
11XVY000000aN6B2AU,11WVY000000GC0P2AW,The Source Outreach,Enrolled,001VY00000CGXR3YAP,,,,2016-09-15,2016-09-15
11XVY000000aN6C2AU,11WVY000000GC0P2AW,The Source Outreach,Enrolled,001VY00000CGXR3YAP,,,,2017-01-30,2017-01-30
11XVY000000aN6D2AU,11WVY000000GC0P2AW,The Source Outreach,Enrolled,001VY00000CGXQdYAP,,,,2016-08-05,2016-08-05
11XVY000000aN6H2AU,11WVY000000GC0P2AW,The Source Outreach,Enrolled,001VY00000CGRL6YAP,,,,2016-05-18,2016-05-18
11XVY000000aN6J2AU,11WVY000000GC0P2AW,The Source Outreach,Enrolled,001VY00000CGXQuYAP,,,,2016-08-31,2016-08-31
11XVY000000aN6L2AU,11WVY000000GC0P2AW,The Source Outreach,Enrolled,001VY00000CGSG6YAP,,,,2016-12-28,2016-12-28
11XVY000000aN6P2AU,11WVY000000GC0P2AW,The Source Outreach,Enrolled,001VY00000CGRL5YAP,,,,2016-05-18,2016-05-18
11XVY000000aN6Z2AU,11WVY000000GC0P2AW,The Source Outreach,Enrolled,001VY00000CGSFeYAP,,,,2016-11-16,2016-11-16
11XVY000000aN6f2AE,11WVY000000GC0P2AW,The Source Outreach,Enrolled,001VY00000CGSAaYAP,,,,2016-09-19,2016-09-19
11XVY000000aN6i2AE,11WVY000000GC0P2AW,The Source Outreach,Enrolled,001VY00000CGRLAYA5,,,,2016-05-18,2016-05-18
11XVY000000aN6s2AE,11WVY000000GC0P2AW,The Source Outreach,Enrolled,001VY00000CGXRSYA5,,,,2016-12-23,2016-12-23
11XVY000000aN6u2AE,11WVY000000GC0P2AW,The Source Outreach,Enrolled,001VY00000CGSFSYA5,,,,2016-11-10,2016-11-10
11XVY000000aN742AE,11WVY000000GC0P2AW,The Source Outreach,Enrolled,001VY00000CGRxlYAH,,,,2016-01-07,2016-01-07
11XVY000000aN7B2AU,11WVY000000GC0P2AW,The Source Outreach,Enrolled,001VY00000CGSAcYAP,,,,2016-09-29,2016-09-29
11XVY000000aN7G2AU,11WVY000000GC212AG,The Source Drop-In,Enrolled,001VY00000CGXMnYAP,,,,2016-01-09,2016-01-09
11XVY000000aN7P2AU,11WVY000000GC0P2AW,The Source Outreach,Enrolled,001VY00000CGXQfYAP,,,,2016-08-10,2016-08-10
11XVY000000aN7f2AE,11WVY000000GC212AG,The Source Drop-In,Enrolled,001VY00000CGXMbYAP,,,,2016-01-27,2016-01-27
11XVY000000aN7r2AE,11WVY000000GC0P2AW,The Source Outreach,Enrolled,001VY00000CGXRCYA5,,,,2016-10-10,2016-10-10
11XVY000000aN7s2AE,11WVY000000GC0P2AW,The Source Outreach,Enrolled,001VY00000CGXQhYAP,,,,2016-08-11,2016-08-11
11XVY000000aN7t2AE,11WVY000000GC0P2AW,The Source Outreach,Enrolled,001VY00000CGSFoYAP,,,,2016-11-28,2016-11-28
11XVY000000aN8F2AU,11WVY000000GC0P2AW,The Source Outreach,Enrolled,001VY00000CGSAbYAP,,,,2016-09-27,2016-09-27
11XVY000000aN8G2AU,11WVY000000GC0P2AW,The Source Outreach,Enrolled,001VY00000CGRLKYA5,,,,2016-05-25,2016-05-25
11XVY000000aN8K2AU,11WVY000000GC0P2AW,The Source Outreach,Enrolled,001VY00000CGXRRYA5,,,,2016-12-12,2016-12-12
11XVY000000aN8W2AU,11WVY000000GC0P2AW,The Source Outreach,Enrolled,001VY00000CGXQiYAP,,,,2016-08-11,2016-08-11
11XVY000000aN8d2AE,11WVY000000GC0P2AW,The Source Outreach,Enrolled,001VY00000CGXQWYA5,,,,2016-07-13,2016-07-13
11XVY000000aN8e2AE,11WVY000000GC0P2AW,The Source Outreach,Enrolled,001VY00000CGSAqYAP,,,,2016-10-07,2016-10-07
11XVY000000aN8j2AE,11WVY000000GC0P2AW,The Source Outreach,Enrolled,001VY00000CGXQwYAP,,,,2016-08-31,2016-08-31
11XVY000000aN8o2AE,11WVY000000GC212AG,The Source Drop-In,Enrolled,001VY00000CGXNBYA5,,,,2016-05-16,2016-05-16
11XVY000000aN8p2AE,11WVY000000GC0P2AW,The Source Outreach,Enrolled,001VY00000CGXQBYA5,,,,2016-06-21,2016-06-21
11XVY000000aN8z2AE,11WVY000000GC0P2AW,The Source Outreach,Enrolled,001VY00000CGXQkYAP,,,,2016-09-17,2016-09-17
11XVY000000aN902AE,11WVY000000GC0P2AW,The Source Outreach,Enrolled,001VY00000CGS9DYAX,,,,2016-08-15,2016-08-15
11XVY000000aN912AE,11WVY000000GC0P2AW,The Source Outreach,Enrolled,001VY00000CGXQaYAP,,,,2016-08-03,2016-08-03
11XVY000000aN922AE,11WVY000000GC0P2AW,The Source Outreach,Enrolled,001VY00000CGSFVYA5,,,,2016-11-09,2016-11-09
11XVY000000aN942AE,11WVY000000GC0P2AW,The Source Outreach,Enrolled,001VY00000CGXQmYAP,,,,2016-08-17,2016-08-17
11XVY000000aN9B2AU,11WVY000000GC0P2AW,The Source Outreach,Enrolled,001VY00000CGXQ5YAP,,,,2016-06-06,2016-06-06
11XVY000000aN9C2AU,11WVY000000GC0P2AW,The Source Outreach,Enrolled,001VY00000CGXQ1YAP,,,,2016-06-01,2016-06-01
11XVY000000aN9D2AU,11WVY000000GC0P2AW,The Source Outreach,Enrolled,001VY00000CGXQcYAP,,,,2016-08-05,2016-08-05
11XVY000000aN9I2AU,11WVY000000GC0P2AW,The Source Outreach,Enrolled,001VY00000CGXQoYAP,,,,2016-08-23,2016-08-23
11XVY000000aN9z2AE,11WVY000000GC212AG,The Source Drop-In,Enrolled,001VY00000CGSA4YAP,,,,2016-09-06,2016-09-06
11XVY000000aNA02AM,11WVY000000GC0P2AW,The Source Outreach,Enrolled,001VY00000CGXR5YAP,,,,2016-09-15,2016-09-15
11XVY000000aNAC2A2,11WVY000000GC0P2AW,The Source Outreach,Enrolled,001VY00000CGXQ6YAP,,,,2016-06-07,2016-06-07
11XVY000000aNAI2A2,11WVY000000GC0P2AW,The Source Outreach,Enrolled,001VY00000CGXR7YAP,,,,2016-09-20,2016-09-20
11XVY000000aNAJ2A2,11WVY000000GC0P2AW,The Source Outreach,Enrolled,001VY00000CGRL3YAP,,,,2016-05-17,2016-05-17
11XVY000000aNAK2A2,11WVY000000GC0P2AW,The Source Outreach,Enrolled,001VY00000CGXQgYAP,,,,2016-08-09,2016-08-09
11XVY000000aNAM2A2,11WVY000000GC0P2AW,The Source Outreach,Enrolled,001VY00000CGXQ9YAP,,,,2015-11-25,2015-11-25
11XVY000000aNAO2A2,11WVY000000GC0P2AW,The Source Outreach,Enrolled,001VY00000CGXR4YAP,,,,2016-09-15,2016-09-15
11XVY000000aNAi2AM,11WVY000000GC0P2AW,The Source Outreach,Enrolled,001VY00000CGXRPYA5,,,,2016-10-19,2016-10-19
11XVY000000aNAj2AM,11WVY000000GC0P2AW,The Source Outreach,Enrolled,001VY00000CGSB0YAP,,,,2016-10-19,2016-10-19
11XVY000000aNAn2AM,11WVY000000GC0P2AW,The Source Outreach,Enrolled,001VY00000CGS8jYAH,,,,2016-08-01,2016-08-01
11XVY000000aNAo2AM,11WVY000000GC0P2AW,The Source Outreach,Enrolled,001VY00000CGXQxYAP,,,,2016-09-02,2016-09-02
11XVY000000aNAs2AM,11WVY000000GC0P2AW,The Source Outreach,Enrolled,001VY00000CGXRBYA5,,,,2016-09-26,2016-09-26
11XVY000000aNAw2AM,11WVY000000GC0P2AW,The Source Outreach,Enrolled,001VY00000CGXQtYAP,,,,2016-08-29,2016-08-29
11XVY000000aNB22AM,11WVY000000GC0P2AW,The Source Outreach,Enrolled,001VY00000CGXQXYA5,,,,2016-07-22,2016-07-22
11XVY000000aNB42AM,11WVY000000GC0P2AW,The Source Outreach,Enrolled,001VY00000CGXPzYAP,,,,2016-05-31,2016-05-31
11XVY000000aNBY2A2,11WVY000000GC0P2AW,The Source Outreach,Enrolled,001VY00000CGSF7YAP,,,,2016-10-24,2016-10-24
11XVY000000aNBc2AM,11WVY000000GC0P2AW,The Source Outreach,Enrolled,001VY00000CGXQ8YAP,,,,2016-06-15,2016-06-15
11XVY000000aNBk2AM,11WVY000000GC212AG,The Source Drop-In,Enrolled,001VY00000CGXMpYAP,,,,2016-01-11,2016-01-11
11XVY000000aNBm2AM,11WVY000000GC0P2AW,The Source Outreach,Enrolled,001VY00000CGXRAYA5,,,,2016-09-20,2016-09-20
11XVY000000aNBs2AM,11WVY000000GC0P2AW,The Source Outreach,Enrolled,001VY00000CGSFJYA5,,,,2016-11-03,2016-11-03
11XVY000000aNBt2AM,11WVY000000GC212AG,The Source Drop-In,Enrolled,001VY00000CGXPvYAP,,,,2016-06-03,2016-06-03
11XVY000000aNC02AM,11WVY000000GC0P2AW,The Source Outreach,Enrolled,001VY00000CGXQrYAP,,,,2016-08-26,2016-08-26
11XVY000000aNC12AM,11WVY000000GC0P2AW,The Source Outreach,Enrolled,001VY00000CGXQSYA5,,,,2016-07-06,2016-07-06
11XVY000000aNC22AM,11WVY000000GC0P2AW,The Source Outreach,Enrolled,001VY00000CGSFdYAP,,,,2016-11-15,2016-11-15
11XVY000000aNC62AM,11WVY000000GC0P2AW,The Source Outreach,Enrolled,001VY00000CGXRVYA5,,,,2017-01-19,2017-01-19
11XVY000000aNCC2A2,11WVY000000GC212AG,The Source Drop-In,Enrolled,001VY00000CGXNgYAP,,,,2016-05-02,2016-05-02
11XVY000000aNCN2A2,11WVY000000GC0P2AW,The Source Outreach,Enrolled,001VY00000CGXRcYAP,,,,2017-02-13,2017-02-13
11XVY000000aNCP2A2,11WVY000000GC0P2AW,The Source Outreach,Enrolled,001VY00000CGXRbYAP,,,,2017-01-30,2017-01-30
11XVY000000aNCV2A2,11WVY000000GC0P2AW,The Source Outreach,Enrolled,001VY00000CGXQpYAP,,,,2016-08-23,2016-08-23
11XVY000000aNCW2A2,11WVY000000GC0P2AW,The Source Outreach,Enrolled,001VY00000CGXQbYAP,,,,2016-08-03,2016-08-03
11XVY000000aNCa2AM,11WVY000000GC0P2AW,The Source Outreach,Enrolled,001VY00000CGXRjYAP,,,,2017-03-24,2017-03-24
11XVY000000aNCu2AM,11WVY000000GC212AG,The Source Drop-In,Enrolled,001VY00000CGSLbYAP,,,,2017-06-15,2017-06-15
11XVY000000aNCv2AM,11WVY000000GC212AG,The Source Drop-In,Enrolled,001VY00000CGSLcYAP,,,,2017-06-15,2017-06-15
11XVY000000aNDQ2A2,11WVY000000GC212AG,The Source Drop-In,Enrolled,001VY00000CGSRRYA5,,,,2017-09-06,2017-09-06
11XVY000000aNDT2A2,11WVY000000GC212AG,The Source Drop-In,Enrolled,001VY00000CGSRUYA5,,,,2017-09-10,2017-09-10
11XVY000000aNDW2A2,11WVY000000GC212AG,The Source Drop-In,Enrolled,001VY00000CGXSvYAP,,,,2017-07-04,2017-07-04
11XVY000000aNFs2AM,11WVY000000GC212AG,The Source Drop-In,Enrolled,001VY00000CGSMOYA5,,,,2017-08-05,2017-08-05
11XVY000000aNGC2A2,11WVY000000GC212AG,The Source Drop-In,Enrolled,001VY00000CGSMOYA5,,,,2018-03-22,2018-03-22
11XVY000000aNGg2AM,11WVY000000GC212AG,The Source Drop-In,Enrolled,001VY00000CGSRhYAP,,,,2017-10-01,2017-10-01
11XVY000000aNHE2A2,11WVY000000GC212AG,The Source Drop-In,Enrolled,001VY00000CGSS4YAP,,,,2017-12-02,2017-12-02
11XVY000000aNHe2AM,11WVY000000GC212AG,The Source Drop-In,Enrolled,001VY00000CGSRuYAP,,,,2018-01-02,2018-01-02
11XVY000000aNHf2AM,11WVY000000GC212AG,The Source Drop-In,Enrolled,001VY00000CGSFpYAP,,,,2018-01-02,2018-01-02
11XVY000000aNHn2AM,11WVY000000GC212AG,The Source Drop-In,Enrolled,001VY00000CGSS6YAP,,,,2018-01-02,2018-01-02
11XVY000000aNHz2AM,11WVY000000GC212AG,The Source Drop-In,Enrolled,001VY00000CGSF8YAP,,,,2018-01-10,2018-01-10
11XVY000000aNI92AM,11WVY000000GC212AG,The Source Drop-In,Enrolled,001VY00000CGSSPYA5,,,,2018-01-31,2018-01-31
11XVY000000aNIe2AM,11WVY000000GC212AG,The Source Drop-In,Enrolled,001VY00000CGSa3YAH,,,,2018-04-13,2018-04-13
11XVY000000aNJK2A2,11WVY000000GC212AG,The Source Drop-In,Enrolled,001VY00000CGSaZYAX,,,,2018-06-10,2018-06-10
11XVY000000aNJn2AM,11WVY000000GC212AG,The Source Drop-In,Enrolled,001VY00000CGSaxYAH,,,,2018-07-06,2018-07-06
11XVY000000aNK52AM,11WVY000000GC212AG,The Source Drop-In,Enrolled,001VY00000CGSb8YAH,,,,2018-07-16,2018-07-16
11XVY000000aNK62AM,11WVY000000GC212AG,The Source Drop-In,Enrolled,001VY00000CGSb9YAH,,,,2018-07-16,2018-07-16
11XVY000000aNKt2AM,11WVY000000GC212AG,The Source Drop-In,Enrolled,001VY00000CGQ9GYAX,,,,2019-03-03,2019-03-03
11XVY000000aNKu2AM,11WVY000000GC212AG,The Source Drop-In,Enrolled,001VY00000CGSc2YAH,,,,2019-03-05,2019-03-05
11XVY000000aNLD2A2,11WVY000000GC212AG,The Source Drop-In,Enrolled,001VY00000CGSbXYAX,,,,2018-08-26,2018-08-26
11XVY000000aNLM2A2,11WVY000000GC212AG,The Source Drop-In,Enrolled,001VY00000CGSbfYAH,,,,2018-09-03,2018-09-03
11XVY000000aNLQ2A2,11WVY000000GC212AG,The Source Drop-In,Enrolled,001VY00000CGSbiYAH,,,,2018-09-07,2018-09-07
11XVY000000aNLX2A2,11WVY000000GC212AG,The Source Drop-In,Enrolled,001VY00000CGSboYAH,,,,2018-09-14,2018-09-14
11XVY000000aNLY2A2,11WVY000000GC212AG,The Source Drop-In,Enrolled,001VY00000CGSbpYAH,,,,2018-09-15,2018-09-15
11XVY000000aNLh2AM,11WVY000000GC212AG,The Source Drop-In,Enrolled,001VY00000CGSbyYAH,,,,2018-09-25,2018-09-25
11XVY000000aNLi2AM,11WVY000000GC212AG,The Source Drop-In,Enrolled,001VY00000CGSbzYAH,,,,2018-09-25,2018-09-25
11XVY000000aNLm2AM,11WVY000000GC212AG,The Source Drop-In,Enrolled,001VY00000CGXTRYA5,,,,2018-09-29,2018-09-29
11XVY000000aNLn2AM,11WVY000000GC212AG,The Source Drop-In,Enrolled,001VY00000CGSc3YAH,,,,2018-10-01,2018-10-01
11XVY000000aNM32AM,11WVY000000GC212AG,The Source Drop-In,Enrolled,001VY00000CGWoUYAX,,,,2018-10-15,2018-10-15
11XVY000000aNM52AM,11WVY000000GC212AG,The Source Drop-In,Enrolled,001VY00000CGWoWYAX,,,,2018-10-15,2018-10-15
11XVY000000aNM62AM,11WVY000000GC212AG,The Source Drop-In,Enrolled,001VY00000CGScEYAX,,,,2018-10-19,2018-10-19
11XVY000000aNMk2AM,11WVY000000GC212AG,The Source Drop-In,Enrolled,001VY00000CGSbtYAH,,,,2019-01-01,2019-01-01
11XVY000000aNMt2AM,11WVY000000GC212AG,The Source Drop-In,Enrolled,001VY00000CGSSqYAP,,,,2019-01-05,2019-01-05
11XVY000000aNMu2AM,11WVY000000GC212AG,The Source Drop-In,Enrolled,001VY00000CGSbVYAX,,,,2019-01-04,2019-01-04
11XVY000000aNMy2AM,11WVY000000GC212AG,The Source Drop-In,Enrolled,001VY00000CGXUmYAP,,,,2019-01-08,2019-01-08
11XVY000000aNNE2A2,11WVY000000GC212AG,The Source Drop-In,Enrolled,001VY00000CGSakYAH,,,,2019-01-16,2019-01-16
11XVY000000aNNG2A2,11WVY000000GC212AG,The Source Drop-In,Enrolled,001VY00000CGRmzYAH,,,,2022-01-25,2022-01-25
11XVY000000aNNT2A2,11WVY000000GC212AG,The Source Drop-In,Enrolled,001VY00000CGWozYAH,,,,2022-02-19,2022-02-19
11XVY000000aNNc2AM,11WVY000000GC212AG,The Source Drop-In,Enrolled,001VY00000CGWp6YAH,,,,2022-03-08,2022-03-08
11XVY000000aNNi2AM,11WVY000000GC0P2AW,The Source Outreach,Enrolled,001VY00000CGWpDYAX,,,,2022-02-03,2022-02-03
11XVY000000aNNk2AM,11WVY000000GC0P2AW,The Source Outreach,Enrolled,001VY00000CGWpGYAX,,,,2021-11-30,2021-11-30
11XVY000000aNNu2AM,11WVY000000GC0P2AW,The Source Outreach,Enrolled,001VY00000CGWpSYAX,,,,2022-01-05,2022-01-05
11XVY000000aNNv2AM,11WVY000000GC0P2AW,The Source Outreach,Enrolled,001VY00000CGWpTYAX,,,,2022-01-05,2022-01-05
11XVY000000aNNz2AM,11WVY000000GC0P2AW,The Source Outreach,Enrolled,001VY00000CGWpXYAX,,,,2022-01-31,2022-01-31
11XVY000000aNO32AM,11WVY000000GC0P2AW,The Source Outreach,Enrolled,001VY00000CGWpcYAH,,,,2021-11-29,2021-11-29
11XVY000000aNO52AM,11WVY000000GC0P2AW,The Source Outreach,Enrolled,001VY00000CGXWnYAP,,,,2021-11-11,2021-11-11
11XVY000000aNO62AM,11WVY000000GC0P2AW,The Source Outreach,Enrolled,001VY00000CGWpgYAH,,,,2021-11-11,2021-11-11
11XVY000000aNO72AM,11WVY000000GC0P2AW,The Source Outreach,Enrolled,001VY00000CGWpiYAH,,,,2021-12-06,2021-12-06
11XVY000000aNOA2A2,11WVY000000GC0P2AW,The Source Outreach,Enrolled,001VY00000CGWpoYAH,,,,2021-12-16,2021-12-16
11XVY000000aNOC2A2,11WVY000000GC0P2AW,The Source Outreach,Enrolled,001VY00000CGXVnYAP,,,,2021-12-27,2021-12-27
11XVY000000aNOD2A2,11WVY000000GC0P2AW,The Source Outreach,Enrolled,001VY00000CGXVpYAP,,,,2021-12-03,2021-12-03
11XVY000000aNOE2A2,11WVY000000GC0P2AW,The Source Outreach,Enrolled,001VY00000CGXVqYAP,,,,2021-12-03,2021-12-03
11XVY000000aNOJ2A2,11WVY000000GC0P2AW,The Source Outreach,Enrolled,001VY00000CGXVzYAP,,,,2021-12-03,2021-12-03
11XVY000000aNOK2A2,11WVY000000GC0P2AW,The Source Outreach,Enrolled,001VY00000CGXW0YAP,,,,2022-02-01,2022-02-01
11XVY000000aNOL2A2,11WVY000000GC0P2AW,The Source Outreach,Enrolled,001VY00000CGXW1YAP,,,,2022-01-19,2022-01-19
11XVY000000aNOM2A2,11WVY000000GC0P2AW,The Source Outreach,Enrolled,001VY00000CGXW2YAP,,,,2022-01-19,2022-01-19
11XVY000000aNON2A2,11WVY000000GC0P2AW,The Source Outreach,Enrolled,001VY00000CGXW3YAP,,,,2021-12-02,2021-12-02
11XVY000000aNOO2A2,11WVY000000GC0P2AW,The Source Outreach,Enrolled,001VY00000CGXW5YAP,,,,2021-11-23,2021-11-23
11XVY000000aNOT2A2,11WVY000000GC0P2AW,The Source Outreach,Enrolled,001VY00000CGXWEYA5,,,,2022-02-04,2022-02-04
11XVY000000aNOV2A2,11WVY000000GC0P2AW,The Source Outreach,Enrolled,001VY00000CGXWGYA5,,,,2021-12-03,2021-12-03
11XVY000000aNOW2A2,11WVY000000GC0P2AW,The Source Outreach,Enrolled,001VY00000CGXWHYA5,,,,2021-12-02,2021-12-02
11XVY000000aNOX2A2,11WVY000000GC0P2AW,The Source Outreach,Enrolled,001VY00000CGXWIYA5,,,,2021-12-10,2021-12-10
11XVY000000aNOc2AM,11WVY000000GC0P2AW,The Source Outreach,Enrolled,001VY00000CGXWQYA5,,,,2022-01-26,2022-01-26
11XVY000000aNOd2AM,11WVY000000GC0P2AW,The Source Outreach,Enrolled,001VY00000CGXWRYA5,,,,2021-11-29,2021-11-29
11XVY000000aNOe2AM,11WVY000000GC0P2AW,The Source Outreach,Enrolled,001VY00000CGXWTYA5,,,,2021-12-06,2021-12-06
11XVY000000aNOh2AM,11WVY000000GC0P2AW,The Source Outreach,Enrolled,001VY00000CGXWWYA5,,,,2021-09-09,2021-09-09
11XVY000000aNOi2AM,11WVY000000GC0P2AW,The Source Outreach,Enrolled,001VY00000CGXWXYA5,,,,2022-01-03,2022-01-03
11XVY000000aNOj2AM,11WVY000000GC0P2AW,The Source Outreach,Enrolled,001VY00000CGXWYYA5,,,,2021-12-29,2021-12-29
11XVY000000aNOk2AM,11WVY000000GC0P2AW,The Source Outreach,Enrolled,001VY00000CGXWbYAP,,,,2022-01-07,2022-01-07
11XVY000000aNOl2AM,11WVY000000GC0P2AW,The Source Outreach,Enrolled,001VY00000CGXWcYAP,,,,2021-12-27,2021-12-27
11XVY000000aNOm2AM,11WVY000000GC0P2AW,The Source Outreach,Enrolled,001VY00000CGXWdYAP,,,,2021-11-21,2021-11-21
11XVY000000aNOp2AM,11WVY000000GC0P2AW,The Source Outreach,Enrolled,001VY00000CGXWgYAP,,,,2021-12-27,2021-12-27
11XVY000000aNOq2AM,11WVY000000GC0P2AW,The Source Outreach,Enrolled,001VY00000CGXWhYAP,,,,2021-11-21,2021-11-21
11XVY000000aNOr2AM,11WVY000000GC0P2AW,The Source Outreach,Enrolled,001VY00000CGXWiYAP,,,,2021-11-19,2021-11-19
11XVY000000aNOu2AM,11WVY000000GC0P2AW,The Source Outreach,Enrolled,001VY00000CGXWlYAP,,,,2021-12-03,2021-12-03
11XVY000000aNP62AM,11WVY000000GC0P2AW,The Source Outreach,Enrolled,001VY00000CGXWJYA5,,,,2021-12-23,2021-12-23
11XVY000000aNPA2A2,11WVY000000GC0P2AW,The Source Outreach,Enrolled,001VY00000CGWphYAH,,,,2021-12-28,2021-12-28
11XVY000000aNPF2A2,11WVY000000GC0P2AW,The Source Outreach,Enrolled,001VY00000CGXW6YAP,,,,2022-01-31,2022-01-31
11XVY000000aNPJ2A2,11WVY000000GC0P2AW,The Source Outreach,Enrolled,001VY00000CGXWSYA5,,,,2021-12-16,2021-12-16
11XVY000000aNPK2A2,11WVY000000GC0P2AW,The Source Outreach,Enrolled,001VY00000CGXWZYA5,,,,2021-12-13,2021-12-13
11XVY000000aNPL2A2,11WVY000000GC0P2AW,The Source Outreach,Enrolled,001VY00000CGXWaYAP,,,,2021-12-14,2021-12-14
11XVY000000aNPP2A2,11WVY000000GC212AG,The Source Drop-In,Enrolled,001VY00000CGRc8YAH,,,,2022-03-15,2022-03-15
11XVY000000aNWO2A2,11WVY000000GC212AG,The Source Drop-In,Enrolled,001VY00000CGXc8YAH,,,,2023-02-28,2023-02-28
11XVY000000aNWV2A2,11WVY000000GC212AG,The Source Drop-In,Enrolled,001VY00000CGXcBYAX,,,,2023-03-12,2023-03-12
11XVY000000aNWe2AM,11WVY000000GC212AG,The Source Drop-In,Enrolled,001VY00000CGXcDYAX,,,,2023-03-28,2023-03-28
11XVY000000aNWg2AM,11WVY000000GC212AG,The Source Drop-In,Enrolled,001VY00000CGXcGYAX,,,,2023-03-29,2023-03-29
11XVY000000aNWi2AM,11WVY000000GC212AG,The Source Drop-In,Enrolled,001VY00000CGXcHYAX,,,,2023-04-03,2023-04-03
11XVY000000aNWu2AM,11WVY000000GC212AG,The Source Drop-In,Enrolled,001VY00000CGXbTYAX,,,,2022-10-25,2022-10-25
11XVY000000aNX72AM,11WVY000000GC212AG,The Source Drop-In,Enrolled,001VY00000CGXbaYAH,,,,2022-11-06,2022-11-06
11XVY000000aNXB2A2,11WVY000000GC212AG,The Source Drop-In,Enrolled,001VY00000CGXbjYAH,,,,2022-11-09,2022-11-09
11XVY000000aNXC2A2,11WVY000000GC212AG,The Source Drop-In,Enrolled,001VY00000CGXbdYAH,,,,2022-11-10,2022-11-10
11XVY000000aNXK2A2,11WVY000000GC212AG,The Source Drop-In,Enrolled,001VY00000CGXblYAH,,,,2022-11-17,2022-11-17
11XVY000000aNXd2AM,11WVY000000GC212AG,The Source Drop-In,Enrolled,001VY00000CGXbxYAH,,,,2023-01-17,2023-01-17
11XVY000000aNXe2AM,11WVY000000GC212AG,The Source Drop-In,Enrolled,001VY00000CGQ5gYAH,,,,2023-01-17,2023-01-17
11XVY000000aNXf2AM,11WVY000000GC212AG,The Source Drop-In,Enrolled,001VY00000CGQ5hYAH,,,,2023-01-17,2023-01-17
11XVY000000aNXv2AM,11WVY000000GC212AG,The Source Drop-In,Enrolled,001VY00000CGRoOYAX,,,,2023-02-07,2023-02-07
11XVY000000aNXw2AM,11WVY000000GC212AG,The Source Drop-In,Enrolled,001VY00000CGQ5jYAH,,,,2023-02-07,2023-02-07
11XVY000000aNY62AM,11WVY000000GC212AG,The Source Drop-In,Enrolled,001VY00000CGMfTYAX,,,,2022-05-01,2022-05-01
11XVY000000aNY92AM,11WVY000000GC212AG,The Source Drop-In,Enrolled,001VY00000CGRn8YAH,,,,2022-05-07,2022-05-07
11XVY000000aNYP2A2,11WVY000000GC212AG,The Source Drop-In,Enrolled,001VY00000CGXacYAH,,,,2022-05-12,2022-05-12
11XVY000000aNYt2AM,11WVY000000GC212AG,The Source Drop-In,Enrolled,001VY00000CGXamYAH,,,,2022-07-07,2022-07-07
11XVY000000aNYv2AM,11WVY000000GC212AG,The Source Drop-In,Enrolled,001VY00000CGIY9YAP,,,,2022-07-12,2022-07-12
11XVY000000aNZ12AM,11WVY000000GC212AG,The Source Drop-In,Enrolled,001VY00000CGXarYAH,,,,2022-07-19,2022-07-19
11XVY000000aNZ22AM,11WVY000000GC212AG,The Source Drop-In,Enrolled,001VY00000CGXatYAH,,,,2022-07-19,2022-07-19
11XVY000000aNff2AE,11WVY000000GC212AG,The Source Drop-In,Enrolled,001VY00000CGQ8jYAH,,,,2022-08-08,2022-08-08
11XVY000000aNfj2AE,11WVY000000GC212AG,The Source Drop-In,Enrolled,001VY00000CGSbVYAX,,,,2022-08-14,2022-08-14
11XVY000000aNfn2AE,11WVY000000GC212AG,The Source Drop-In,Enrolled,001VY00000CGRoVYAX,,,,2022-08-21,2022-08-21
11XVY000000aNfv2AE,11WVY000000GC212AG,The Source Drop-In,Enrolled,001VY00000CGXb8YAH,,,,2022-08-29,2022-08-29
11XVY000000aNg52AE,11WVY000000GC212AG,The Source Drop-In,Enrolled,001VY00000CGXbCYAX,,,,2022-09-17,2022-09-17
11XVY000000aNgJ2AU,11WVY000000GC212AG,The Source Drop-In,Enrolled,001VY00000CGXcNYAX,,,,2023-06-19,2023-06-19
11XVY000000aNgO2AU,11WVY000000GC212AG,The Source Drop-In,Enrolled,001VY00000CGFXfYAP,,,,2023-04-14,2023-04-14
11XVY000000aNgV2AU,11WVY000000GC212AG,The Source Drop-In,Enrolled,001VY00000CGXcOYAX,,,,2023-04-24,2023-04-24
11XVY000000aNgb2AE,11WVY000000GC212AG,The Source Drop-In,Enrolled,001VY00000CGXcRYAX,,,,2023-05-12,2023-05-12
11XVY000000aNgf2AE,11WVY000000GC212AG,The Source Drop-In,Enrolled,001VY00000CGQ5yYAH,,,,2023-05-25,2023-05-25
11XVY000000aNgq2AE,11WVY000000GC212AG,The Source Drop-In,Enrolled,001VY00000CGXciYAH,,,,2023-06-14,2023-06-14
11XVY000000aNgr2AE,11WVY000000GC212AG,The Source Drop-In,Enrolled,001VY00000CGSoGYAX,,,,2023-06-16,2023-06-16
11XVY000000aNh42AE,11WVY000000GC212AG,The Source Drop-In,Enrolled,001VY00000CGXckYAH,,,,2023-07-11,2023-07-11
11XVY000000aNh92AE,11WVY000000GC212AG,The Source Drop-In,Enrolled,001VY00000CGXbZYAX,,,,2023-07-14,2023-07-14
11XVY000000aNhD2AU,11WVY000000GC212AG,The Source Drop-In,Enrolled,001VY00000CGXcpYAH,,,,2023-07-24,2023-07-24
11XVY000000aNhE2AU,11WVY000000GC212AG,The Source Drop-In,Enrolled,001VY00000CGRncYAH,,,,2023-07-25,2023-07-25
11XVY000000aNhH2AU,11WVY000000GC212AG,The Source Drop-In,Enrolled,001VY00000CGXcqYAH,,,,2023-07-26,2023-07-26
11XVY000000aNhR2AU,11WVY000000GC212AG,The Source Drop-In,Enrolled,001VY00000CGXcvYAH,,,,2023-08-22,2023-08-22
11XVY000000aNhS2AU,11WVY000000GC212AG,The Source Drop-In,Enrolled,001VY00000CGRnJYAX,,,,2023-08-24,2023-08-24
11XVY000000aNhT2AU,11WVY000000GC212AG,The Source Drop-In,Enrolled,001VY00000CGXcwYAH,,,,2023-08-25,2023-08-25
11XVY000000aNhe2AE,11WVY000000GC212AG,The Source Drop-In,Enrolled,001VY00000CGRohYAH,,,,2023-09-11,2023-09-11
11XVY000000aNhg2AE,11WVY000000GC212AG,The Source Drop-In,Enrolled,001VY00000CGXd2YAH,,,,2023-09-12,2023-09-12
11XVY000000aNhj2AE,11WVY000000GC212AG,The Source Drop-In,Enrolled,001VY00000CGQ5JYAX,,,,2023-09-15,2023-09-15
11XVY000000aNhk2AE,11WVY000000GC212AG,The Source Drop-In,Enrolled,001VY00000CGXcyYAH,,,,2023-09-19,2023-09-19
11XVY000000aNig2AE,11WVY000000GC212AG,The Source Drop-In,Enrolled,001VY00000CGSolYAH,,,,2024-01-30,2024-01-30
11XVY000000aNim2AE,11WVY000000GC212AG,The Source Drop-In,Enrolled,001VY00000CGSooYAH,,,,2024-02-04,2024-02-04
11XVY000000aNn02AE,11WVY000000GC212AG,The Source Drop-In,Enrolled,001VY00000CGSokYAH,,,,2024-01-27,2024-01-27
11XVY000000aNn12AE,11WVY000000GC212AG,The Source Drop-In,Enrolled,001VY00000CGSojYAH,,,,2024-01-27,2024-01-27
11XVY000000aNn92AE,11WVY000000GC212AG,The Source Drop-In,Enrolled,001VY00000CGSoxYAH,,,,2024-02-23,2024-02-23
11XVY000000aNnB2AU,11WVY000000GC212AG,The Source Drop-In,Enrolled,001VY00000CGXawYAH,,,,2024-02-26,2024-02-26
11XVY000000aNnE2AU,11WVY000000GC212AG,The Source Drop-In,Enrolled,001VY00000CGXdNYAX,,,,2024-03-06,2024-03-06
11XVY000000aNnG2AU,11WVY000000GC212AG,The Source Drop-In,Enrolled,001VY00000CGSoOYAX,,,,2023-09-21,2023-09-21
11XVY000000aNnJ2AU,11WVY000000GC212AG,The Source Drop-In,Enrolled,001VY00000CGSoWYAX,,,,2024-03-15,2024-03-15
11XVY000000aNnK2AU,11WVY000000GC212AG,The Source Drop-In,Enrolled,001VY00000CGSp2YAH,,,,2024-03-18,2024-03-18
11XVY000000aNnL2AU,11WVY000000GC212AG,The Source Drop-In,Enrolled,001VY00000CGQ5qYAH,,,,2024-03-18,2024-03-18
11XVY000000aNnR2AU,11WVY000000GC212AG,The Source Drop-In,Enrolled,001VY00000CGSp5YAH,,,,2024-03-28,2024-03-28
11XVY000000aNnX2AU,11WVY000000GC212AG,The Source Drop-In,Enrolled,001VY00000CGSpBYAX,,,,2024-04-13,2024-04-13
11XVY000000aNnn2AE,11WVY000000GC212AG,The Source Drop-In,Enrolled,001VY00000CGRbYYAX,,,,2024-05-13,2024-05-13
11XVY000000aNno2AE,11WVY000000GC212AG,The Source Drop-In,Enrolled,001VY00000CGXcBYAX,,,,2024-05-15,2024-05-15
11XVY000000aNnp2AE,11WVY000000GC212AG,The Source Drop-In,Enrolled,001VY00000CGWpAYAX,,,,2024-05-16,2024-05-16
11XVY000000aNo42AE,11WVY000000GC212AG,The Source Drop-In,Enrolled,001VY00000CGXcCYAX,,,,2024-05-30,2024-05-30
11XVY000000aNo92AE,11WVY000000GC212AG,The Source Drop-In,Enrolled,001VY00000CGSpfYAH,,,,2024-06-08,2024-06-08
11XVY000000aNoF2AU,11WVY000000GC212AG,The Source Drop-In,Enrolled,001VY00000CGIY9YAP,,,,2024-06-23,2024-06-23
11XVY000000aNoO2AU,11WVY000000GC212AG,The Source Drop-In,Enrolled,001VY00000CGRoeYAH,,,,2023-02-24,2023-02-24
11XVY000000aNoQ2AU,11WVY000000GC212AG,The Source Drop-In,Enrolled,001VY00000CGSrzYAH,,,,2023-01-12,2023-01-12
11XVY000000aNod2AE,11WVY000000GC212AG,The Source Drop-In,Enrolled,001VY00000CGSsMYAX,,,,2024-07-30,2024-07-30
11XVY000000aNoi2AE,11WVY000000GC212AG,The Source Drop-In,Enrolled,001VY00000CGSsPYAX,,,,2024-07-31,2024-07-31
11XVY000000aNok2AE,11WVY000000GC212AG,The Source Drop-In,Enrolled,001VY00000CGSsYYAX,,,,2024-08-13,2024-08-13
11XVY000000aVlF2AU,11WVY000000GC212AG,The Source Drop-In,Enrolled,001VY00000CRoJaYAL,,,,2024-09-20,2024-09-20
11XVY000000aWqz2AE,11WVY000000GC212AG,The Source Drop-In,Enrolled,001VY00000CGXapYAH,,,,2024-03-17,2024-09-24
11XVY000000aWvp2AE,11WVY000000GC212AG,The Source Drop-In,Enrolled,001VY00000CGXWrYAP,,,,2024-01-06,2025-12-27
11XVY000000aX0f2AE,11WVY000000GC212AG,The Source Drop-In,Enrolled,001VY00000CGSpPYAX,,,,2024-05-20,2024-09-24
11XVY000000aX2H2AU,11WVY000000GC212AG,The Source Drop-In,Enrolled,001VY00000CGSs9YAH,,,,2024-07-17,2024-09-24
11XVY000000aX3t2AE,11WVY000000GC212AG,The Source Drop-In,Enrolled,001VY00000CGSsHYAX,,,,2024-07-25,2024-09-24
11XVY000000aX5V2AU,11WVY000000GC212AG,The Source Drop-In,Enrolled,001VY00000CGSpyYAH,,,,2024-08-06,2024-09-24
11XVY000000aZfB2AU,11WVY000000GC212AG,The Source Drop-In,Enrolled,001VY00000CGSp4YAH,,,,2024-09-24,2024-09-24
11XVY000000aZld2AE,11WVY000000GC212AG,The Source Drop-In,Enrolled,001VY00000CGSofYAH,,,,2024-01-16,2024-09-24
11XVY000000aZvJ2AU,11WVY000000GC212AG,The Source Drop-In,Enrolled,001VY00000CGXcjYAH,,,,2024-09-18,2024-09-24
11XVY000000acnj2AA,11WVY000000GC212AG,The Source Drop-In,Enrolled,001VY00000CGRcKYAX,,,,2019-08-17,2019-08-17
11XVY000000acnk2AA,11WVY000000GC212AG,The Source Drop-In,Enrolled,001VY00000CGRbuYAH,,,,2019-08-23,2019-08-23
11XVY000000acnz2AA,11WVY000000GC212AG,The Source Drop-In,Enrolled,001VY00000CGRcvYAH,,,,2019-11-05,2019-11-05
11XVY000000acoD2AQ,11WVY000000GC212AG,The Source Drop-In,Enrolled,001VY00000CGRmvYAH,,,,2020-01-29,2020-01-29
11XVY000000acoN2AQ,11WVY000000GC212AG,The Source Drop-In,Enrolled,001VY00000CGRoBYAX,,,,2021-02-20,2021-02-20
11XVY000000acoW2AQ,11WVY000000GC212AG,The Source Drop-In,Enrolled,001VY00000CGRnlYAH,,,,2020-10-24,2020-10-24
11XVY000000acoY2AQ,11WVY000000GC212AG,The Source Drop-In,Enrolled,001VY00000CGRnnYAH,,,,2021-01-02,2021-01-01
11XVY000000acoZ2AQ,11WVY000000GC212AG,The Source Drop-In,Enrolled,001VY00000CGRnxYAH,,,,2021-01-03,2020-12-20
11XVY000000acop2AA,11WVY000000GC212AG,The Source Drop-In,Enrolled,001VY00000CGRoJYAX,,,,2021-05-04,2021-05-04
11XVY000000acp02AA,11WVY000000GC212AG,The Source Drop-In,Enrolled,001VY00000CGMfNYAX,,,,2021-08-06,2021-07-31
11XVY000000acpD2AQ,11WVY000000GC212AG,The Source Drop-In,Enrolled,001VY00000CGXNZYA5,,,,2016-05-05,2016-05-04
11XVY000000acpL2AQ,11WVY000000GC212AG,The Source Drop-In,Enrolled,001VY00000CGXNVYA5,,,,2016-05-24,2016-05-24
11XVY000000acrD2AQ,11WVY000000GC212AG,The Source Drop-In,Enrolled,001VY00000CGXNWYA5,,,,2016-05-24,2016-05-24
11XVY000000acs62AA,11WVY000000GC212AG,The Source Drop-In,Enrolled,001VY00000CGXM8YAP,,,,2016-02-25,2016-02-24
11XVY000000acsj2AA,11WVY000000GC212AG,The Source Drop-In,Enrolled,001VY00000CGRxlYAH,,,,2016-01-07,2016-01-07
11XVY000000acsx2AA,11WVY000000GC212AG,The Source Drop-In,Enrolled,001VY00000CGRxkYAH,,,,2016-01-31,2016-01-30
11XVY000000act42AA,11WVY000000GC212AG,The Source Drop-In,Enrolled,001VY00000CGXRCYA5,,,,2016-10-10,2016-10-10
11XVY000000actP2AQ,11WVY000000GC212AG,The Source Drop-In,Enrolled,001VY00000CGXQkYAP,,,,2016-09-17,2016-09-17
11XVY000000actR2AQ,11WVY000000GC212AG,The Source Drop-In,Enrolled,001VY00000CGXMXYA5,,,,2016-03-01,2016-02-29
11XVY000000actq2AA,11WVY000000GC212AG,The Source Drop-In,Enrolled,001VY00000CGS0HYAX,,,,2016-04-14,2016-04-08
11XVY000000actw2AA,11WVY000000GC212AG,The Source Drop-In,Enrolled,001VY00000CGXMJYA5,,,,2016-02-06,2016-02-05
11XVY000000acuG2AQ,11WVY000000GC212AG,The Source Drop-In,Enrolled,001VY00000CGS8jYAH,,,,2016-08-01,2016-08-01
11XVY000000acun2AA,11WVY000000GC212AG,The Source Drop-In,Enrolled,001VY00000CGXMIYA5,,,,2016-03-10,2016-03-10
11XVY000000acvj2AA,11WVY000000GC212AG,The Source Drop-In,Enrolled,001VY00000CGQ93YAH,,,,2019-02-05,2019-02-02
11XVY000000acvz2AA,11WVY000000GC212AG,The Source Drop-In,Enrolled,001VY00000CGQ8pYAH,,,,2019-01-01,2019-01-01
11XVY000000acwK2AQ,11WVY000000GC212AG,The Source Drop-In,Enrolled,001VY00000CGSfqYAH,,,,2022-03-19,2022-03-19
11XVY000000acx72AA,11WVY000000GC212AG,The Source Drop-In,Enrolled,001VY00000CGXalYAH,,,,2022-07-03,2022-07-03
11XVY000000acxu2AA,11WVY000000GC212AG,The Source Drop-In,Enrolled,001VY00000CGSodYAH,,,,2024-01-02,2024-01-02
11XVY000000adAv2AI,11WVY000000GC212AG,The Source Drop-In,Enrolled,001VY00000CGSsSYAX,,,,2024-08-25,2024-09-25
11XVY000000ajRd2AI,11WVY000000GC212AG,The Source Drop-In,Enrolled,001VY00000CGSp3YAH,,,,2024-03-25,2024-09-27
11XVY000000amED2AY,11WVY000000GC212AG,The Source Drop-In,Enrolled,001VY00000Ck48AYAR,,,,2024-09-30,2024-09-30
11XVY000000amHR2AY,11WVY000000GC212AG,The Source Drop-In,Enrolled,001VY00000CGSpjYAH,,,,2024-06-12,2024-10-01
11XVY000000apQb2AI,11WVY000000GC212AG,The Source Drop-In,Enrolled,001VY00000Cn2HvYAJ,,,,2024-10-01,2024-10-01
11XVY000000bEon2AE,11WVY000000GC212AG,The Source Drop-In,Enrolled,,,,,2024-10-11,2024-10-11
11XVY000000bFHp2AM,11WVY000000GC212AG,The Source Drop-In,Enrolled,001VY00000CGIYJYA5,,,,2024-01-27,2024-10-12
11XVY000000bOwD2AU,11WVY000000GC212AG,The Source Drop-In,Enrolled,001VY00000CGXbAYAX,,,,2024-05-08,2024-10-17
11XVY000000bQd32AE,11WVY000000GC212AG,The Source Drop-In,Enrolled,001VY00000DCKWeYAP,,,,2024-10-17,2024-10-17
11XVY000000bXMn2AM,11WVY000000GC212AG,The Source Drop-In,Enrolled,001VY00000CGXbmYAH,,,,2024-01-04,2024-10-22
11XVY000000bjUP2AY,11WVY000000GC212AG,The Source Drop-In,Enrolled,001VY00000DnD1WYAV,,,,2024-10-26,2024-10-26
11XVY000000bnD32AI,11WVY000000GC212AG,The Source Drop-In,Enrolled,001VY00000DvACyYAN,,,,2024-10-28,2024-10-28
11XVY000000btS92AI,11WVY000000GC212AG,The Source Drop-In,Enrolled,001VY00000E3wCIYAZ,,,,2024-10-30,2024-10-30
11XVY000000bw532AA,11WVY000000GC212AG,The Source Drop-In,Enrolled,001VY00000E6j5eYAB,,,,2024-10-31,2024-10-31
11XVY000000bw6f2AA,11WVY000000GC212AG,The Source Drop-In,Enrolled,001VY00000E4gqDYAR,,,,2024-10-31,2024-10-31
11XVY000000bw9t2AA,11WVY000000GC212AG,The Source Drop-In,Enrolled,001VY00000CGRcfYAH,,,,2024-08-24,2024-11-15
11XVY000000bylB2AQ,11WVY000000GC212AG,The Source Drop-In,Enrolled,001VY00000E9kDUYAZ,,,,2024-11-01,2024-11-02
11XVY000000cOfd2AE,11WVY000000GC212AG,The Source Drop-In,Enrolled,001VY00000EX2W4YAL,,,,2024-11-13,2024-11-13
11XVY000000cOfe2AE,11WVY000000GC212AG,The Source Drop-In,Enrolled,001VY00000Ea4ORYAZ,,,,2024-11-13,2024-11-13
11XVY000000cVlx2AE,11WVY000000GC212AG,The Source Drop-In,Enrolled,001VY00000CGXbGYAX,,,"Help getting ID, homelessness/crisis services",2024-11-15,2024-11-15
11XVY000000cX1N2AU,11WVY000000GC212AG,The Source Drop-In,Enrolled,001VY00000CGSpUYAX,,,,2024-11-18,2024-11-18
11XVY000000cZft2AE,11WVY000000GC212AG,The Source Drop-In,Enrolled,001VY00000CGSryYAH,,,,2024-11-19,2024-11-19
11XVY000000cj492AA,11WVY000000GC212AG,The Source Drop-In,Enrolled,001VY00000EzBcqYAF,,,,2024-11-22,2024-11-22
11XVY000000d7jB2AQ,11WVY000000GC212AG,The Source Drop-In,Enrolled,001VY00000FT7GpYAL,,,,2024-12-05,2024-12-05
11XVY000000dGg12AE,11WVY000000GC212AG,The Source Drop-In,Enrolled,001VY00000CGXcQYAX,,,,2024-12-10,2024-12-10
11XVY000000dK252AE,11WVY000000GC212AG,The Source Drop-In,Enrolled,001VY00000Fgy8vYAB,,,,2024-12-10,2024-12-11
11XVY000000dOth2AE,11WVY000000GC212AG,The Source Drop-In,Enrolled,001VY00000FnDmiYAF,,,,2024-12-12,2024-12-12
11XVY000000daZt2AI,11WVY000000GC212AG,The Source Drop-In,Enrolled,001VY00000FzV4jYAF,,,,2024-12-19,2024-12-19
11XVY000000ddPh2AI,11WVY000000GC212AG,The Source Drop-In,Enrolled,001VY00000G1rQzYAJ,,,,2024-12-19,2024-12-20
11XVY000000di1B2AQ,11WVY000000GC212AG,The Source Drop-In,Enrolled,001VY00000GC72vYAD,,,,2024-12-25,2024-12-25
11XVY000000dnLp2AI,11WVY000000GC212AG,The Source Drop-In,Enrolled,001VY00000GGlugYAD,,,,2024-12-27,2024-12-27
11XVY000000dtnp2AA,11WVY000000GC212AG,The Source Drop-In,Enrolled,001VY00000CGXdKYAX,,,,2025-01-01,2025-01-01
11XVY000000dwiT2AQ,11WVY000000GC212AG,The Source Drop-In,Enrolled,001VY00000ExHcgYAF,,,,2025-01-03,2025-01-03
11XVY000000ehxV2AQ,11WVY000000GC212AG,The Source Drop-In,Enrolled,001VY00000H2vbfYAB,,,,2025-01-24,2025-01-24
11XVY000000ehz72AA,11WVY000000GC212AG,The Source Drop-In,Enrolled,001VY00000CGXdRYAX,,,,2025-01-24,2025-01-24
11XVY000000eiAP2AY,11WVY000000GC212AG,The Source Drop-In,Enrolled,001VY00000HIQ5YYAX,,,,2025-01-25,2025-01-25
11XVY000000eiC12AI,11WVY000000GC212AG,The Source Drop-In,Enrolled,001VY00000HFX0JYAX,,,"Interested in help finding a job, sexual health education, help getting an ID, arts, basic needs, help with housing resources, mock interviews",2025-01-25,2025-01-25
11XVY000000eyOr2AI,11WVY000000GC212AG,The Source Drop-In,Enrolled,001VY00000HWwyLYAT,,,,2025-01-30,2025-01-31
11XVY000000f8Kz2AI,11WVY000000GC212AG,The Source Drop-In,Enrolled,001VY00000HbZcxYAF,,,,2025-02-04,2025-02-05
11XVY000000f8Mb2AI,11WVY000000GC212AG,The Source Drop-In,Enrolled,001VY00000HiB4PYAV,,,,2025-02-04,2025-02-05
11XVY000000f8OD2AY,11WVY000000GC212AG,The Source Drop-In,Enrolled,001VY00000HiT7lYAF,,,,2025-02-04,2025-02-05
11XVY000000fcED2AY,11WVY000000GC212AG,The Source Drop-In,Enrolled,001VY00000I0VJDYA3,,,,2025-02-14,2025-02-14
11XVY000000fcFp2AI,11WVY000000GC212AG,The Source Drop-In,Enrolled,001VY00000I8C03YAF,,,,2025-02-14,2025-02-14
11XVY000000fu332AA,11WVY000000GC212AG,The Source Drop-In,Enrolled,001VY00000IRZIoYAP,,,,2025-02-14,2025-02-23
11XVY000000g0V32AI,11WVY000000GC212AG,The Source Drop-In,Enrolled,,,,,2025-02-25,2025-02-26
11XVY000000g6k92AA,11WVY000000GC212AG,The Source Drop-In,Enrolled,001VY00000CGXcJYAX,,,,2025-02-27,2025-02-28
11XVY000000g9zl2AA,11WVY000000GC212AG,The Source Drop-In,Enrolled,001VY00000IiWhpYAF,,,,2025-03-04,2025-03-04
11XVY000000gA2z2AE,11WVY000000GC212AG,The Source Drop-In,Enrolled,001VY00000HeN5qYAF,,,,2025-03-04,2025-03-04
11XVY000000gEY12AM,11WVY000000GC212AG,The Source Drop-In,Enrolled,001VY00000CGXdEYAX,,,,2025-03-06,2025-03-06
11XVY000000gLEX2A2,11WVY000000GC212AG,The Source Drop-In,Enrolled,001VY00000IvodeYAB,,,,2025-03-09,2025-03-09
11XVY000000gLG92AM,11WVY000000GC212AG,The Source Drop-In,Enrolled,001VY00000CGSpDYAX,,,,2025-03-03,2025-03-09
11XVY000000gjGr2AI,11WVY000000GC212AG,The Source Drop-In,Enrolled,001VY00000CGFXlYAP,,,,2025-03-19,2025-03-19
11XVY000000gjOv2AI,11WVY000000GC212AG,The Source Drop-In,Enrolled,001VY00000JFilmYAD,,,,2025-03-19,2025-03-19
11XVY000000gstd2AA,11WVY000000GC212AG,The Source Drop-In,Enrolled,001VY00000JTMTeYAP,,,,2025-03-26,2025-03-26
11XVY000000gsvF2AQ,11WVY000000GC212AG,The Source Drop-In,Enrolled,001VY00000JTNEQYA5,,,,2025-03-26,2025-03-26
11XVY000000gswr2AA,11WVY000000GC212AG,The Source Drop-In,Enrolled,001VY00000JTNhSYAX,,,,2025-03-26,2025-03-26
11XVY000000gudh2AA,11WVY000000GC212AG,The Source Drop-In,Enrolled,001VY00000JVQbIYAX,,,,2025-03-26,2025-03-26
11XVY000000h45C2AQ,11WVY000000GC212AG,The Source Drop-In,Enrolled,001VY00000CGXc2YAH,,,,2025-03-31,2025-03-31
11XVY000000hCyn2AE,11WVY000000GC212AG,The Source Drop-In,Enrolled,001VY00000JlKQ9YAN,,,,2025-04-03,2025-04-03
11XVY000000hMTV2A2,11WVY000000GC212AG,The Source Drop-In,Enrolled,001VY00000CGSpqYAH,,,,2025-04-08,2025-04-08
11XVY000000i3yH2AQ,11WVY000000GC212AG,The Source Drop-In,Enrolled,001VY00000CGRlCYAX,,,,2025-04-27,2025-04-27
11XVY000000o7EP2AY,11WVY000000GC0P2AW,The Source Outreach,Enrolled,001VY00000UG7p3YAD,,,,2025-10-12,2025-10-13
11XVY000000othF2AQ,11WVY000000GC212AG,The Source Drop-In,Enrolled,001VY00000CGSpsYAH,,,,2025-10-30,2025-10-30
11XVY0000010yq12AA,11WVY000000GC0P2AW,The Source Outreach,Enrolled,001VY00000DQ0uXYAT,,,,2025-10-20,2025-11-08
11XVY0000011doL2AQ,11WVY000000GC0P2AW,The Source Outreach,Enrolled,001VY00000CGRnoYAH,,,,2025-11-09,2025-11-09
11XVY000001P4W52AK,11WVY000000GC0P2AW,The Source Outreach,Enrolled,001VY00000CGSs0YAH,,,,2025-11-19,2025-11-20
11XVY000001TRPF2A4,11WVY000000GC0P2AW,The Source Outreach,Enrolled,001VY00000CGSp1YAH,,,,2025-09-25,2025-09-25
11XVY000001UaqH2AS,11WVY000000GC0P2AW,The Source Outreach,Enrolled,001VY00000CGSpsYAH,,,,2025-10-30,2025-10-30
11XVY000001YFDl2AO,11WVY000000GC0P2AW,The Source Outreach,Enrolled,001VY00000ChdaIYAR,,,,2025-11-20,2025-11-27
11XVY000001YGeT2AW,11WVY000000GC0P2AW,The Source Outreach,Enrolled,001VY00000Yz8bOYAR,,,,2025-11-12,2026-02-13
11XVY000002OnrF2AS,11WVY000000GC0P2AW,The Source Outreach,Enrolled,001VY00000CGSsdYAH,,,,2025-12-21,2025-12-21
11XVY000002UlBd2AK,11WVY000000GC0P2AW,The Source Outreach,Enrolled,001VY00000cKGyqYAG,,,,2025-12-30,2026-01-02
11XVY000002WN6n2AG,11WVY000000GC0P2AW,The Source Outreach,Enrolled,001VY00000cZWlWYAW,,,,2026-01-05,2026-01-06
11XVY000002d0i92AA,11WVY000000GC0P2AW,The Source Outreach,Enrolled,001VY00000CGS3HYAX,,,,2026-01-08,2026-01-09
11XVY000002iy2X2AQ,11WVY000000GC0P2AW,The Source Outreach,Enrolled,001VY00000dAOHAYA4,,,,2026-01-11,2026-01-16
11XVY000002nsxN2AQ,11WVY000000GC0P2AW,The Source Outreach,Enrolled,001VY00000CGSosYAH,,,,2026-01-15,2026-01-18
11XVY00000365T72AI,11WVY000000GC0P2AW,The Source Outreach,Enrolled,001VY00000Hf3BUYAZ,,,,2026-02-04,2026-02-04
11XVY000003WCCt2AO,11WVY000000GC0P2AW,The Source Outreach,Enrolled,001VY00000CRmJOYA1,,,,2026-02-24,2026-02-24
11XVY000003dgC92AI,11WVY000000GC0P2AW,The Source Outreach,Enrolled,001VY00000hoMmAYAU,,,,2026-03-02,2026-03-02
11XVY000003pCBt2AM,11WVY000000GC0P2AW,The Source Outreach,Enrolled,001VY00000iS7bVYAS,,,,2026-03-09,2026-03-10
11XVY000003ynU72AI,11WVY000000GC0P2AW,The Source Outreach,Enrolled,001VY00000j2rEQYAY,,,,2026-02-03,2026-03-16
11XVY000004B8Pp2AK,11WVY000000GC0P2AW,The Source Outreach,Enrolled,001VY00000jpJgFYAU,,,,2026-03-20,2026-03-24
11XVY000004KQth2AG,11WVY000000GC0P2AW,The Source Outreach,Enrolled,001VY00000CGRo9YAH,,,,2026-03-31,2026-03-31
11XVY000004SJTd2AO,11WVY000000GC0P2AW,The Source Outreach,Enrolled,001VY00000kmzd1YAA,,,,2026-04-03,2026-04-08
11XVY000004f5d32AA,11WVY000000GC212AG,The Source Drop-In,Enrolled,001VY00000CGRo9YAH,,,,2026-04-16,2026-04-18
11XVY000004f5iz2AA,11WVY000000GC212AG,The Source Drop-In,Enrolled,001VY00000Hf3BUYAZ,,,,2026-04-16,2026-04-18
11XVY000004haHF2AY,11WVY000000GC0P2AW,The Source Outreach,Enrolled,001VY00000lqQGIYA2,,,,2026-04-21,2026-04-21
11XVY000004o5IL2AY,11WVY000000GC0P2AW,The Source Outreach,Enrolled,001VY00000INIxyYAH,,,,2025-11-15,2025-11-15
11XVY000004o5Jx2AI,11WVY000000GC212AG,The Source Drop-In,Enrolled,001VY00000INIxyYAH,,,,2026-04-24,2026-04-25
11XVY000004tkpV2AQ,11WVY000000GC212AG,The Source Drop-In,Enrolled,001VY00000n9GXaYAM,,,,2026-04-29,2026-04-29
