"Name","ProgramId","BenefitTypeId","IsActive"
"BIPOC Support","11WRT0000017pV32AI","0jhRT0000000PhrYAE","true"
"Bus pass","11WRT0000017pV32AI","0jhRT0000000PhpYAE","true"
"Case Management Meeting","11WRT0000017pV32AI","0jhRT0000000PhdYAE","true"
"Community Engagement","11WRT0000017pV32AI","0jhRT0000000PhmYAE","true"
"Community Resource Navigation","11WRT0000017pV32AI","0jhRT0000000PhdYAE","true"
"Conflict Resolution Support","11WRT0000017pV32AI","0jhRT0000000PhcYAE","true"
"Education","11WRT0000017pV32AI","0jhRT0000000TTRYA2","true"
"Education Support","11WRT0000017pV32AI","0jhRT0000000PhdYAE","true"
"Emergency Service Coordination (STAR, Emergency Room/ Urgent Care support)","11WRT0000017pV32AI","0jhRT0000000PhqYAE","true"
"Emotional Processing","11WRT0000017pV32AI","0jhRT0000000PhcYAE","true"
"Employment Support","11WRT0000017pV32AI","0jhRT0000000PhbYAE","true"
"Eviction/ Mutual Rescission Support","11WRT0000017pV32AI","0jhRT0000000PhjYAE","true"
"External Medical Provider","11WRT0000017pV32AI","0jhRT0000000PhdYAE","true"
"External Professional Team","11WRT0000017pV32AI","0jhRT0000000PhdYAE","true"
"External Therapy Provider","11WRT0000017pV32AI","0jhRT0000000PhoYAE","true"
"Family Reunification Support","11WRT0000017pV32AI","0jhRT0000000PhcYAE","true"
"Financial Education and Navigation","11WRT0000017pV32AI","0jhRT0000000PhaYAE","true"
"Food Access","11WRT0000017pV32AI","0jhRT0000000PhmYAE","true"
"Food Pantry Access - Onsite","11WRT0000017pV32AI","0jhRT0000000PheYAE","true"
"GED Group","11WRT0000017pV32AI","0jhRT0000000PhaYAE","true"
"Group Support","11WRT0000017pV32AI","0jhRT0000000PhsYAE","true"
"Housekeeping","11WRT0000017pV32AI","0jhRT0000000PhjYAE","true"
"Individual Session","11WRT0000017pV32AI","0jhRT0000000PhrYAE","true"
"Individual Support","11WRT0000017pV32AI","0jhRT0000000PhmYAE","true"
"Initial Planning Meeting","11WRT0000017pV32AI","0jhRT0000000PhoYAE","true"
"Initial Planning Meeting (goal setting)","11WRT0000017pV32AI","0jhRT0000000PhdYAE","true"
"Lease Violation Meeting","11WRT0000017pV32AI","0jhRT0000000PhjYAE","true"
"Legal Support","11WRT0000017pV32AI","0jhRT0000000PhaYAE","true"
"LGBTQIA Support","11WRT0000017pV32AI","0jhRT0000000PhcYAE","true"
"Life Skills Group","11WRT0000017pV32AI","0jhRT0000000PheYAE","true"
"Meal Provided","11WRT0000017pV32AI","0jhRT0000000PheYAE","true"
"Medical, Legal, or Employment","11WRT0000017pV32AI","0jhRT0000000PhoYAE","true"
"Mental Health","11WRT0000017pV32AI","0jhRT0000000PhcYAE","true"
"Mental Health Support","11WRT0000017pV32AI","0jhRT0000000PhcYAE","true"
"Move Out Assistance","11WRT0000017pV32AI","0jhRT0000000PhjYAE","true"
"Other supports","11WRT0000017pV32AI","0jhRT0000000PhcYAE","true"
"Parenting Support","11WRT0000017pV32AI","0jhRT0000000PhcYAE","true"
"Peer Support","11WRT0000017pV32AI","0jhRT0000000PhsYAE","true"
"Peer Support Group","11WRT0000017pV32AI","0jhRT0000000TTSYA2","true"
"Physical Health","11WRT0000017pV32AI","0jhRT0000000TTRYA2","true"
"Physical/Mental Wellness - Community Outing","11WRT0000017pV32AI","0jhRT0000000PhmYAE","true"
"Point Store Access","11WRT0000017pV32AI","0jhRT0000000PheYAE","true"
"Police Interaction- Arrest","11WRT0000017pV32AI","0jhRT0000000PhqYAE","true"
"Police Interaction- General Support","11WRT0000017pV32AI","0jhRT0000000PhqYAE","true"
"Pre-Lease Violation Support","11WRT0000017pV32AI","0jhRT0000000TTUYA2","true"
"Prosocial","11WRT0000017pV32AI","0jhRT0000000PhmYAE","true"
"Public Benefits Support","11WRT0000017pV32AI","0jhRT0000000PhdYAE","true"
"Rental Assistance with Budget","11WRT0000017pV32AI","0jhRT0000000PhjYAE","true"
"Resident Advisory Council","11WRT0000017pV32AI","0jhRT0000000TTTYA2","true"
"Substance Use Support","11WRT0000017pV32AI","0jhRT0000000PhcYAE","true"
"Tenant Retention Plan","11WRT0000017pV32AI","0jhRT0000000PhjYAE","true"
"Therapeutic Group","11WRT0000017pV32AI","0jhRT0000000PhrYAE","true"
"Updates and Progress","11WRT0000017pV32AI","0jhRT0000000PhoYAE","true"
"Updates and Progress (goal setting)","11WRT0000017pV32AI","0jhRT0000000PhdYAE","true"
"Vital Document Support","11WRT0000017pV32AI","0jhRT0000000PhdYAE","true"
"Voucher Support","11WRT0000017pV32AI","0jhRT0000000PhjYAE","true"
"Wellness, Mental Health, Mindfulness and Meditation Group","11WRT0000017pV32AI","0jhRT0000000PhcYAE","true"
