Id,Name,ProcessType,UnitofMeasure.Name
0jhRT0000000PhZYAU,Housing,ProgramManagement,Bed Night
0jhRT0000000PhaYAE,Education,ProgramManagement,Case Mgmt Hour
0jhRT0000000PhbYAE,Employment,ProgramManagement,Case Mgmt Hour
0jhRT0000000PhcYAE,Social/Emotional,ProgramManagement,Case Mgmt Hour
0jhRT0000000PhdYAE,Case Management,ProgramManagement,Case Mgmt Hour
0jhRT0000000PheYAE,Basic Needs,ProgramManagement,Kit
0jhRT0000000PhfYAE,Meal,ProgramManagement,Meal
0jhRT0000000PhgYAE,Social/Emotional,ProgramManagement,Session
0jhRT0000000PhhYAE,Education Referral,ProgramManagement,Session
0jhRT0000000PhiYAE,Physical Health Referral,ProgramManagement,Session
0jhRT0000000PhjYAE,Housing Navigation,ProgramManagement,Case Mgmt Hour
0jhRT0000000PhkYAE,Goal Setting,ProgramManagement,Session
0jhRT0000000PhlYAE,Group Session,ProgramManagement,Session
0jhRT0000000PhmYAE,Community Outing,ProgramManagement,Session
0jhRT0000000PhnYAE,Family Reunification,ProgramManagement,Case Mgmt Hour
0jhRT0000000PhoYAE,Care Coordination,ProgramManagement,Case Mgmt Hour
0jhRT0000000PhpYAE,Transportation Assistance,ProgramManagement,Pass
0jhRT0000000PhqYAE,Police Intervention,ProgramManagement,Case Mgmt Hour
0jhRT0000000PhrYAE,Clinical Counseling,ProgramManagement,Case Mgmt Hour
0jhRT0000000PhsYAE,Peer Clinical,ProgramManagement,Case Mgmt Hour
0jhRT0000000TTRYA2,External Referral,ProgramManagement,Referral
0jhRT0000000TTSYA2,Peer Support,ProgramManagement,Session
0jhRT0000000TTTYA2,Group,ProgramManagement,Group Hour
0jhRT0000000TTUYA2,Housing Support,ProgramManagement,Session
0jhRT0000000YOHYA2,Diag BT,ProgramManagement,Diag UoM
