Id,Name,ProgramId,Available_for_Clinical__c,Available_for_Peer__c,Available_for_Case_Management__c,IsActive
0jiRT0000000ScxYAE,Housing,11WVY000000GC6r2AG,true,true,true,true
0jiRT0000000Sd1YAE,Mental Health Support,11WVY000000GC6r2AG,true,true,true,true
0jiRT0000000Sd6YAE,Substance Use Support,11WVY000000GC6r2AG,true,false,false,true
0jiRT0000000Sd7YAE,Conflict Resolution Support,11WVY000000GC6r2AG,true,true,true,true
0jiRT0000000Sd8YAE,Emotional Processing,11WVY000000GC6r2AG,true,true,true,true
0jiRT0000000SdBYAU,Point Store Access,11WVY000000GC6r2AG,true,true,true,true
0jiRT0000000SdCYAU,Food Pantry Access - Onsite,11WVY000000GC6r2AG,true,true,true,true
0jiRT0000000SdeYAE,Individual Session,11WVY000000GC6r2AG,true,false,false,true
0jiRT0000000SdfYAE,Substance Use Support,11WVY000000GC6r2AG,true,false,false,true
0jiRT0000000SdwYAE,Physical/Mental Wellness - Community Outing,11WVY000000GC6r2AG,true,true,true,true
0jiRT0000000SdyYAE,Individual Support,11WVY000000GC6r2AG,true,true,true,true
0jiRT0000000SfRYAU,Housing,11WVY000000GC3d2AG,true,true,true,true
0jiRT0000000SfSYAU,Education Support,11WVY000000GC3d2AG,false,false,true,true
0jiRT0000000SfTYAU,Financial Education and Navigation,11WVY000000GC3d2AG,false,false,true,true
0jiRT0000000SfUYAU,Employment Support,11WVY000000GC3d2AG,false,true,true,true
0jiRT0000000SfVYAU,Mental Health Support,11WVY000000GC3d2AG,true,true,true,true
0jiRT0000000SfWYAU,Legal Support,11WVY000000GC3d2AG,false,true,true,true
0jiRT0000000SfXYAU,Public Benefits Support,11WVY000000GC3d2AG,false,false,true,true
0jiRT0000000SfYYAU,Vital Document Support,11WVY000000GC3d2AG,false,false,true,true
0jiRT0000000SfZYAU,Parenting Support,11WVY000000GC3d2AG,false,false,true,true
0jiRT0000000SfaYAE,Substance Use Support,11WVY000000GC3d2AG,true,false,false,true
0jiRT0000000SfbYAE,Conflict Resolution Support,11WVY000000GC3d2AG,true,true,true,true
0jiRT0000000SfcYAE,Emotional Processing,11WVY000000GC3d2AG,true,true,true,true
0jiRT0000000SfdYAE,Community Resource Navigation,11WVY000000GC3d2AG,false,true,true,true
0jiRT0000000SffYAE,Point Store Access,11WVY000000GC3d2AG,true,true,true,true
0jiRT0000000SfgYAE,Food Pantry Access - Onsite,11WVY000000GC3d2AG,true,true,true,true
0jiRT0000000SfiYAE,"Emergency Service Coordination (STAR, Emergency Room/ Urgent Care support)",11WVY000000GC3d2AG,true,true,true,true
0jiRT0000000SfjYAE,Mental Health,11WVY000000GC3d2AG,true,false,true,true
0jiRT0000000SfkYAE,Education,11WVY000000GC3d2AG,false,false,true,true
0jiRT0000000SflYAE,Physical Health,11WVY000000GC3d2AG,true,false,true,true
0jiRT0000000SfmYAE,Other supports,11WVY000000GC3d2AG,false,false,true,true
0jiRT0000000SfnYAE,Pre-Lease Violation Support,11WVY000000GC3d2AG,true,true,true,true
0jiRT0000000SfoYAE,Lease Violation Meeting,11WVY000000GC3d2AG,false,false,true,true
0jiRT0000000SfpYAE,Tenant Retention Plan,11WVY000000GC3d2AG,false,false,true,true
0jiRT0000000SfqYAE,Rental Assistance with Budget,11WVY000000GC3d2AG,false,false,true,true
0jiRT0000000SfrYAE,Eviction/ Mutual Rescission Support,11WVY000000GC3d2AG,false,false,true,true
0jiRT0000000SfsYAE,Housekeeping,11WVY000000GC3d2AG,false,true,true,true
0jiRT0000000SftYAE,Voucher Support,11WVY000000GC3d2AG,false,false,true,true
0jiRT0000000SfuYAE,Move Out Assistance,11WVY000000GC3d2AG,false,false,true,true
0jiRT0000000SfvYAE,Initial Planning Meeting,11WVY000000GC3d2AG,false,true,true,true
0jiRT0000000SfwYAE,Updates and Progress,11WVY000000GC3d2AG,false,false,true,true
0jiRT0000000SfxYAE,Community Engagement,11WVY000000GC3d2AG,true,false,false,true
0jiRT0000000SfyYAE,Life Skills Group,11WVY000000GC3d2AG,true,true,true,true
0jiRT0000000SfzYAE,GED Group,11WVY000000GC3d2AG,true,true,true,true
0jiRT0000000Sg0YAE,"Wellness, Mental Health, Mindfulness and Meditation Group",11WVY000000GC3d2AG,true,true,true,true
0jiRT0000000Sg1YAE,Resident Advisory Council,11WVY000000GC3d2AG,true,true,true,true
0jiRT0000000Sg2YAE,Peer Support,11WVY000000GC3d2AG,false,true,false,true
0jiRT0000000Sg3YAE,Therapeutic Group,11WVY000000GC3d2AG,true,false,false,true
0jiRT0000000Sg5YAE,Physical/Mental Wellness - Community Outing,11WVY000000GC3d2AG,true,true,true,true
0jiRT0000000Sg6YAE,Food Access,11WVY000000GC3d2AG,false,true,true,true
0jiRT0000000Sg7YAE,Individual Support,11WVY000000GC3d2AG,true,true,true,true
0jiRT0000000Sg8YAE,Family Reunification Support,11WVY000000GC3d2AG,false,false,true,true
0jiRT0000000Sg9YAE,External Professional Team,11WVY000000GC3d2AG,false,false,true,true
0jiRT0000000SgAYAU,External Medical Provider,11WVY000000GC3d2AG,false,false,true,true
0jiRT0000000SgBYAU,External Therapy Provider,11WVY000000GC3d2AG,true,false,true,true
0jiRT0000000SgCYAU,"Medical, Legal, or Employment",11WVY000000GC3d2AG,true,true,true,true
0jiRT0000000SgDYAU,Bus pass,11WVY000000GC3d2AG,true,true,true,true
0jiRT0000000SgEYAU,Police Interaction- General Support,11WVY000000GC3d2AG,true,true,true,true
0jiRT0000000SgFYAU,Police Interaction- Arrest,11WVY000000GC3d2AG,true,true,true,true
0jiRT0000000SgGYAU,BIPOC Support,11WVY000000GC3d2AG,true,true,true,true
0jiRT0000000SgHYAU,LGBTQIA Support,11WVY000000GC3d2AG,true,true,true,true
0jiRT0000000SgIYAU,Peer Support,11WVY000000GC3d2AG,false,true,false,true
0jiRT0000000SgJYAU,Individual Session,11WVY000000GC3d2AG,true,false,false,true
0jiRT0000000SgKYAU,Substance Use Support,11WVY000000GC3d2AG,true,false,false,true
0jiRT0000000SgLYAU,Group Support,11WVY000000GC3d2AG,true,false,false,true
0jiRT0000000UhFYAU,Crisis Intervention,11WRT0000017pV32AI,true,false,true,true
0jiRT0000000UirYAE,Outreach Engagement,11WRT0000017pV32AI,true,false,true,true
0jiRT0000000UkTYAU,Screening/Assessment,11WRT0000017pV32AI,true,false,true,true
0jiRT0000000Y4vYAE,Drop-In Day,11WRT0000017pV32AI,false,false,false,true
0jiRT0000000Y9lYAE,BIPOC Support,11WVY000000GC6r2AG,true,true,true,true
0jiRT0000000Y9mYAE,Bus pass,11WVY000000GC6r2AG,true,true,true,true
0jiRT0000000Y9nYAE,Community Engagement,11WVY000000GC6r2AG,true,false,false,true
0jiRT0000000Y9oYAE,Community Resource Navigation,11WVY000000GC6r2AG,false,true,true,true
0jiRT0000000Y9pYAE,Education,11WVY000000GC6r2AG,false,false,true,true
0jiRT0000000Y9qYAE,Education Support,11WVY000000GC6r2AG,false,false,true,true
0jiRT0000000Y9rYAE,"Emergency Service Coordination (STAR, Emergency Room/ Urgent Care support)",11WVY000000GC6r2AG,true,true,true,true
0jiRT0000000Y9sYAE,Employment Support,11WVY000000GC6r2AG,false,true,true,true
0jiRT0000000Y9tYAE,Eviction/ Mutual Rescission Support,11WVY000000GC6r2AG,false,false,true,true
0jiRT0000000Y9uYAE,External Professional Team,11WVY000000GC6r2AG,false,false,true,true
0jiRT0000000Y9vYAE,External Therapy Provider,11WVY000000GC6r2AG,true,false,true,true
0jiRT0000000Y9wYAE,Family Reunification Support,11WVY000000GC6r2AG,false,false,true,true
0jiRT0000000Y9xYAE,Financial Education and Navigation,11WVY000000GC6r2AG,false,false,true,true
0jiRT0000000Y9yYAE,Food Access,11WVY000000GC6r2AG,false,true,true,true
0jiRT0000000Y9zYAE,GED Group,11WVY000000GC6r2AG,true,true,true,true
0jiRT0000000YA0YAM,Group Support,11WVY000000GC6r2AG,true,false,false,true
0jiRT0000000YA1YAM,Housekeeping,11WVY000000GC6r2AG,false,true,true,true
0jiRT0000000YA2YAM,Initial Planning Meeting (goal setting),11WVY000000GC6r2AG,false,true,true,true
0jiRT0000000YA3YAM,Lease Violation Meeting,11WVY000000GC6r2AG,false,false,true,true
0jiRT0000000YA4YAM,Legal Support,11WVY000000GC6r2AG,false,true,true,true
0jiRT0000000YA5YAM,LGBTQIA Support,11WVY000000GC6r2AG,true,true,true,true
0jiRT0000000YA6YAM,Life Skills Group,11WVY000000GC6r2AG,true,true,true,true
0jiRT0000000YA7YAM,"Medical, Legal, or Employment",11WVY000000GC6r2AG,true,true,true,true
0jiRT0000000YA8YAM,Mental Health,11WVY000000GC6r2AG,true,false,true,true
0jiRT0000000YA9YAM,Move Out Assistance,11WVY000000GC6r2AG,false,false,true,true
0jiRT0000000YAAYA2,Other supports,11WVY000000GC6r2AG,false,false,true,true
0jiRT0000000YABYA2,Parenting Support,11WVY000000GC6r2AG,false,false,true,true
0jiRT0000000YACYA2,Peer Support,11WVY000000GC6r2AG,false,true,false,true
0jiRT0000000YADYA2,Physical Health,11WVY000000GC6r2AG,false,false,true,true
0jiRT0000000YAEYA2,Police Interaction- Arrest,11WVY000000GC6r2AG,true,true,true,true
0jiRT0000000YAFYA2,Police Interaction- General Support,11WVY000000GC6r2AG,true,true,true,true
0jiRT0000000YAGYA2,Pre-Lease Violation Support,11WVY000000GC6r2AG,true,true,true,true
0jiRT0000000YAHYA2,Public Benefits Support,11WVY000000GC6r2AG,false,false,true,true
0jiRT0000000YAIYA2,Rental Assistance with Budget,11WVY000000GC6r2AG,false,false,true,true
0jiRT0000000YAJYA2,Resident Advisory Council,11WVY000000GC6r2AG,true,true,true,true
0jiRT0000000YAKYA2,Tenant Retention Plan,11WVY000000GC6r2AG,false,false,true,true
0jiRT0000000YALYA2,Therapeutic Group,11WVY000000GC6r2AG,true,false,false,true
0jiRT0000000YAMYA2,Updates and Progress (goal setting),11WVY000000GC6r2AG,false,false,true,true
0jiRT0000000YANYA2,Vital Document Support,11WVY000000GC6r2AG,false,false,true,true
0jiRT0000000YAOYA2,Voucher Support,11WVY000000GC6r2AG,false,false,true,true
0jiRT0000000YAPYA2,"Wellness, Mental Health, Mindfulness and Meditation Group",11WVY000000GC6r2AG,true,true,true,true
0jiRT0000000YBNYA2,External Medical Provider,11WVY000000GC6r2AG,false,false,true,true
0jiRT0000000YBOYA2,Peer Support Group,11WVY000000GC6r2AG,false,true,false,true
0jiRT0000000b7dYAA,BIPOC Support,11WRT0000017pV32AI,false,false,false,true
0jiRT0000000b7eYAA,Bus pass,11WRT0000017pV32AI,false,false,false,true
0jiRT0000000b7fYAA,Case Management Meeting,11WRT0000017pV32AI,false,false,false,true
0jiRT0000000b7gYAA,Community Engagement,11WRT0000017pV32AI,false,false,false,true
0jiRT0000000b7hYAA,Community Resource Navigation,11WRT0000017pV32AI,false,false,false,true
0jiRT0000000b7iYAA,Conflict Resolution Support,11WRT0000017pV32AI,false,false,false,true
0jiRT0000000b7jYAA,Education,11WRT0000017pV32AI,false,false,false,true
0jiRT0000000b7kYAA,Education Support,11WRT0000017pV32AI,false,false,false,true
0jiRT0000000b7lYAA,"Emergency Service Coordination (STAR, Emergency Room/ Urgent Care support)",11WRT0000017pV32AI,false,false,false,true
0jiRT0000000b7mYAA,Emotional Processing,11WRT0000017pV32AI,false,false,false,true
0jiRT0000000b7nYAA,Employment Support,11WRT0000017pV32AI,false,false,false,true
0jiRT0000000b7oYAA,Eviction/ Mutual Rescission Support,11WRT0000017pV32AI,false,false,false,true
0jiRT0000000b7pYAA,External Medical Provider,11WRT0000017pV32AI,false,false,false,true
0jiRT0000000b7qYAA,External Professional Team,11WRT0000017pV32AI,false,false,false,true
0jiRT0000000b7rYAA,External Therapy Provider,11WRT0000017pV32AI,false,false,false,true
0jiRT0000000b7sYAA,Family Reunification Support,11WRT0000017pV32AI,false,false,false,true
0jiRT0000000b7tYAA,Financial Education and Navigation,11WRT0000017pV32AI,false,false,false,true
0jiRT0000000b7uYAA,Food Access,11WRT0000017pV32AI,false,false,false,true
0jiRT0000000b7vYAA,Food Pantry Access - Onsite,11WRT0000017pV32AI,false,false,false,true
0jiRT0000000b7wYAA,GED Group,11WRT0000017pV32AI,false,false,false,true
0jiRT0000000b7xYAA,Group Support,11WRT0000017pV32AI,false,false,false,true
0jiRT0000000b7yYAA,Housekeeping,11WRT0000017pV32AI,false,false,false,true
0jiRT0000000b7zYAA,Individual Session,11WRT0000017pV32AI,false,false,false,true
0jiRT0000000b80YAA,Individual Support,11WRT0000017pV32AI,false,false,false,true
0jiRT0000000b81YAA,Initial Planning Meeting,11WRT0000017pV32AI,false,false,false,true
0jiRT0000000b82YAA,Initial Planning Meeting (goal setting),11WRT0000017pV32AI,false,false,false,true
0jiRT0000000b83YAA,Lease Violation Meeting,11WRT0000017pV32AI,false,false,false,true
0jiRT0000000b84YAA,Legal Support,11WRT0000017pV32AI,false,false,false,true
0jiRT0000000b85YAA,LGBTQIA Support,11WRT0000017pV32AI,false,false,false,true
0jiRT0000000b86YAA,Life Skills Group,11WRT0000017pV32AI,false,false,false,true
0jiRT0000000b87YAA,Meal Provided,11WRT0000017pV32AI,false,false,false,true
0jiRT0000000b88YAA,"Medical, Legal, or Employment",11WRT0000017pV32AI,false,false,false,true
0jiRT0000000b89YAA,Mental Health,11WRT0000017pV32AI,false,false,false,true
0jiRT0000000b8AYAQ,Mental Health Support,11WRT0000017pV32AI,false,false,false,true
0jiRT0000000b8BYAQ,Move Out Assistance,11WRT0000017pV32AI,false,false,false,true
0jiRT0000000b8CYAQ,Other supports,11WRT0000017pV32AI,false,false,false,true
0jiRT0000000b8DYAQ,Parenting Support,11WRT0000017pV32AI,false,false,false,true
0jiRT0000000b8EYAQ,Peer Support,11WRT0000017pV32AI,false,false,false,true
0jiRT0000000b8FYAQ,Peer Support Group,11WRT0000017pV32AI,false,false,false,true
0jiRT0000000b8GYAQ,Physical Health,11WRT0000017pV32AI,false,false,false,true
0jiRT0000000b8HYAQ,Physical/Mental Wellness - Community Outing,11WRT0000017pV32AI,false,false,false,true
0jiRT0000000b8IYAQ,Point Store Access,11WRT0000017pV32AI,false,false,false,true
0jiRT0000000b8JYAQ,Police Interaction- Arrest,11WRT0000017pV32AI,false,false,false,true
0jiRT0000000b8KYAQ,Police Interaction- General Support,11WRT0000017pV32AI,false,false,false,true
0jiRT0000000b8LYAQ,Pre-Lease Violation Support,11WRT0000017pV32AI,false,false,false,true
0jiRT0000000b8MYAQ,Prosocial,11WRT0000017pV32AI,false,false,false,true
0jiRT0000000b8NYAQ,Public Benefits Support,11WRT0000017pV32AI,false,false,false,true
0jiRT0000000b8OYAQ,Rental Assistance with Budget,11WRT0000017pV32AI,false,false,false,true
0jiRT0000000b8PYAQ,Resident Advisory Council,11WRT0000017pV32AI,false,false,false,true
0jiRT0000000b8QYAQ,Substance Use Support,11WRT0000017pV32AI,false,false,false,true
0jiRT0000000b8RYAQ,Tenant Retention Plan,11WRT0000017pV32AI,false,false,false,true
0jiRT0000000b8SYAQ,Therapeutic Group,11WRT0000017pV32AI,false,false,false,true
0jiRT0000000b8TYAQ,Updates and Progress,11WRT0000017pV32AI,false,false,false,true
0jiRT0000000b8UYAQ,Updates and Progress (goal setting),11WRT0000017pV32AI,false,false,false,true
0jiRT0000000b8VYAQ,Vital Document Support,11WRT0000017pV32AI,false,false,false,true
0jiRT0000000b8WYAQ,Voucher Support,11WRT0000017pV32AI,false,false,false,true
0jiRT0000000b8XYAQ,"Wellness, Mental Health, Mindfulness and Meditation Group",11WRT0000017pV32AI,false,false,false,true
