Name,ProgramId
Housing,11WVY000000GC6r2AG
Education Support,11WVY000000GC6r2AG
Financial Education and Navigation,11WVY000000GC6r2AG
Employment Support,11WVY000000GC6r2AG
Mental Health Support,11WVY000000GC6r2AG
Legal Support,11WVY000000GC6r2AG
Public Benefits Support,11WVY000000GC6r2AG
Vital Document Support,11WVY000000GC6r2AG
Parenting Support,11WVY000000GC6r2AG
Substance Use Support,11WVY000000GC6r2AG
Conflict Resolution Support,11WVY000000GC6r2AG
Emotional Processing,11WVY000000GC6r2AG
Community Resource Navigation,11WVY000000GC6r2AG
Case Management Meeting,11WVY000000GC6r2AG
Point Store Access,11WVY000000GC6r2AG
Food Pantry Access - Onsite,11WVY000000GC6r2AG
Meal Provided,11WVY000000GC6r2AG
"Emergency Service Coordination (STAR, Emergency Room/ Urgent Care support)",11WVY000000GC6r2AG
Mental Health,11WVY000000GC6r2AG
Education,11WVY000000GC6r2AG
Other supports,11WVY000000GC6r2AG
Pre-Lease Violation Support,11WVY000000GC6r2AG
Lease Violation Meeting,11WVY000000GC6r2AG
Tenant Retention Plan,11WVY000000GC6r2AG
Rental Assistance with Budget,11WVY000000GC6r2AG
Eviction/ Mutual Rescission Support,11WVY000000GC6r2AG
Housekeeping,11WVY000000GC6r2AG
Voucher Support,11WVY000000GC6r2AG
Move Out Assistance,11WVY000000GC6r2AG
Life Skills Group,11WVY000000GC6r2AG
GED Group,11WVY000000GC6r2AG
"Wellness, Mental Health, Mindfulness and Meditation Group",11WVY000000GC6r2AG
Therapeutic Group,11WVY000000GC6r2AG
Family Reunification Support,11WVY000000GC6r2AG
External Professional Team,11WVY000000GC6r2AG
External Medical Provider,11WVY000000GC6r2AG
External Therapy Provider,11WVY000000GC6r2AG
Bus pass,11WVY000000GC6r2AG
Police Interaction- General Support,11WVY000000GC6r2AG
Police Interaction- Arrest,11WVY000000GC6r2AG
BIPOC Support,11WVY000000GC6r2AG
LGBTQIA Support,11WVY000000GC6r2AG
Peer Support,11WVY000000GC6r2AG
Individual Session,11WVY000000GC6r2AG
Substance Use Support,11WVY000000GC6r2AG
Group Support,11WVY000000GC6r2AG
Physical Health,11WVY000000GC6r2AG
Initial Planning Meeting,11WVY000000GC6r2AG
Updates and Progress,11WVY000000GC6r2AG
Community Engagement,11WVY000000GC6r2AG
Resident Advisory Council,11WVY000000GC6r2AG
Peer Support,11WVY000000GC6r2AG
Prosocial,11WVY000000GC6r2AG
Physical/Mental Wellness - Community Outing,11WVY000000GC6r2AG
Food Access,11WVY000000GC6r2AG
Individual Support,11WVY000000GC6r2AG
"Medical, Legal, or Employment",11WVY000000GC6r2AG
Housing,11WVY000000GC3d2AG
Education Support,11WVY000000GC3d2AG
Financial Education and Navigation,11WVY000000GC3d2AG
Employment Support,11WVY000000GC3d2AG
Mental Health Support,11WVY000000GC3d2AG
Legal Support,11WVY000000GC3d2AG
Public Benefits Support,11WVY000000GC3d2AG
Vital Document Support,11WVY000000GC3d2AG
Parenting Support,11WVY000000GC3d2AG
Substance Use Support,11WVY000000GC3d2AG
Conflict Resolution Support,11WVY000000GC3d2AG
Emotional Processing,11WVY000000GC3d2AG
Community Resource Navigation,11WVY000000GC3d2AG
Case Management Meeting,11WVY000000GC3d2AG
Point Store Access,11WVY000000GC3d2AG
Food Pantry Access - Onsite,11WVY000000GC3d2AG
Meal Provided,11WVY000000GC3d2AG
"Emergency Service Coordination (STAR, Emergency Room/ Urgent Care support)",11WVY000000GC3d2AG
Mental Health,11WVY000000GC3d2AG
Education,11WVY000000GC3d2AG
Physical Health,11WVY000000GC3d2AG
Other supports,11WVY000000GC3d2AG
Pre-Lease Violation Support,11WVY000000GC3d2AG
Lease Violation Meeting,11WVY000000GC3d2AG
Tenant Retention Plan,11WVY000000GC3d2AG
Rental Assistance with Budget,11WVY000000GC3d2AG
Eviction/ Mutual Rescission Support,11WVY000000GC3d2AG
Housekeeping,11WVY000000GC3d2AG
Voucher Support,11WVY000000GC3d2AG
Move Out Assistance,11WVY000000GC3d2AG
Initial Planning Meeting,11WVY000000GC3d2AG
Updates and Progress,11WVY000000GC3d2AG
Community Engagement,11WVY000000GC3d2AG
Life Skills Group,11WVY000000GC3d2AG
GED Group,11WVY000000GC3d2AG
"Wellness, Mental Health, Mindfulness and Meditation Group",11WVY000000GC3d2AG
Resident Advisory Council,11WVY000000GC3d2AG
Peer Support,11WVY000000GC3d2AG
Therapeutic Group,11WVY000000GC3d2AG
Prosocial,11WVY000000GC3d2AG
Physical/Mental Wellness - Community Outing,11WVY000000GC3d2AG
Food Access,11WVY000000GC3d2AG
Individual Support,11WVY000000GC3d2AG
Family Reunification Support,11WVY000000GC3d2AG
External Professional Team,11WVY000000GC3d2AG
External Medical Provider,11WVY000000GC3d2AG
External Therapy Provider,11WVY000000GC3d2AG
"Medical, Legal, or Employment",11WVY000000GC3d2AG
Bus pass,11WVY000000GC3d2AG
Police Interaction- General Support,11WVY000000GC3d2AG
Police Interaction- Arrest,11WVY000000GC3d2AG
BIPOC Support,11WVY000000GC3d2AG
LGBTQIA Support,11WVY000000GC3d2AG
Peer Support,11WVY000000GC3d2AG
Individual Session,11WVY000000GC3d2AG
Substance Use Support,11WVY000000GC3d2AG
Group Support,11WVY000000GC3d2AG
Crisis Intervention,11WRT0000017pV32AI
Outreach Engagement,11WRT0000017pV32AI
Screening/Assessment,11WRT0000017pV32AI
Drop-In Day,11WRT0000017pV32AI
BIPOC Support,11WVY000000GC6r2AG
Bus pass,11WVY000000GC6r2AG
Community Engagement,11WVY000000GC6r2AG
Community Resource Navigation,11WVY000000GC6r2AG
Education,11WVY000000GC6r2AG
Education Support,11WVY000000GC6r2AG
"Emergency Service Coordination (STAR, Emergency Room/ Urgent Care support)",11WVY000000GC6r2AG
Employment Support,11WVY000000GC6r2AG
Eviction/ Mutual Rescission Support,11WVY000000GC6r2AG
External Professional Team,11WVY000000GC6r2AG
External Therapy Provider,11WVY000000GC6r2AG
Family Reunification Support,11WVY000000GC6r2AG
Financial Education and Navigation,11WVY000000GC6r2AG
Food Access,11WVY000000GC6r2AG
GED Group,11WVY000000GC6r2AG
Group Support,11WVY000000GC6r2AG
Housekeeping,11WVY000000GC6r2AG
Initial Planning Meeting (goal setting),11WVY000000GC6r2AG
Lease Violation Meeting,11WVY000000GC6r2AG
Legal Support,11WVY000000GC6r2AG
LGBTQIA Support,11WVY000000GC6r2AG
Life Skills Group,11WVY000000GC6r2AG
"Medical, Legal, or Employment",11WVY000000GC6r2AG
Mental Health,11WVY000000GC6r2AG
Move Out Assistance,11WVY000000GC6r2AG
Other supports,11WVY000000GC6r2AG
Parenting Support,11WVY000000GC6r2AG
Peer Support,11WVY000000GC6r2AG
Physical Health,11WVY000000GC6r2AG
Police Interaction- Arrest,11WVY000000GC6r2AG
Police Interaction- General Support,11WVY000000GC6r2AG
Pre-Lease Violation Support,11WVY000000GC6r2AG
Public Benefits Support,11WVY000000GC6r2AG
Rental Assistance with Budget,11WVY000000GC6r2AG
Resident Advisory Council,11WVY000000GC6r2AG
Tenant Retention Plan,11WVY000000GC6r2AG
Therapeutic Group,11WVY000000GC6r2AG
Updates and Progress (goal setting),11WVY000000GC6r2AG
Vital Document Support,11WVY000000GC6r2AG
Voucher Support,11WVY000000GC6r2AG
"Wellness, Mental Health, Mindfulness and Meditation Group",11WVY000000GC6r2AG
External Medical Provider,11WVY000000GC6r2AG
Peer Support Group,11WVY000000GC6r2AG
BIPOC Support,11WRT0000017pV32AI
Bus pass,11WRT0000017pV32AI
Case Management Meeting,11WRT0000017pV32AI
Community Engagement,11WRT0000017pV32AI
Community Resource Navigation,11WRT0000017pV32AI
Conflict Resolution Support,11WRT0000017pV32AI
Education,11WRT0000017pV32AI
Education Support,11WRT0000017pV32AI
"Emergency Service Coordination (STAR, Emergency Room/ Urgent Care support)",11WRT0000017pV32AI
Emotional Processing,11WRT0000017pV32AI
Employment Support,11WRT0000017pV32AI
Eviction/ Mutual Rescission Support,11WRT0000017pV32AI
External Medical Provider,11WRT0000017pV32AI
External Professional Team,11WRT0000017pV32AI
External Therapy Provider,11WRT0000017pV32AI
Family Reunification Support,11WRT0000017pV32AI
Financial Education and Navigation,11WRT0000017pV32AI
Food Access,11WRT0000017pV32AI
Food Pantry Access - Onsite,11WRT0000017pV32AI
GED Group,11WRT0000017pV32AI
Group Support,11WRT0000017pV32AI
Housekeeping,11WRT0000017pV32AI
Individual Session,11WRT0000017pV32AI
Individual Support,11WRT0000017pV32AI
Initial Planning Meeting,11WRT0000017pV32AI
Initial Planning Meeting (goal setting),11WRT0000017pV32AI
Lease Violation Meeting,11WRT0000017pV32AI
Legal Support,11WRT0000017pV32AI
LGBTQIA Support,11WRT0000017pV32AI
Life Skills Group,11WRT0000017pV32AI
Meal Provided,11WRT0000017pV32AI
"Medical, Legal, or Employment",11WRT0000017pV32AI
Mental Health,11WRT0000017pV32AI
Mental Health Support,11WRT0000017pV32AI
Move Out Assistance,11WRT0000017pV32AI
Other supports,11WRT0000017pV32AI
Parenting Support,11WRT0000017pV32AI
Peer Support,11WRT0000017pV32AI
Peer Support Group,11WRT0000017pV32AI
Physical Health,11WRT0000017pV32AI
Physical/Mental Wellness - Community Outing,11WRT0000017pV32AI
Point Store Access,11WRT0000017pV32AI
Police Interaction- Arrest,11WRT0000017pV32AI
Police Interaction- General Support,11WRT0000017pV32AI
Pre-Lease Violation Support,11WRT0000017pV32AI
Prosocial,11WRT0000017pV32AI
Public Benefits Support,11WRT0000017pV32AI
Rental Assistance with Budget,11WRT0000017pV32AI
Resident Advisory Council,11WRT0000017pV32AI
Substance Use Support,11WRT0000017pV32AI
Tenant Retention Plan,11WRT0000017pV32AI
Therapeutic Group,11WRT0000017pV32AI
Updates and Progress,11WRT0000017pV32AI
Updates and Progress (goal setting),11WRT0000017pV32AI
Vital Document Support,11WRT0000017pV32AI
Voucher Support,11WRT0000017pV32AI
"Wellness, Mental Health, Mindfulness and Meditation Group",11WRT0000017pV32AI
